pSymbol,pGroup,pExchSeg,pInstType,pSymbolName,pTrdSymbol,pOptionType,pScripRefKey,pISIN,pAssetCode,pSubGroup,pCombinedSymbol,pDesc,pAmcCode,pContractId,dTickSize ,lLotSize,lExpiryDate ,lMultiplier ,lPrecision,dStrikePrice;,pExchange,pInstName,pExpiryDate,pIssueDate,pMaturityDate,pListingDate,pNoDelStartDate,pNoDelEndDate,pBookClsStartDate,pBookClsEndDate,pRecordDate,pCreditRating,pReAdminDate,pExpulsionDate,pLocalUpdateTime,pDeliveryUnits,pPriceUnits,pLastTradingDate,pTenderPeridEndDate,pTenderPeridStartDate,pSellVarMargin,pBuyVarMargin,pInstrumentInfo,pRemarksText,pSegment,pNav,pNavDate,pMfAmt,pSipSecurity,pFaceValue,pTrdUnits,pExerciseStartDate,pExerciseEndDate,pElmMargin,pVarMargin,pTotProposedLimitValue,pScripBasePrice,pSettlementType,pCurrectionTime,iPermittedToTrade,iBoardLotQty ,iMaxOrderSize ,iLotSize,dOpenInterest ,dHighPriceRange ,dLowPriceRange ,dPriceNum   ,dGenDen,dGenNum,dPriceQuatation ,dIssuerate ,dPriceDen,dWarningQty ,dIssueCapital ,dExposureMargin ,dMinRedemptionQty ,lFreezeQty
883663,,bse_fo,IO,SENSEX,SENSEX2631967900CE,CE,SENSEX19MAR2667900.00CE,,1,,,SENSEX2631967900CE,,,5,20,1773944999,1,2,6790000.0,BSE,IO,1773944999,,,,,,,,,,,,,,,,,,,,,,FO,,,,,,,1773878400,1773878400,,,,,Cash,,0,1,0.0,20,0,911850.0,433520.0,1,1,1,0,0,1,0,-1,1,0,1000
849995,,bse_fo,IO,SENSEX,SENSEX2631982800CE,CE,SENSEX19MAR2682800.00CE,,1,,,SENSEX2631982800CE,,,5,20,1773944999,1,2,8280000.0,BSE,IO,1773944999,,,,,,,,,,,,,,,,,,,,,,FO,,,,,,,1773878400,1773878400,,,,,Cash,,0,1,0.0,20,2920,2005.0,755.0,1,1,1,0,0,1,0,-1,1,0,1000
851560,,bse_fo,IO,SENSEX,SENSEX2631990200CE,CE,SENSEX19MAR2690200.00CE,,1,,,SENSEX2631990200CE,,,5,20,1773944999,1,2,9020000.0,BSE,IO,1773944999,,,,,,,,,,,,,,,,,,,,,,FO,,,,,,,1773878400,1773878400,,,,,Cash,,0,1,0.0,20,3660,2005.0,5.0,1,1,1,0,0,1,0,-1,1,0,1000
849945,,bse_fo,IO,SENSEX,SENSEX2631988800CE,CE,SENSEX19MAR2688800.00CE,,1,,,SENSEX2631988800CE,,,5,20,1773944999,1,2,8880000.0,BSE,IO,1773944999,,,,,,,,,,,,,,,,,,,,,,FO,,,,,,,1773878400,1773878400,,,,,Cash,,0,1,0.0,20,160,2005.0,20.0,1,1,1,0,0,1,0,-1,1,0,1000
854175,,bse_fo,IO,SENSEX,SENSEX2631977300CE,CE,SENSEX19MAR2677300.00CE,,1,,,SENSEX2631977300CE,,,5,20,1773944999,1,2,7730000.0,BSE,IO,1773944999,,,,,,,,,,,,,,,,,,,,,,FO,,,,,,,1773878400,1773878400,,,,,Cash,,0,1,0.0,20,53800,30370.0,10850.0,1,1,1,0,0,1,0,-1,1,0,1000
852315,,bse_fo,IO,SENSEX,SENSEX2631990700PE,PE,SENSEX19MAR2690700.00PE,,1,,,SENSEX2631990700PE,,,5,20,1773944999,1,2,9070000.0,BSE,IO,1773944999,,,,,,,,,,,,,,,,,,,,,,FO,,,,,,,1773878400,1773878400,,,,,Cash,,0,1,0.0,20,0,1844570.0,1366240.0,1,1,1,0,0,1,0,-1,1,0,1000
852736,,bse_fo,IO,SENSEX,SENSEX2631973900CE,CE,SENSEX19MAR2673900.00CE,,1,,,SENSEX2631973900CE,,,5,20,1773944999,1,2,7390000.0,BSE,IO,1773944999,,,,,,,,,,,,,,,,,,,,,,FO,,,,,,,1773878400,1773878400,,,,,Cash,,0,1,0.0,20,7840,316485.0,5.0,1,1,1,0,0,1,0,-1,1,0,1000
856567,,bse_fo,IO,SENSEX,SENSEX2631981500PE,PE,SENSEX19MAR2681500.00PE,,1,,,SENSEX2631981500PE,,,5,20,1773944999,1,2,8150000.0,BSE,IO,1773944999,,,,,,,,,,,,,,,,,,,,,,FO,,,,,,,1773878400,1773878400,,,,,Cash,,0,1,0.0,20,4180,914160.0,435830.0,1,1,1,0,0,1,0,-1,1,0,1000
848914,,bse_fo,IO,SENSEX,SENSEX2631981700PE,PE,SENSEX19MAR2681700.00PE,,1,,,SENSEX2631981700PE,,,5,20,1773944999,1,2,8170000.0,BSE,IO,1773944999,,,,,,,,,,,,,,,,,,,,,,FO,,,,,,,1773878400,1773878400,,,,,Cash,,0,1,0.0,20,0,945650.0,467320.0,1,1,1,0,0,1,0,-1,1,0,1000
862451,,bse_fo,IO,SENSEX,SENSEX2631993400CE,CE,SENSEX19MAR2693400.00CE,,1,,,SENSEX2631993400CE,,,5,20,1773944999,1,2,9340000.0,BSE,IO,1773944999,,,,,,,,,,,,,,,,,,,,,,FO,,,,,,,1773878400,1773878400,,,,,Cash,,1,1,0.0,20,0,2005.0,5.0,1,1,1,0,0,1,0,-1,1,0,1000
860392,,bse_fo,IO,SENSEX,SENSEX2631992900CE,CE,SENSEX19MAR2692900.00CE,,1,,,SENSEX2631992900CE,,,5,20,1773944999,1,2,9290000.0,BSE,IO,1773944999,,,,,,,,,,,,,,,,,,,,,,FO,,,,,,,1773878400,1773878400,,,,,Cash,,1,1,0.0,20,0,2005.0,5.0,1,1,1,0,0,1,0,-1,1,0,1000
851205,,bse_fo,IO,SENSEX,SENSEX2631984900PE,PE,SENSEX19MAR2684900.00PE,,1,,,SENSEX2631984900PE,,,5,20,1773944999,1,2,8490000.0,BSE,IO,1773944999,,,,,,,,,,,,,,,,,,,,,,FO,,,,,,,1773878400,1773878400,,,,,Cash,,0,1,0.0,20,0,1265100.0,786770.0,1,1,1,0,0,1,0,-1,1,0,1000
885201,,bse_fo,IO,SENSEX,SENSEX2631966400PE,PE,SENSEX19MAR2666400.00PE,,1,,,SENSEX2631966400PE,,,5,20,1773944999,1,2,6640000.0,BSE,IO,1773944999,,,,,,,,,,,,,,,,,,,,,,FO,,,,,,,1773878400,1773878400,,,,,Cash,,1,1,0.0,20,0,2005.0,5.0,1,1,1,0,0,1,0,-1,1,0,1000
856570,,bse_fo,IO,SENSEX,SENSEX2631983800PE,PE,SENSEX19MAR2683800.00PE,,1,,,SENSEX2631983800PE,,,5,20,1773944999,1,2,8380000.0,BSE,IO,1773944999,,,,,,,,,,,,,,,,,,,,,,FO,,,,,,,1773878400,1773878400,,,,,Cash,,0,1,0.0,20,0,1155210.0,676880.0,1,1,1,0,0,1,0,-1,1,0,1000
854496,,bse_fo,IO,SENSEX,SENSEX2631987600PE,PE,SENSEX19MAR2687600.00PE,,1,,,SENSEX2631987600PE,,,5,20,1773944999,1,2,8760000.0,BSE,IO,1773944999,,,,,,,,,,,,,,,,,,,,,,FO,,,,,,,1773878400,1773878400,,,,,Cash,,0,1,0.0,20,0,1534850.0,1056520.0,1,1,1,0,0,1,0,-1,1,0,1000
854714,,bse_fo,IO,SENSEX,SENSEX2631982200PE,PE,SENSEX19MAR2682200.00PE,,1,,,SENSEX2631982200PE,,,5,20,1773944999,1,2,8220000.0,BSE,IO,1773944999,,,,,,,,,,,,,,,,,,,,,,FO,,,,,,,1773878400,1773878400,,,,,Cash,,0,1,0.0,20,100,995480.0,517150.0,1,1,1,0,0,1,0,-1,1,0,1000
860330,,bse_fo,IO,SENSEX,SENSEX2631992700CE,CE,SENSEX19MAR2692700.00CE,,1,,,SENSEX2631992700CE,,,5,20,1773944999,1,2,9270000.0,BSE,IO,1773944999,,,,,,,,,,,,,,,,,,,,,,FO,,,,,,,1773878400,1773878400,,,,,Cash,,0,1,0.0,20,1040,2005.0,5.0,1,1,1,0,0,1,0,-1,1,0,1000
851076,,bse_fo,IO,SENSEX,SENSEX2631976300PE,PE,SENSEX19MAR2676300.00PE,,1,,,SENSEX2631976300PE,,,5,20,1773944999,1,2,7630000.0,BSE,IO,1773944999,,,,,,,,,,,,,,,,,,,,,,FO,,,,,,,1773878400,1773878400,,,,,Cash,,0,1,0.0,20,19780,411620.0,480.0,1,1,1,0,0,1,0,-1,1,0,1000
883281,,bse_fo,IO,SENSEX,SENSEX2631968500PE,PE,SENSEX19MAR2668500.00PE,,1,,,SENSEX2631968500PE,,,5,20,1773944999,1,2,6850000.0,BSE,IO,1773944999,,,,,,,,,,,,,,,,,,,,,,FO,,,,,,,1773878400,1773878400,,,,,Cash,,0,1,0.0,20,150820,7650.0,7055.0,1,1,1,0,0,1,0,-1,1,0,1000
858238,,bse_fo,IO,SENSEX,SENSEX2631971200PE,PE,SENSEX19MAR2671200.00PE,,1,,,SENSEX2631971200PE,,,5,20,1773944999,1,2,7120000.0,BSE,IO,1773944999,,,,,,,,,,,,,,,,,,,,,,FO,,,,,,,1773878400,1773878400,,,,,Cash,,0,1,0.0,20,46040,25470.0,22000.0,1,1,1,0,0,1,0,-1,1,0,1000
860194,,bse_fo,IO,SENSEX,SENSEX2631993000PE,PE,SENSEX19MAR2693000.00PE,,1,,,SENSEX2631993000PE,,,5,20,1773944999,1,2,9300000.0,BSE,IO,1773944999,,,,,,,,,,,,,,,,,,,,,,FO,,,,,,,1773878400,1773878400,,,,,Cash,,1,1,0.0,20,0,2074360.0,1596040.0,1,1,1,0,0,1,0,-1,1,0,1000
854814,,bse_fo,IO,SENSEX,SENSEX2631981500CE,CE,SENSEX19MAR2681500.00CE,,1,,,SENSEX2631981500CE,,,5,20,1773944999,1,2,8150000.0,BSE,IO,1773944999,,,,,,,,,,,,,,,,,,,,,,FO,,,,,,,1773878400,1773878400,,,,,Cash,,0,1,0.0,20,101320,2065.0,1470.0,1,1,1,0,0,1,0,-1,1,0,1000
849403,,bse_fo,IO,SENSEX,SENSEX2631981900PE,PE,SENSEX19MAR2681900.00PE,,1,,,SENSEX2631981900PE,,,5,20,1773944999,1,2,8190000.0,BSE,IO,1773944999,,,,,,,,,,,,,,,,,,,,,,FO,,,,,,,1773878400,1773878400,,,,,Cash,,0,1,0.0,20,0,965575.0,487245.0,1,1,1,0,0,1,0,-1,1,0,1000
852529,,bse_fo,IO,SENSEX,SENSEX2631992000CE,CE,SENSEX19MAR2692000.00CE,,1,,,SENSEX2631992000CE,,,5,20,1773944999,1,2,9200000.0,BSE,IO,1773944999,,,,,,,,,,,,,,,,,,,,,,FO,,,,,,,1773878400,1773878400,,,,,Cash,,0,1,0.0,20,8460,2005.0,5.0,1,1,1,0,0,1,0,-1,1,0,1000
863016,,bse_fo,IO,SENSEX,SENSEX2631993700PE,PE,SENSEX19MAR2693700.00PE,,1,,,SENSEX2631993700PE,,,5,20,1773944999,1,2,9370000.0,BSE,IO,1773944999,,,,,,,,,,,,,,,,,,,,,,FO,,,,,,,1773878400,1773878400,,,,,Cash,,1,1,0.0,20,0,2144300.0,1665970.0,1,1,1,0,0,1,0,-1,1,0,1000
880132,,bse_fo,IO,SENSEX,SENSEX2631969900PE,PE,SENSEX19MAR2669900.00PE,,1,,,SENSEX2631969900PE,,,5,20,1773944999,1,2,6990000.0,BSE,IO,1773944999,,,,,,,,,,,,,,,,,,,,,,FO,,,,,,,1773878400,1773878400,,,,,Cash,,0,1,0.0,20,8560,13830.0,13235.0,1,1,1,0,0,1,0,-1,1,0,1000
854202,,bse_fo,IO,SENSEX,SENSEX2631984300PE,PE,SENSEX19MAR2684300.00PE,,1,,,SENSEX2631984300PE,,,5,20,1773944999,1,2,8430000.0,BSE,IO,1773944999,,,,,,,,,,,,,,,,,,,,,,FO,,,,,,,1773878400,1773878400,,,,,Cash,,0,1,0.0,20,0,1205160.0,726830.0,1,1,1,0,0,1,0,-1,1,0,1000
849887,,bse_fo,IO,SENSEX,SENSEX2631983500PE,PE,SENSEX19MAR2683500.00PE,,1,,,SENSEX2631983500PE,,,5,20,1773944999,1,2,8350000.0,BSE,IO,1773944999,,,,,,,,,,,,,,,,,,,,,,FO,,,,,,,1773878400,1773878400,,,,,Cash,,0,1,0.0,20,1100,1125250.0,646920.0,1,1,1,0,0,1,0,-1,1,0,1000
853661,,bse_fo,IO,SENSEX,SENSEX2631977100CE,CE,SENSEX19MAR2677100.00CE,,1,,,SENSEX2631977100CE,,,5,20,1773944999,1,2,7710000.0,BSE,IO,1773944999,,,,,,,,,,,,,,,,,,,,,,FO,,,,,,,1773878400,1773878400,,,,,Cash,,0,1,0.0,20,49080,36295.0,10575.0,1,1,1,0,0,1,0,-1,1,0,1000
853274,,bse_fo,IO,SENSEX,SENSEX2631990200PE,PE,SENSEX19MAR2690200.00PE,,1,,,SENSEX2631990200PE,,,5,20,1773944999,1,2,9020000.0,BSE,IO,1773944999,,,,,,,,,,,,,,,,,,,,,,FO,,,,,,,1773878400,1773878400,,,,,Cash,,0,1,0.0,20,0,1794620.0,1316280.0,1,1,1,0,0,1,0,-1,1,0,1000
885147,,bse_fo,IO,SENSEX,SENSEX2631966100CE,CE,SENSEX19MAR2666100.00CE,,1,,,SENSEX2631966100CE,,,5,20,1773944999,1,2,6610000.0,BSE,IO,1773944999,,,,,,,,,,,,,,,,,,,,,,FO,,,,,,,1773878400,1773878400,,,,,Cash,,1,1,0.0,20,0,1088540.0,610215.0,1,1,1,0,0,1,0,-1,1,0,1000
849580,,bse_fo,IO,SENSEX,SENSEX2631978900PE,PE,SENSEX19MAR2678900.00PE,,1,,,SENSEX2631978900PE,,,5,20,1773944999,1,2,7890000.0,BSE,IO,1773944999,,,,,,,,,,,,,,,,,,,,,,FO,,,,,,,1773878400,1773878400,,,,,Cash,,0,1,0.0,20,2740,611520.0,134470.0,1,1,1,0,0,1,0,-1,1,0,1000
882210,,bse_fo,IO,SENSEX,SENSEX2631968600PE,PE,SENSEX19MAR2668600.00PE,,1,,,SENSEX2631968600PE,,,5,20,1773944999,1,2,6860000.0,BSE,IO,1773944999,,,,,,,,,,,,,,,,,,,,,,FO,,,,,,,1773878400,1773878400,,,,,Cash,,0,1,0.0,20,0,2005.0,140.0,1,1,1,0,0,1,0,-1,1,0,1000
851808,,bse_fo,IO,SENSEX,SENSEX2631990500PE,PE,SENSEX19MAR2690500.00PE,,1,,,SENSEX2631990500PE,,,5,20,1773944999,1,2,9050000.0,BSE,IO,1773944999,,,,,,,,,,,,,,,,,,,,,,FO,,,,,,,1773878400,1773878400,,,,,Cash,,0,1,0.0,20,0,1824590.0,1346260.0,1,1,1,0,0,1,0,-1,1,0,1000
853796,,bse_fo,IO,SENSEX,SENSEX2631990400PE,PE,SENSEX19MAR2690400.00PE,,1,,,SENSEX2631990400PE,,,5,20,1773944999,1,2,9040000.0,BSE,IO,1773944999,,,,,,,,,,,,,,,,,,,,,,FO,,,,,,,1773878400,1773878400,,,,,Cash,,0,1,0.0,20,0,1814600.0,1336270.0,1,1,1,0,0,1,0,-1,1,0,1000
859160,,bse_fo,IO,SENSEX,SENSEX2631971600PE,PE,SENSEX19MAR2671600.00PE,,1,,,SENSEX2631971600PE,,,5,20,1773944999,1,2,7160000.0,BSE,IO,1773944999,,,,,,,,,,,,,,,,,,,,,,FO,,,,,,,1773878400,1773878400,,,,,Cash,,0,1,0.0,20,17540,31565.0,24185.0,1,1,1,0,0,1,0,-1,1,0,1000
849241,,bse_fo,IO,SENSEX,SENSEX2631991600CE,CE,SENSEX19MAR2691600.00CE,,1,,,SENSEX2631991600CE,,,5,20,1773944999,1,2,9160000.0,BSE,IO,1773944999,,,,,,,,,,,,,,,,,,,,,,FO,,,,,,,1773878400,1773878400,,,,,Cash,,0,1,0.0,20,500,2005.0,5.0,1,1,1,0,0,1,0,-1,1,0,1000
886634,,bse_fo,IO,SENSEX,SENSEX2631966400CE,CE,SENSEX19MAR2666400.00CE,,1,,,SENSEX2631966400CE,,,5,20,1773944999,1,2,6640000.0,BSE,IO,1773944999,,,,,,,,,,,,,,,,,,,,,,FO,,,,,,,1773878400,1773878400,,,,,Cash,,1,1,0.0,20,0,1058560.0,580225.0,1,1,1,0,0,1,0,-1,1,0,1000
856007,,bse_fo,IO,SENSEX,SENSEX2631976600CE,CE,SENSEX19MAR2676600.00CE,,1,,,SENSEX2631976600CE,,,5,20,1773944999,1,2,7660000.0,BSE,IO,1773944999,,,,,,,,,,,,,,,,,,,,,,FO,,,,,,,1773878400,1773878400,,,,,Cash,,0,1,0.0,20,42860,55580.0,7460.0,1,1,1,0,0,1,0,-1,1,0,1000
853787,,bse_fo,IO,SENSEX,SENSEX2631985700CE,CE,SENSEX19MAR2685700.00CE,,1,,,SENSEX2631985700CE,,,5,20,1773944999,1,2,8570000.0,BSE,IO,1773944999,,,,,,,,,,,,,,,,,,,,,,FO,,,,,,,1773878400,1773878400,,,,,Cash,,0,1,0.0,20,40,2005.0,170.0,1,1,1,0,0,1,0,-1,1,0,1000
860598,,bse_fo,IO,SENSEX,SENSEX2631992900PE,PE,SENSEX19MAR2692900.00PE,,1,,,SENSEX2631992900PE,,,5,20,1773944999,1,2,9290000.0,BSE,IO,1773944999,,,,,,,,,,,,,,,,,,,,,,FO,,,,,,,1773878400,1773878400,,,,,Cash,,1,1,0.0,20,0,2064380.0,1586040.0,1,1,1,0,0,1,0,-1,1,0,1000
856310,,bse_fo,IO,SENSEX,SENSEX2631985800CE,CE,SENSEX19MAR2685800.00CE,,1,,,SENSEX2631985800CE,,,5,20,1773944999,1,2,8580000.0,BSE,IO,1773944999,,,,,,,,,,,,,,,,,,,,,,FO,,,,,,,1773878400,1773878400,,,,,Cash,,0,1,0.0,20,400,2005.0,190.0,1,1,1,0,0,1,0,-1,1,0,1000
883767,,bse_fo,IO,SENSEX,SENSEX2631967600CE,CE,SENSEX19MAR2667600.00CE,,1,,,SENSEX2631967600CE,,,5,20,1773944999,1,2,6760000.0,BSE,IO,1773944999,,,,,,,,,,,,,,,,,,,,,,FO,,,,,,,1773878400,1773878400,,,,,Cash,,0,1,0.0,20,0,941760.0,463430.0,1,1,1,0,0,1,0,-1,1,0,1000
881515,,bse_fo,IO,SENSEX,SENSEX2631969400CE,CE,SENSEX19MAR2669400.00CE,,1,,,SENSEX2631969400CE,,,5,20,1773944999,1,2,6940000.0,BSE,IO,1773944999,,,,,,,,,,,,,,,,,,,,,,FO,,,,,,,1773878400,1773878400,,,,,Cash,,0,1,0.0,20,0,763045.0,284760.0,1,1,1,0,0,1,0,-1,1,0,1000
860447,,bse_fo,IO,SENSEX,SENSEX2631992200CE,CE,SENSEX19MAR2692200.00CE,,1,,,SENSEX2631992200CE,,,5,20,1773944999,1,2,9220000.0,BSE,IO,1773944999,,,,,,,,,,,,,,,,,,,,,,FO,,,,,,,1773878400,1773878400,,,,,Cash,,0,1,0.0,20,280,2005.0,5.0,1,1,1,0,0,1,0,-1,1,0,1000
879215,,bse_fo,IO,SENSEX,SENSEX2631970500CE,CE,SENSEX19MAR2670500.00CE,,1,,,SENSEX2631970500CE,,,5,20,1773944999,1,2,7050000.0,BSE,IO,1773944999,,,,,,,,,,,,,,,,,,,,,,FO,,,,,,,1773878400,1773878400,,,,,Cash,,0,1,0.0,20,1820,664900.0,187340.0,1,1,1,0,0,1,0,-1,1,0,1000
855383,,bse_fo,IO,SENSEX,SENSEX2631979400PE,PE,SENSEX19MAR2679400.00PE,,1,,,SENSEX2631979400PE,,,5,20,1773944999,1,2,7940000.0,BSE,IO,1773944999,,,,,,,,,,,,,,,,,,,,,,FO,,,,,,,1773878400,1773878400,,,,,Cash,,0,1,0.0,20,2140,694930.0,217060.0,1,1,1,0,0,1,0,-1,1,0,1000
858810,,bse_fo,IO,SENSEX,SENSEX2631971600CE,CE,SENSEX19MAR2671600.00CE,,1,,,SENSEX2631971600CE,,,5,20,1773944999,1,2,7160000.0,BSE,IO,1773944999,,,,,,,,,,,,,,,,,,,,,,FO,,,,,,,1773878400,1773878400,,,,,Cash,,0,1,0.0,20,0,550800.0,79860.0,1,1,1,0,0,1,0,-1,1,0,1000
850571,,bse_fo,IO,SENSEX,SENSEX2631990700CE,CE,SENSEX19MAR2690700.00CE,,1,,,SENSEX2631990700CE,,,5,20,1773944999,1,2,9070000.0,BSE,IO,1773944999,,,,,,,,,,,,,,,,,,,,,,FO,,,,,,,1773878400,1773878400,,,,,Cash,,0,1,0.0,20,860,2005.0,35.0,1,1,1,0,0,1,0,-1,1,0,1000
850681,,bse_fo,IO,SENSEX,SENSEX2631980100PE,PE,SENSEX19MAR2680100.00PE,,1,,,SENSEX2631980100PE,,,5,20,1773944999,1,2,8010000.0,BSE,IO,1773944999,,,,,,,,,,,,,,,,,,,,,,FO,,,,,,,1773878400,1773878400,,,,,Cash,,0,1,0.0,20,1840,721615.0,243375.0,1,1,1,0,0,1,0,-1,1,0,1000
849284,,bse_fo,IO,SENSEX,SENSEX2631973300PE,PE,SENSEX19MAR2673300.00PE,,1,,,SENSEX2631973300PE,,,5,20,1773944999,1,2,7330000.0,BSE,IO,1773944999,,,,,,,,,,,,,,,,,,,,,,FO,,,,,,,1773878400,1773878400,,,,,Cash,,0,1,0.0,20,36760,97785.0,17645.0,1,1,1,0,0,1,0,-1,1,0,1000
850988,,bse_fo,IO,SENSEX,SENSEX2631986900CE,CE,SENSEX19MAR2686900.00CE,,1,,,SENSEX2631986900CE,,,5,20,1773944999,1,2,8690000.0,BSE,IO,1773944999,,,,,,,,,,,,,,,,,,,,,,FO,,,,,,,1773878400,1773878400,,,,,Cash,,0,1,0.0,20,420,2005.0,145.0,1,1,1,0,0,1,0,-1,1,0,1000
859299,,bse_fo,IO,SENSEX,SENSEX2631971700CE,CE,SENSEX19MAR2671700.00CE,,1,,,SENSEX2631971700CE,,,5,20,1773944999,1,2,7170000.0,BSE,IO,1773944999,,,,,,,,,,,,,,,,,,,,,,FO,,,,,,,1773878400,1773878400,,,,,Cash,,0,1,0.0,20,0,541235.0,71715.0,1,1,1,0,0,1,0,-1,1,0,1000
849087,,bse_fo,IO,SENSEX,SENSEX2631978700PE,PE,SENSEX19MAR2678700.00PE,,1,,,SENSEX2631978700PE,,,5,20,1773944999,1,2,7870000.0,BSE,IO,1773944999,,,,,,,,,,,,,,,,,,,,,,FO,,,,,,,1773878400,1773878400,,,,,Cash,,0,1,0.0,20,2200,650135.0,173700.0,1,1,1,0,0,1,0,-1,1,0,1000
852571,,bse_fo,IO,SENSEX,SENSEX2631978300PE,PE,SENSEX19MAR2678300.00PE,,1,,,SENSEX2631978300PE,,,5,20,1773944999,1,2,7830000.0,BSE,IO,1773944999,,,,,,,,,,,,,,,,,,,,,,FO,,,,,,,1773878400,1773878400,,,,,Cash,,0,1,0.0,20,3420,610660.0,136295.0,1,1,1,0,0,1,0,-1,1,0,1000
849869,,bse_fo,IO,SENSEX,SENSEX2631976500CE,CE,SENSEX19MAR2676500.00CE,,1,,,SENSEX2631976500CE,,,5,20,1773944999,1,2,7650000.0,BSE,IO,1773944999,,,,,,,,,,,,,,,,,,,,,,FO,,,,,,,1773878400,1773878400,,,,,Cash,,0,1,0.0,20,203420,60520.0,6550.0,1,1,1,0,0,1,0,-1,1,0,1000
883965,,bse_fo,IO,SENSEX,SENSEX2631967700CE,CE,SENSEX19MAR2667700.00CE,,1,,,SENSEX2631967700CE,,,5,20,1773944999,1,2,6770000.0,BSE,IO,1773944999,,,,,,,,,,,,,,,,,,,,,,FO,,,,,,,1773878400,1773878400,,,,,Cash,,0,1,0.0,20,0,931795.0,453465.0,1,1,1,0,0,1,0,-1,1,0,1000
878046,,bse_fo,IO,SENSEX,SENSEX2631970900CE,CE,SENSEX19MAR2670900.00CE,,1,,,SENSEX2631970900CE,,,5,20,1773944999,1,2,7090000.0,BSE,IO,1773944999,,,,,,,,,,,,,,,,,,,,,,FO,,,,,,,1773878400,1773878400,,,,,Cash,,0,1,0.0,20,0,617515.0,141070.0,1,1,1,0,0,1,0,-1,1,0,1000
882010,,bse_fo,IO,SENSEX,SENSEX2631968200PE,PE,SENSEX19MAR2668200.00PE,,1,,,SENSEX2631968200PE,,,5,20,1773944999,1,2,6820000.0,BSE,IO,1773944999,,,,,,,,,,,,,,,,,,,,,,FO,,,,,,,1773878400,1773878400,,,,,Cash,,0,1,0.0,20,0,2005.0,5.0,1,1,1,0,0,1,0,-1,1,0,1000
886441,,bse_fo,IO,SENSEX,SENSEX2631965200CE,CE,SENSEX19MAR2665200.00CE,,1,,,SENSEX2631965200CE,,,5,20,1773944999,1,2,6520000.0,BSE,IO,1773944999,,,,,,,,,,,,,,,,,,,,,,FO,,,,,,,1773878400,1773878400,,,,,Cash,,1,1,0.0,20,0,1178500.0,700170.0,1,1,1,0,0,1,0,-1,1,0,1000
850969,,bse_fo,IO,SENSEX,SENSEX2631980000CE,CE,SENSEX19MAR2680000.00CE,,1,,,SENSEX2631980000CE,,,5,20,1773944999,1,2,8000000.0,BSE,IO,1773944999,,,,,,,,,,,,,,,,,,,,,,FO,,,,,,,1773878400,1773878400,,,,,Cash,,0,1,0.0,20,408740,4220.0,3625.0,1,1,1,0,0,1,0,-1,1,0,1000
879100,,bse_fo,IO,SENSEX,SENSEX2631970300CE,CE,SENSEX19MAR2670300.00CE,,1,,,SENSEX2631970300CE,,,5,20,1773944999,1,2,7030000.0,BSE,IO,1773944999,,,,,,,,,,,,,,,,,,,,,,FO,,,,,,,1773878400,1773878400,,,,,Cash,,0,1,0.0,20,0,675165.0,197315.0,1,1,1,0,0,1,0,-1,1,0,1000
853983,,bse_fo,IO,SENSEX,SENSEX2631989700PE,PE,SENSEX19MAR2689700.00PE,,1,,,SENSEX2631989700PE,,,5,20,1773944999,1,2,8970000.0,BSE,IO,1773944999,,,,,,,,,,,,,,,,,,,,,,FO,,,,,,,1773878400,1773878400,,,,,Cash,,0,1,0.0,20,0,1744660.0,1266330.0,1,1,1,0,0,1,0,-1,1,0,1000
850642,,bse_fo,IO,SENSEX,SENSEX2631986100PE,PE,SENSEX19MAR2686100.00PE,,1,,,SENSEX2631986100PE,,,5,20,1773944999,1,2,8610000.0,BSE,IO,1773944999,,,,,,,,,,,,,,,,,,,,,,FO,,,,,,,1773878400,1773878400,,,,,Cash,,0,1,0.0,20,0,1384990.0,906660.0,1,1,1,0,0,1,0,-1,1,0,1000
884899,,bse_fo,IO,SENSEX,SENSEX2631967100PE,PE,SENSEX19MAR2667100.00PE,,1,,,SENSEX2631967100PE,,,5,20,1773944999,1,2,6710000.0,BSE,IO,1773944999,,,,,,,,,,,,,,,,,,,,,,FO,,,,,,,1773878400,1773878400,,,,,Cash,,0,1,0.0,20,0,2005.0,5.0,1,1,1,0,0,1,0,-1,1,0,1000
853896,,bse_fo,IO,SENSEX,SENSEX2631979700PE,PE,SENSEX19MAR2679700.00PE,,1,,,SENSEX2631979700PE,,,5,20,1773944999,1,2,7970000.0,BSE,IO,1773944999,,,,,,,,,,,,,,,,,,,,,,FO,,,,,,,1773878400,1773878400,,,,,Cash,,0,1,0.0,20,1180,753895.0,275795.0,1,1,1,0,0,1,0,-1,1,0,1000
860292,,bse_fo,IO,SENSEX,SENSEX2631992800PE,PE,SENSEX19MAR2692800.00PE,,1,,,SENSEX2631992800PE,,,5,20,1773944999,1,2,9280000.0,BSE,IO,1773944999,,,,,,,,,,,,,,,,,,,,,,FO,,,,,,,1773878400,1773878400,,,,,Cash,,0,1,0.0,20,0,2054380.0,1576050.0,1,1,1,0,0,1,0,-1,1,0,1000
853264,,bse_fo,IO,SENSEX,SENSEX2631985500CE,CE,SENSEX19MAR2685500.00CE,,1,,,SENSEX2631985500CE,,,5,20,1773944999,1,2,8550000.0,BSE,IO,1773944999,,,,,,,,,,,,,,,,,,,,,,FO,,,,,,,1773878400,1773878400,,,,,Cash,,0,1,0.0,20,4800,2005.0,190.0,1,1,1,0,0,1,0,-1,1,0,1000
853945,,bse_fo,IO,SENSEX,SENSEX2631973700PE,PE,SENSEX19MAR2673700.00PE,,1,,,SENSEX2631973700PE,,,5,20,1773944999,1,2,7370000.0,BSE,IO,1773944999,,,,,,,,,,,,,,,,,,,,,,FO,,,,,,,1773878400,1773878400,,,,,Cash,,0,1,0.0,20,28940,127325.0,9620.0,1,1,1,0,0,1,0,-1,1,0,1000
852574,,bse_fo,IO,SENSEX,SENSEX2631990600CE,CE,SENSEX19MAR2690600.00CE,,1,,,SENSEX2631990600CE,,,5,20,1773944999,1,2,9060000.0,BSE,IO,1773944999,,,,,,,,,,,,,,,,,,,,,,FO,,,,,,,1773878400,1773878400,,,,,Cash,,0,1,0.0,20,1120,2005.0,5.0,1,1,1,0,0,1,0,-1,1,0,1000
852758,,bse_fo,IO,SENSEX,SENSEX2631987600CE,CE,SENSEX19MAR2687600.00CE,,1,,,SENSEX2631987600CE,,,5,20,1773944999,1,2,8760000.0,BSE,IO,1773944999,,,,,,,,,,,,,,,,,,,,,,FO,,,,,,,1773878400,1773878400,,,,,Cash,,0,1,0.0,20,100,2005.0,145.0,1,1,1,0,0,1,0,-1,1,0,1000
852446,,bse_fo,IO,SENSEX,SENSEX2631982000CE,CE,SENSEX19MAR2682000.00CE,,1,,,SENSEX2631982000CE,,,5,20,1773944999,1,2,8200000.0,BSE,IO,1773944999,,,,,,,,,,,,,,,,,,,,,,FO,,,,,,,1773878400,1773878400,,,,,Cash,,0,1,0.0,20,244640,2005.0,1120.0,1,1,1,0,0,1,0,-1,1,0,1000
849128,,bse_fo,IO,SENSEX,SENSEX2631983000CE,CE,SENSEX19MAR2683000.00CE,,1,,,SENSEX2631983000CE,,,5,20,1773944999,1,2,8300000.0,BSE,IO,1773944999,,,,,,,,,,,,,,,,,,,,,,FO,,,,,,,1773878400,1773878400,,,,,Cash,,0,1,0.0,20,201740,2005.0,655.0,1,1,1,0,0,1,0,-1,1,0,1000
886572,,bse_fo,IO,SENSEX,SENSEX2631965400CE,CE,SENSEX19MAR2665400.00CE,,1,,,SENSEX2631965400CE,,,5,20,1773944999,1,2,6540000.0,BSE,IO,1773944999,,,,,,,,,,,,,,,,,,,,,,FO,,,,,,,1773878400,1773878400,,,,,Cash,,1,1,0.0,20,0,1158510.0,680180.0,1,1,1,0,0,1,0,-1,1,0,1000
858285,,bse_fo,IO,SENSEX,SENSEX2631972200PE,PE,SENSEX19MAR2672200.00PE,,1,,,SENSEX2631972200PE,,,5,20,1773944999,1,2,7220000.0,BSE,IO,1773944999,,,,,,,,,,,,,,,,,,,,,,FO,,,,,,,1773878400,1773878400,,,,,Cash,,0,1,0.0,20,31400,46130.0,26290.0,1,1,1,0,0,1,0,-1,1,0,1000
879527,,bse_fo,IO,SENSEX,SENSEX2631970200CE,CE,SENSEX19MAR2670200.00CE,,1,,,SENSEX2631970200CE,,,5,20,1773944999,1,2,7020000.0,BSE,IO,1773944999,,,,,,,,,,,,,,,,,,,,,,FO,,,,,,,1773878400,1773878400,,,,,Cash,,0,1,0.0,20,0,684850.0,206890.0,1,1,1,0,0,1,0,-1,1,0,1000
848897,,bse_fo,IO,SENSEX,SENSEX2631974700CE,CE,SENSEX19MAR2674700.00CE,,1,,,SENSEX2631974700CE,,,5,20,1773944999,1,2,7470000.0,BSE,IO,1773944999,,,,,,,,,,,,,,,,,,,,,,FO,,,,,,,1773878400,1773878400,,,,,Cash,,0,1,0.0,20,79080,217180.0,5.0,1,1,1,0,0,1,0,-1,1,0,1000
855767,,bse_fo,IO,SENSEX,SENSEX2631983300CE,CE,SENSEX19MAR2683300.00CE,,1,,,SENSEX2631983300CE,,,5,20,1773944999,1,2,8330000.0,BSE,IO,1773944999,,,,,,,,,,,,,,,,,,,,,,FO,,,,,,,1773878400,1773878400,,,,,Cash,,0,1,0.0,20,1300,2005.0,570.0,1,1,1,0,0,1,0,-1,1,0,1000
886056,,bse_fo,IO,SENSEX,SENSEX2631965600PE,PE,SENSEX19MAR2665600.00PE,,1,,,SENSEX2631965600PE,,,5,20,1773944999,1,2,6560000.0,BSE,IO,1773944999,,,,,,,,,,,,,,,,,,,,,,FO,,,,,,,1773878400,1773878400,,,,,Cash,,1,1,0.0,20,0,2005.0,5.0,1,1,1,0,0,1,0,-1,1,0,1000
851877,,bse_fo,IO,SENSEX,SENSEX2631976400CE,CE,SENSEX19MAR2676400.00CE,,1,,,SENSEX2631976400CE,,,5,20,1773944999,1,2,7640000.0,BSE,IO,1773944999,,,,,,,,,,,,,,,,,,,,,,FO,,,,,,,1773878400,1773878400,,,,,Cash,,0,1,0.0,20,49220,65820.0,5495.0,1,1,1,0,0,1,0,-1,1,0,1000
852138,,bse_fo,IO,SENSEX,SENSEX2631976700PE,PE,SENSEX19MAR2676700.00PE,,1,,,SENSEX2631976700PE,,,5,20,1773944999,1,2,7670000.0,BSE,IO,1773944999,,,,,,,,,,,,,,,,,,,,,,FO,,,,,,,1773878400,1773878400,,,,,Cash,,0,1,0.0,20,18800,456950.0,21380.0,1,1,1,0,0,1,0,-1,1,0,1000
853709,,bse_fo,IO,SENSEX,SENSEX2631975700CE,CE,SENSEX19MAR2675700.00CE,,1,,,SENSEX2631975700CE,,,5,20,1773944999,1,2,7570000.0,BSE,IO,1773944999,,,,,,,,,,,,,,,,,,,,,,FO,,,,,,,1773878400,1773878400,,,,,Cash,,0,1,0.0,20,43520,114225.0,5.0,1,1,1,0,0,1,0,-1,1,0,1000
858505,,bse_fo,IO,SENSEX,SENSEX2631972600PE,PE,SENSEX19MAR2672600.00PE,,1,,,SENSEX2631972600PE,,,5,20,1773944999,1,2,7260000.0,BSE,IO,1773944999,,,,,,,,,,,,,,,,,,,,,,FO,,,,,,,1773878400,1773878400,,,,,Cash,,0,1,0.0,20,27640,60130.0,25120.0,1,1,1,0,0,1,0,-1,1,0,1000
852569,,bse_fo,IO,SENSEX,SENSEX2631976000PE,PE,SENSEX19MAR2676000.00PE,,1,,,SENSEX2631976000PE,,,5,20,1773944999,1,2,7600000.0,BSE,IO,1773944999,,,,,,,,,,,,,,,,,,,,,,FO,,,,,,,1773878400,1773878400,,,,,Cash,,0,1,0.0,20,217200,377560.0,5.0,1,1,1,0,0,1,0,-1,1,0,1000
853487,,bse_fo,IO,SENSEX,SENSEX2631980100CE,CE,SENSEX19MAR2680100.00CE,,1,,,SENSEX2631980100CE,,,5,20,1773944999,1,2,8010000.0,BSE,IO,1773944999,,,,,,,,,,,,,,,,,,,,,,FO,,,,,,,1773878400,1773878400,,,,,Cash,,0,1,0.0,20,23120,4070.0,3475.0,1,1,1,0,0,1,0,-1,1,0,1000
849660,,bse_fo,IO,SENSEX,SENSEX2631986600PE,PE,SENSEX19MAR2686600.00PE,,1,,,SENSEX2631986600PE,,,5,20,1773944999,1,2,8660000.0,BSE,IO,1773944999,,,,,,,,,,,,,,,,,,,,,,FO,,,,,,,1773878400,1773878400,,,,,Cash,,0,1,0.0,20,0,1434940.0,956610.0,1,1,1,0,0,1,0,-1,1,0,1000
851676,,bse_fo,IO,SENSEX,SENSEX2631979500CE,CE,SENSEX19MAR2679500.00CE,,1,,,SENSEX2631979500CE,,,5,20,1773944999,1,2,7950000.0,BSE,IO,1773944999,,,,,,,,,,,,,,,,,,,,,,FO,,,,,,,1773878400,1773878400,,,,,Cash,,0,1,0.0,20,169320,5520.0,4925.0,1,1,1,0,0,1,0,-1,1,0,1000
856159,,bse_fo,IO,SENSEX,SENSEX2631977200CE,CE,SENSEX19MAR2677200.00CE,,1,,,SENSEX2631977200CE,,,5,20,1773944999,1,2,7720000.0,BSE,IO,1773944999,,,,,,,,,,,,,,,,,,,,,,FO,,,,,,,1773878400,1773878400,,,,,Cash,,0,1,0.0,20,49400,33295.0,10845.0,1,1,1,0,0,1,0,-1,1,0,1000
853203,,bse_fo,IO,SENSEX,SENSEX2631980200PE,PE,SENSEX19MAR2680200.00PE,,1,,,SENSEX2631980200PE,,,5,20,1773944999,1,2,8020000.0,BSE,IO,1773944999,,,,,,,,,,,,,,,,,,,,,,FO,,,,,,,1773878400,1773878400,,,,,Cash,,0,1,0.0,20,1740,784675.0,306415.0,1,1,1,0,0,1,0,-1,1,0,1000
882400,,bse_fo,IO,SENSEX,SENSEX2631968100PE,PE,SENSEX19MAR2668100.00PE,,1,,,SENSEX2631968100PE,,,5,20,1773944999,1,2,6810000.0,BSE,IO,1773944999,,,,,,,,,,,,,,,,,,,,,,FO,,,,,,,1773878400,1773878400,,,,,Cash,,0,1,0.0,20,0,2005.0,5.0,1,1,1,0,0,1,0,-1,1,0,1000
851479,,bse_fo,IO,SENSEX,SENSEX2631984800CE,CE,SENSEX19MAR2684800.00CE,,1,,,SENSEX2631984800CE,,,5,20,1773944999,1,2,8480000.0,BSE,IO,1773944999,,,,,,,,,,,,,,,,,,,,,,FO,,,,,,,1773878400,1773878400,,,,,Cash,,0,1,0.0,20,4560,2005.0,300.0,1,1,1,0,0,1,0,-1,1,0,1000
849409,,bse_fo,IO,SENSEX,SENSEX2631986300CE,CE,SENSEX19MAR2686300.00CE,,1,,,SENSEX2631986300CE,,,5,20,1773944999,1,2,8630000.0,BSE,IO,1773944999,,,,,,,,,,,,,,,,,,,,,,FO,,,,,,,1773878400,1773878400,,,,,Cash,,0,1,0.0,20,640,2005.0,145.0,1,1,1,0,0,1,0,-1,1,0,1000
853387,,bse_fo,IO,SENSEX,SENSEX2631979500PE,PE,SENSEX19MAR2679500.00PE,,1,,,SENSEX2631979500PE,,,5,20,1773944999,1,2,7950000.0,BSE,IO,1773944999,,,,,,,,,,,,,,,,,,,,,,FO,,,,,,,1773878400,1773878400,,,,,Cash,,0,1,0.0,20,11320,725675.0,247715.0,1,1,1,0,0,1,0,-1,1,0,1000
851608,,bse_fo,IO,SENSEX,SENSEX2631974200PE,PE,SENSEX19MAR2674200.00PE,,1,,,SENSEX2631974200PE,,,5,20,1773944999,1,2,7420000.0,BSE,IO,1773944999,,,,,,,,,,,,,,,,,,,,,,FO,,,,,,,1773878400,1773878400,,,,,Cash,,0,1,0.0,20,52880,173080.0,5.0,1,1,1,0,0,1,0,-1,1,0,1000
853268,,bse_fo,IO,SENSEX,SENSEX2631987800CE,CE,SENSEX19MAR2687800.00CE,,1,,,SENSEX2631987800CE,,,5,20,1773944999,1,2,8780000.0,BSE,IO,1773944999,,,,,,,,,,,,,,,,,,,,,,FO,,,,,,,1773878400,1773878400,,,,,Cash,,0,1,0.0,20,600,2005.0,60.0,1,1,1,0,0,1,0,-1,1,0,1000
858006,,bse_fo,IO,SENSEX,SENSEX2631971400CE,CE,SENSEX19MAR2671400.00CE,,1,,,SENSEX2631971400CE,,,5,20,1773944999,1,2,7140000.0,BSE,IO,1773944999,,,,,,,,,,,,,,,,,,,,,,FO,,,,,,,1773878400,1773878400,,,,,Cash,,0,1,0.0,20,0,569875.0,96665.0,1,1,1,0,0,1,0,-1,1,0,1000
860250,,bse_fo,IO,SENSEX,SENSEX2631993200PE,PE,SENSEX19MAR2693200.00PE,,1,,,SENSEX2631993200PE,,,5,20,1773944999,1,2,9320000.0,BSE,IO,1773944999,,,,,,,,,,,,,,,,,,,,,,FO,,,,,,,1773878400,1773878400,,,,,Cash,,1,1,0.0,20,0,2094340.0,1616020.0,1,1,1,0,0,1,0,-1,1,0,1000
854882,,bse_fo,IO,SENSEX,SENSEX2631979200PE,PE,SENSEX19MAR2679200.00PE,,1,,,SENSEX2631979200PE,,,5,20,1773944999,1,2,7920000.0,BSE,IO,1773944999,,,,,,,,,,,,,,,,,,,,,,FO,,,,,,,1773878400,1773878400,,,,,Cash,,0,1,0.0,20,1340,623035.0,145405.0,1,1,1,0,0,1,0,-1,1,0,1000
855134,,bse_fo,IO,SENSEX,SENSEX2631991800PE,PE,SENSEX19MAR2691800.00PE,,1,,,SENSEX2631991800PE,,,5,20,1773944999,1,2,9180000.0,BSE,IO,1773944999,,,,,,,,,,,,,,,,,,,,,,FO,,,,,,,1773878400,1773878400,,,,,Cash,,0,1,0.0,20,0,1954470.0,1476140.0,1,1,1,0,0,1,0,-1,1,0,1000
850199,,bse_fo,IO,SENSEX,SENSEX2631986800PE,PE,SENSEX19MAR2686800.00PE,,1,,,SENSEX2631986800PE,,,5,20,1773944999,1,2,8680000.0,BSE,IO,1773944999,,,,,,,,,,,,,,,,,,,,,,FO,,,,,,,1773878400,1773878400,,,,,Cash,,0,1,0.0,20,0,1454920.0,976600.0,1,1,1,0,0,1,0,-1,1,0,1000
852921,,bse_fo,IO,SENSEX,SENSEX2631988200CE,CE,SENSEX19MAR2688200.00CE,,1,,,SENSEX2631988200CE,,,5,20,1773944999,1,2,8820000.0,BSE,IO,1773944999,,,,,,,,,,,,,,,,,,,,,,FO,,,,,,,1773878400,1773878400,,,,,Cash,,0,1,0.0,20,1460,2005.0,70.0,1,1,1,0,0,1,0,-1,1,0,1000
856625,,bse_fo,IO,SENSEX,SENSEX2631986800CE,CE,SENSEX19MAR2686800.00CE,,1,,,SENSEX2631986800CE,,,5,20,1773944999,1,2,8680000.0,BSE,IO,1773944999,,,,,,,,,,,,,,,,,,,,,,FO,,,,,,,1773878400,1773878400,,,,,Cash,,0,1,0.0,20,280,2005.0,150.0,1,1,1,0,0,1,0,-1,1,0,1000
851885,,bse_fo,IO,SENSEX,SENSEX2631978700CE,CE,SENSEX19MAR2678700.00CE,,1,,,SENSEX2631978700CE,,,5,20,1773944999,1,2,7870000.0,BSE,IO,1773944999,,,,,,,,,,,,,,,,,,,,,,FO,,,,,,,1773878400,1773878400,,,,,Cash,,0,1,0.0,20,25400,9540.0,7645.0,1,1,1,0,0,1,0,-1,1,0,1000
852960,,bse_fo,IO,SENSEX,SENSEX2631982200CE,CE,SENSEX19MAR2682200.00CE,,1,,,SENSEX2631982200CE,,,5,20,1773944999,1,2,8220000.0,BSE,IO,1773944999,,,,,,,,,,,,,,,,,,,,,,FO,,,,,,,1773878400,1773878400,,,,,Cash,,0,1,0.0,20,5380,2005.0,1020.0,1,1,1,0,0,1,0,-1,1,0,1000
858548,,bse_fo,IO,SENSEX,SENSEX2631972500CE,CE,SENSEX19MAR2672500.00CE,,1,,,SENSEX2631972500CE,,,5,20,1773944999,1,2,7250000.0,BSE,IO,1773944999,,,,,,,,,,,,,,,,,,,,,,FO,,,,,,,1773878400,1773878400,,,,,Cash,,0,1,0.0,20,140,475145.0,27395.0,1,1,1,0,0,1,0,-1,1,0,1000
852338,,bse_fo,IO,SENSEX,SENSEX2631978000CE,CE,SENSEX19MAR2678000.00CE,,1,,,SENSEX2631978000CE,,,5,20,1773944999,1,2,7800000.0,BSE,IO,1773944999,,,,,,,,,,,,,,,,,,,,,,FO,,,,,,,1773878400,1773878400,,,,,Cash,,0,1,0.0,20,352080,16635.0,9995.0,1,1,1,0,0,1,0,-1,1,0,1000
848593,,bse_fo,IO,SENSEX,SENSEX2631974800PE,PE,SENSEX19MAR2674800.00PE,,1,,,SENSEX2631974800PE,,,5,20,1773944999,1,2,7480000.0,BSE,IO,1773944999,,,,,,,,,,,,,,,,,,,,,,FO,,,,,,,1773878400,1773878400,,,,,Cash,,0,1,0.0,20,95020,236705.0,5.0,1,1,1,0,0,1,0,-1,1,0,1000
853449,,bse_fo,IO,SENSEX,SENSEX2631986100CE,CE,SENSEX19MAR2686100.00CE,,1,,,SENSEX2631986100CE,,,5,20,1773944999,1,2,8610000.0,BSE,IO,1773944999,,,,,,,,,,,,,,,,,,,,,,FO,,,,,,,1773878400,1773878400,,,,,Cash,,0,1,0.0,20,340,2005.0,125.0,1,1,1,0,0,1,0,-1,1,0,1000
882166,,bse_fo,IO,SENSEX,SENSEX2631968300CE,CE,SENSEX19MAR2668300.00CE,,1,,,SENSEX2631968300CE,,,5,20,1773944999,1,2,6830000.0,BSE,IO,1773944999,,,,,,,,,,,,,,,,,,,,,,FO,,,,,,,1773878400,1773878400,,,,,Cash,,0,1,0.0,20,0,872010.0,393680.0,1,1,1,0,0,1,0,-1,1,0,1000
853474,,bse_fo,IO,SENSEX,SENSEX2631989500PE,PE,SENSEX19MAR2689500.00PE,,1,,,SENSEX2631989500PE,,,5,20,1773944999,1,2,8950000.0,BSE,IO,1773944999,,,,,,,,,,,,,,,,,,,,,,FO,,,,,,,1773878400,1773878400,,,,,Cash,,0,1,0.0,20,0,1724680.0,1246350.0,1,1,1,0,0,1,0,-1,1,0,1000
848773,,bse_fo,IO,SENSEX,SENSEX2631973100PE,PE,SENSEX19MAR2673100.00PE,,1,,,SENSEX2631973100PE,,,5,20,1773944999,1,2,7310000.0,BSE,IO,1773944999,,,,,,,,,,,,,,,,,,,,,,FO,,,,,,,1773878400,1773878400,,,,,Cash,,0,1,0.0,20,52340,85055.0,20475.0,1,1,1,0,0,1,0,-1,1,0,1000
886622,,bse_fo,IO,SENSEX,SENSEX2631965700PE,PE,SENSEX19MAR2665700.00PE,,1,,,SENSEX2631965700PE,,,5,20,1773944999,1,2,6570000.0,BSE,IO,1773944999,,,,,,,,,,,,,,,,,,,,,,FO,,,,,,,1773878400,1773878400,,,,,Cash,,1,1,0.0,20,0,2005.0,5.0,1,1,1,0,0,1,0,-1,1,0,1000
850564,,bse_fo,IO,SENSEX,SENSEX2631978400PE,PE,SENSEX19MAR2678400.00PE,,1,,,SENSEX2631978400PE,,,5,20,1773944999,1,2,7840000.0,BSE,IO,1773944999,,,,,,,,,,,,,,,,,,,,,,FO,,,,,,,1773878400,1773878400,,,,,Cash,,0,1,0.0,20,3320,621285.0,146275.0,1,1,1,0,0,1,0,-1,1,0,1000
853891,,bse_fo,IO,SENSEX,SENSEX2631977400PE,PE,SENSEX19MAR2677400.00PE,,1,,,SENSEX2631977400PE,,,5,20,1773944999,1,2,7740000.0,BSE,IO,1773944999,,,,,,,,,,,,,,,,,,,,,,FO,,,,,,,1773878400,1773878400,,,,,Cash,,0,1,0.0,20,4860,526490.0,65090.0,1,1,1,0,0,1,0,-1,1,0,1000
849956,,bse_fo,IO,SENSEX,SENSEX2631991200PE,PE,SENSEX19MAR2691200.00PE,,1,,,SENSEX2631991200PE,,,5,20,1773944999,1,2,9120000.0,BSE,IO,1773944999,,,,,,,,,,,,,,,,,,,,,,FO,,,,,,,1773878400,1773878400,,,,,Cash,,0,1,0.0,20,0,1894520.0,1416200.0,1,1,1,0,0,1,0,-1,1,0,1000
848808,,bse_fo,IO,SENSEX,SENSEX2631989100PE,PE,SENSEX19MAR2689100.00PE,,1,,,SENSEX2631989100PE,,,5,20,1773944999,1,2,8910000.0,BSE,IO,1773944999,,,,,,,,,,,,,,,,,,,,,,FO,,,,,,,1773878400,1773878400,,,,,Cash,,0,1,0.0,20,0,1684720.0,1206380.0,1,1,1,0,0,1,0,-1,1,0,1000
854820,,bse_fo,IO,SENSEX,SENSEX2631983800CE,CE,SENSEX19MAR2683800.00CE,,1,,,SENSEX2631983800CE,,,5,20,1773944999,1,2,8380000.0,BSE,IO,1773944999,,,,,,,,,,,,,,,,,,,,,,FO,,,,,,,1773878400,1773878400,,,,,Cash,,0,1,0.0,20,1080,2005.0,420.0,1,1,1,0,0,1,0,-1,1,0,1000
849084,,bse_fo,IO,SENSEX,SENSEX2631976400PE,PE,SENSEX19MAR2676400.00PE,,1,,,SENSEX2631976400PE,,,5,20,1773944999,1,2,7640000.0,BSE,IO,1773944999,,,,,,,,,,,,,,,,,,,,,,FO,,,,,,,1773878400,1773878400,,,,,Cash,,0,1,0.0,20,14700,422010.0,4010.0,1,1,1,0,0,1,0,-1,1,0,1000
851258,,bse_fo,IO,SENSEX,SENSEX2631990300PE,PE,SENSEX19MAR2690300.00PE,,1,,,SENSEX2631990300PE,,,5,20,1773944999,1,2,9030000.0,BSE,IO,1773944999,,,,,,,,,,,,,,,,,,,,,,FO,,,,,,,1773878400,1773878400,,,,,Cash,,0,1,0.0,20,0,1804620.0,1326280.0,1,1,1,0,0,1,0,-1,1,0,1000
879622,,bse_fo,IO,SENSEX,SENSEX2631970400CE,CE,SENSEX19MAR2670400.00CE,,1,,,SENSEX2631970400CE,,,5,20,1773944999,1,2,7040000.0,BSE,IO,1773944999,,,,,,,,,,,,,,,,,,,,,,FO,,,,,,,1773878400,1773878400,,,,,Cash,,0,1,0.0,20,0,665505.0,187785.0,1,1,1,0,0,1,0,-1,1,0,1000
883925,,bse_fo,IO,SENSEX,SENSEX2631967500CE,CE,SENSEX19MAR2667500.00CE,,1,,,SENSEX2631967500CE,,,5,20,1773944999,1,2,6750000.0,BSE,IO,1773944999,,,,,,,,,,,,,,,,,,,,,,FO,,,,,,,1773878400,1773878400,,,,,Cash,,0,1,0.0,20,0,951745.0,473415.0,1,1,1,0,0,1,0,-1,1,0,1000
885593,,bse_fo,IO,SENSEX,SENSEX2631965600CE,CE,SENSEX19MAR2665600.00CE,,1,,,SENSEX2631965600CE,,,5,20,1773944999,1,2,6560000.0,BSE,IO,1773944999,,,,,,,,,,,,,,,,,,,,,,FO,,,,,,,1773878400,1773878400,,,,,Cash,,1,1,0.0,20,0,1138520.0,660185.0,1,1,1,0,0,1,0,-1,1,0,1000
851619,,bse_fo,IO,SENSEX,SENSEX2631978800PE,PE,SENSEX19MAR2678800.00PE,,1,,,SENSEX2631978800PE,,,5,20,1773944999,1,2,7880000.0,BSE,IO,1773944999,,,,,,,,,,,,,,,,,,,,,,FO,,,,,,,1773878400,1773878400,,,,,Cash,,0,1,0.0,20,1620,635900.0,159130.0,1,1,1,0,0,1,0,-1,1,0,1000
853077,,bse_fo,IO,SENSEX,SENSEX2631976200PE,PE,SENSEX19MAR2676200.00PE,,1,,,SENSEX2631976200PE,,,5,20,1773944999,1,2,7620000.0,BSE,IO,1773944999,,,,,,,,,,,,,,,,,,,,,,FO,,,,,,,1773878400,1773878400,,,,,Cash,,0,1,0.0,20,17860,400005.0,5.0,1,1,1,0,0,1,0,-1,1,0,1000
849383,,bse_fo,IO,SENSEX,SENSEX2631974900CE,CE,SENSEX19MAR2674900.00CE,,1,,,SENSEX2631974900CE,,,5,20,1773944999,1,2,7490000.0,BSE,IO,1773944999,,,,,,,,,,,,,,,,,,,,,,FO,,,,,,,1773878400,1773878400,,,,,Cash,,0,1,0.0,20,53060,193925.0,5.0,1,1,1,0,0,1,0,-1,1,0,1000
856011,,bse_fo,IO,SENSEX,SENSEX2631978900CE,CE,SENSEX19MAR2678900.00CE,,1,,,SENSEX2631978900CE,,,5,20,1773944999,1,2,7890000.0,BSE,IO,1773944999,,,,,,,,,,,,,,,,,,,,,,FO,,,,,,,1773878400,1773878400,,,,,Cash,,0,1,0.0,20,22180,8215.0,6935.0,1,1,1,0,0,1,0,-1,1,0,1000
850523,,bse_fo,IO,SENSEX,SENSEX2631992100CE,CE,SENSEX19MAR2692100.00CE,,1,,,SENSEX2631992100CE,,,5,20,1773944999,1,2,9210000.0,BSE,IO,1773944999,,,,,,,,,,,,,,,,,,,,,,FO,,,,,,,1773878400,1773878400,,,,,Cash,,0,1,0.0,20,440,2005.0,5.0,1,1,1,0,0,1,0,-1,1,0,1000
862931,,bse_fo,IO,SENSEX,SENSEX2631993700CE,CE,SENSEX19MAR2693700.00CE,,1,,,SENSEX2631993700CE,,,5,20,1773944999,1,2,9370000.0,BSE,IO,1773944999,,,,,,,,,,,,,,,,,,,,,,FO,,,,,,,1773878400,1773878400,,,,,Cash,,1,1,0.0,20,0,2005.0,5.0,1,1,1,0,0,1,0,-1,1,0,1000
852506,,bse_fo,IO,SENSEX,SENSEX2631980600CE,CE,SENSEX19MAR2680600.00CE,,1,,,SENSEX2631980600CE,,,5,20,1773944999,1,2,8060000.0,BSE,IO,1773944999,,,,,,,,,,,,,,,,,,,,,,FO,,,,,,,1773878400,1773878400,,,,,Cash,,0,1,0.0,20,13820,3100.0,2515.0,1,1,1,0,0,1,0,-1,1,0,1000
860235,,bse_fo,IO,SENSEX,SENSEX2631992600PE,PE,SENSEX19MAR2692600.00PE,,1,,,SENSEX2631992600PE,,,5,20,1773944999,1,2,9260000.0,BSE,IO,1773944999,,,,,,,,,,,,,,,,,,,,,,FO,,,,,,,1773878400,1773878400,,,,,Cash,,0,1,0.0,20,0,2034400.0,1556070.0,1,1,1,0,0,1,0,-1,1,0,1000
880473,,bse_fo,IO,SENSEX,SENSEX2631969600PE,PE,SENSEX19MAR2669600.00PE,,1,,,SENSEX2631969600PE,,,5,20,1773944999,1,2,6960000.0,BSE,IO,1773944999,,,,,,,,,,,,,,,,,,,,,,FO,,,,,,,1773878400,1773878400,,,,,Cash,,0,1,0.0,20,0,2005.0,1280.0,1,1,1,0,0,1,0,-1,1,0,1000
851200,,bse_fo,IO,SENSEX,SENSEX2631982600PE,PE,SENSEX19MAR2682600.00PE,,1,,,SENSEX2631982600PE,,,5,20,1773944999,1,2,8260000.0,BSE,IO,1773944999,,,,,,,,,,,,,,,,,,,,,,FO,,,,,,,1773878400,1773878400,,,,,Cash,,0,1,0.0,20,0,1035400.0,557065.0,1,1,1,0,0,1,0,-1,1,0,1000
849307,,bse_fo,IO,SENSEX,SENSEX2631989300PE,PE,SENSEX19MAR2689300.00PE,,1,,,SENSEX2631989300PE,,,5,20,1773944999,1,2,8930000.0,BSE,IO,1773944999,,,,,,,,,,,,,,,,,,,,,,FO,,,,,,,1773878400,1773878400,,,,,Cash,,0,1,0.0,20,0,1704700.0,1226380.0,1,1,1,0,0,1,0,-1,1,0,1000
854936,,bse_fo,IO,SENSEX,SENSEX2631977800PE,PE,SENSEX19MAR2677800.00PE,,1,,,SENSEX2631977800PE,,,5,20,1773944999,1,2,7780000.0,BSE,IO,1773944999,,,,,,,,,,,,,,,,,,,,,,FO,,,,,,,1773878400,1773878400,,,,,Cash,,0,1,0.0,20,4180,509195.0,40075.0,1,1,1,0,0,1,0,-1,1,0,1000
886881,,bse_fo,IO,SENSEX,SENSEX2631965200PE,PE,SENSEX19MAR2665200.00PE,,1,,,SENSEX2631965200PE,,,5,20,1773944999,1,2,6520000.0,BSE,IO,1773944999,,,,,,,,,,,,,,,,,,,,,,FO,,,,,,,1773878400,1773878400,,,,,Cash,,1,1,0.0,20,0,2005.0,5.0,1,1,1,0,0,1,0,-1,1,0,1000
883550,,bse_fo,IO,SENSEX,SENSEX2631968000PE,PE,SENSEX19MAR2668000.00PE,,1,,,SENSEX2631968000PE,,,5,20,1773944999,1,2,6800000.0,BSE,IO,1773944999,,,,,,,,,,,,,,,,,,,,,,FO,,,,,,,1773878400,1773878400,,,,,Cash,,0,1,0.0,20,0,2005.0,5.0,1,1,1,0,0,1,0,-1,1,0,1000
884939,,bse_fo,IO,SENSEX,SENSEX2631967000CE,CE,SENSEX19MAR2667000.00CE,,1,,,SENSEX2631967000CE,,,5,20,1773944999,1,2,6700000.0,BSE,IO,1773944999,,,,,,,,,,,,,,,,,,,,,,FO,,,,,,,1773878400,1773878400,,,,,Cash,,0,1,0.0,20,0,1001640.0,523315.0,1,1,1,0,0,1,0,-1,1,0,1000
852683,,bse_fo,IO,SENSEX,SENSEX2631975300CE,CE,SENSEX19MAR2675300.00CE,,1,,,SENSEX2631975300CE,,,5,20,1773944999,1,2,7530000.0,BSE,IO,1773944999,,,,,,,,,,,,,,,,,,,,,,FO,,,,,,,1773878400,1773878400,,,,,Cash,,0,1,0.0,20,125280,151050.0,5.0,1,1,1,0,0,1,0,-1,1,0,1000
885707,,bse_fo,IO,SENSEX,SENSEX2631965800CE,CE,SENSEX19MAR2665800.00CE,,1,,,SENSEX2631965800CE,,,5,20,1773944999,1,2,6580000.0,BSE,IO,1773944999,,,,,,,,,,,,,,,,,,,,,,FO,,,,,,,1773878400,1773878400,,,,,Cash,,1,1,0.0,20,0,1118520.0,640195.0,1,1,1,0,0,1,0,-1,1,0,1000
851955,,bse_fo,IO,SENSEX,SENSEX2631984100CE,CE,SENSEX19MAR2684100.00CE,,1,,,SENSEX2631984100CE,,,5,20,1773944999,1,2,8410000.0,BSE,IO,1773944999,,,,,,,,,,,,,,,,,,,,,,FO,,,,,,,1773878400,1773878400,,,,,Cash,,0,1,0.0,20,340,2005.0,445.0,1,1,1,0,0,1,0,-1,1,0,1000
883084,,bse_fo,IO,SENSEX,SENSEX2631968700CE,CE,SENSEX19MAR2668700.00CE,,1,,,SENSEX2631968700CE,,,5,20,1773944999,1,2,6870000.0,BSE,IO,1773944999,,,,,,,,,,,,,,,,,,,,,,FO,,,,,,,1773878400,1773878400,,,,,Cash,,0,1,0.0,20,0,832255.0,353935.0,1,1,1,0,0,1,0,-1,1,0,1000
853187,,bse_fo,IO,SENSEX,SENSEX2631975500CE,CE,SENSEX19MAR2675500.00CE,,1,,,SENSEX2631975500CE,,,5,20,1773944999,1,2,7550000.0,BSE,IO,1773944999,,,,,,,,,,,,,,,,,,,,,,FO,,,,,,,1773878400,1773878400,,,,,Cash,,0,1,0.0,20,181060,131575.0,5.0,1,1,1,0,0,1,0,-1,1,0,1000
885784,,bse_fo,IO,SENSEX,SENSEX2631965100CE,CE,SENSEX19MAR2665100.00CE,,1,,,SENSEX2631965100CE,,,5,20,1773944999,1,2,6510000.0,BSE,IO,1773944999,,,,,,,,,,,,,,,,,,,,,,FO,,,,,,,1773878400,1773878400,,,,,Cash,,1,1,0.0,20,0,1188500.0,710165.0,1,1,1,0,0,1,0,-1,1,0,1000
858058,,bse_fo,IO,SENSEX,SENSEX2631971700PE,PE,SENSEX19MAR2671700.00PE,,1,,,SENSEX2631971700PE,,,5,20,1773944999,1,2,7170000.0,BSE,IO,1773944999,,,,,,,,,,,,,,,,,,,,,,FO,,,,,,,1773878400,1773878400,,,,,Cash,,0,1,0.0,20,13640,33395.0,24585.0,1,1,1,0,0,1,0,-1,1,0,1000
850065,,bse_fo,IO,SENSEX,SENSEX2631978200PE,PE,SENSEX19MAR2678200.00PE,,1,,,SENSEX2631978200PE,,,5,20,1773944999,1,2,7820000.0,BSE,IO,1773944999,,,,,,,,,,,,,,,,,,,,,,FO,,,,,,,1773878400,1773878400,,,,,Cash,,0,1,0.0,20,3460,582700.0,109100.0,1,1,1,0,0,1,0,-1,1,0,1000
854196,,bse_fo,IO,SENSEX,SENSEX2631982000PE,PE,SENSEX19MAR2682000.00PE,,1,,,SENSEX2631982000PE,,,5,20,1773944999,1,2,8200000.0,BSE,IO,1773944999,,,,,,,,,,,,,,,,,,,,,,FO,,,,,,,1773878400,1773878400,,,,,Cash,,0,1,0.0,20,34260,973725.0,495395.0,1,1,1,0,0,1,0,-1,1,0,1000
886959,,bse_fo,IO,SENSEX,SENSEX2631966200PE,PE,SENSEX19MAR2666200.00PE,,1,,,SENSEX2631966200PE,,,5,20,1773944999,1,2,6620000.0,BSE,IO,1773944999,,,,,,,,,,,,,,,,,,,,,,FO,,,,,,,1773878400,1773878400,,,,,Cash,,1,1,0.0,20,0,2005.0,5.0,1,1,1,0,0,1,0,-1,1,0,1000
853322,,bse_fo,IO,SENSEX,SENSEX2631981800CE,CE,SENSEX19MAR2681800.00CE,,1,,,SENSEX2631981800CE,,,5,20,1773944999,1,2,8180000.0,BSE,IO,1773944999,,,,,,,,,,,,,,,,,,,,,,FO,,,,,,,1773878400,1773878400,,,,,Cash,,0,1,0.0,20,8880,2005.0,1280.0,1,1,1,0,0,1,0,-1,1,0,1000
884685,,bse_fo,IO,SENSEX,SENSEX2631967100CE,CE,SENSEX19MAR2667100.00CE,,1,,,SENSEX2631967100CE,,,5,20,1773944999,1,2,6710000.0,BSE,IO,1773944999,,,,,,,,,,,,,,,,,,,,,,FO,,,,,,,1773878400,1773878400,,,,,Cash,,0,1,0.0,20,0,991660.0,513330.0,1,1,1,0,0,1,0,-1,1,0,1000
850976,,bse_fo,IO,SENSEX,SENSEX2631982300CE,CE,SENSEX19MAR2682300.00CE,,1,,,SENSEX2631982300CE,,,5,20,1773944999,1,2,8230000.0,BSE,IO,1773944999,,,,,,,,,,,,,,,,,,,,,,FO,,,,,,,1773878400,1773878400,,,,,Cash,,0,1,0.0,20,5340,2005.0,960.0,1,1,1,0,0,1,0,-1,1,0,1000
851725,,bse_fo,IO,SENSEX,SENSEX2631975800CE,CE,SENSEX19MAR2675800.00CE,,1,,,SENSEX2631975800CE,,,5,20,1773944999,1,2,7580000.0,BSE,IO,1773944999,,,,,,,,,,,,,,,,,,,,,,FO,,,,,,,1773878400,1773878400,,,,,Cash,,0,1,0.0,20,47360,106165.0,5.0,1,1,1,0,0,1,0,-1,1,0,1000
851414,,bse_fo,IO,SENSEX,SENSEX2631986200CE,CE,SENSEX19MAR2686200.00CE,,1,,,SENSEX2631986200CE,,,5,20,1773944999,1,2,8620000.0,BSE,IO,1773944999,,,,,,,,,,,,,,,,,,,,,,FO,,,,,,,1773878400,1773878400,,,,,Cash,,0,1,0.0,20,300,2005.0,130.0,1,1,1,0,0,1,0,-1,1,0,1000
856294,,bse_fo,IO,SENSEX,SENSEX2631981200CE,CE,SENSEX19MAR2681200.00CE,,1,,,SENSEX2631981200CE,,,5,20,1773944999,1,2,8120000.0,BSE,IO,1773944999,,,,,,,,,,,,,,,,,,,,,,FO,,,,,,,1773878400,1773878400,,,,,Cash,,0,1,0.0,20,10580,2410.0,1815.0,1,1,1,0,0,1,0,-1,1,0,1000
884203,,bse_fo,IO,SENSEX,SENSEX2631966600PE,PE,SENSEX19MAR2666600.00PE,,1,,,SENSEX2631966600PE,,,5,20,1773944999,1,2,6660000.0,BSE,IO,1773944999,,,,,,,,,,,,,,,,,,,,,,FO,,,,,,,1773878400,1773878400,,,,,Cash,,1,1,0.0,20,0,2005.0,5.0,1,1,1,0,0,1,0,-1,1,0,1000
856236,,bse_fo,IO,SENSEX,SENSEX2631987200CE,CE,SENSEX19MAR2687200.00CE,,1,,,SENSEX2631987200CE,,,5,20,1773944999,1,2,8720000.0,BSE,IO,1773944999,,,,,,,,,,,,,,,,,,,,,,FO,,,,,,,1773878400,1773878400,,,,,Cash,,0,1,0.0,20,620,2005.0,60.0,1,1,1,0,0,1,0,-1,1,0,1000
854170,,bse_fo,IO,SENSEX,SENSEX2631975000CE,CE,SENSEX19MAR2675000.00CE,,1,,,SENSEX2631975000CE,,,5,20,1773944999,1,2,7500000.0,BSE,IO,1773944999,,,,,,,,,,,,,,,,,,,,,,FO,,,,,,,1773878400,1773878400,,,,,Cash,,0,1,0.0,20,153040,182620.0,5.0,1,1,1,0,0,1,0,-1,1,0,1000
862797,,bse_fo,IO,SENSEX,SENSEX2631993400PE,PE,SENSEX19MAR2693400.00PE,,1,,,SENSEX2631993400PE,,,5,20,1773944999,1,2,9340000.0,BSE,IO,1773944999,,,,,,,,,,,,,,,,,,,,,,FO,,,,,,,1773878400,1773878400,,,,,Cash,,1,1,0.0,20,0,2114330.0,1636000.0,1,1,1,0,0,1,0,-1,1,0,1000
850425,,bse_fo,IO,SENSEX,SENSEX2631988100CE,CE,SENSEX19MAR2688100.00CE,,1,,,SENSEX2631988100CE,,,5,20,1773944999,1,2,8810000.0,BSE,IO,1773944999,,,,,,,,,,,,,,,,,,,,,,FO,,,,,,,1773878400,1773878400,,,,,Cash,,0,1,0.0,20,740,2005.0,50.0,1,1,1,0,0,1,0,-1,1,0,1000
856422,,bse_fo,IO,SENSEX,SENSEX2631975200PE,PE,SENSEX19MAR2675200.00PE,,1,,,SENSEX2631975200PE,,,5,20,1773944999,1,2,7520000.0,BSE,IO,1773944999,,,,,,,,,,,,,,,,,,,,,,FO,,,,,,,1773878400,1773878400,,,,,Cash,,0,1,0.0,20,63860,282705.0,5.0,1,1,1,0,0,1,0,-1,1,0,1000
882062,,bse_fo,IO,SENSEX,SENSEX2631968100CE,CE,SENSEX19MAR2668100.00CE,,1,,,SENSEX2631968100CE,,,5,20,1773944999,1,2,6810000.0,BSE,IO,1773944999,,,,,,,,,,,,,,,,,,,,,,FO,,,,,,,1773878400,1773878400,,,,,Cash,,0,1,0.0,20,0,891920.0,413590.0,1,1,1,0,0,1,0,-1,1,0,1000
854442,,bse_fo,IO,SENSEX,SENSEX2631989000PE,PE,SENSEX19MAR2689000.00PE,,1,,,SENSEX2631989000PE,,,5,20,1773944999,1,2,8900000.0,BSE,IO,1773944999,,,,,,,,,,,,,,,,,,,,,,FO,,,,,,,1773878400,1773878400,,,,,Cash,,0,1,0.0,20,880,1674720.0,1196400.0,1,1,1,0,0,1,0,-1,1,0,1000
878428,,bse_fo,IO,SENSEX,SENSEX2631971100CE,CE,SENSEX19MAR2671100.00CE,,1,,,SENSEX2631971100CE,,,5,20,1773944999,1,2,7110000.0,BSE,IO,1773944999,,,,,,,,,,,,,,,,,,,,,,FO,,,,,,,1773878400,1773878400,,,,,Cash,,0,1,0.0,20,0,598440.0,122960.0,1,1,1,0,0,1,0,-1,1,0,1000
855950,,bse_fo,IO,SENSEX,SENSEX2631973600PE,PE,SENSEX19MAR2673600.00PE,,1,,,SENSEX2631973600PE,,,5,20,1773944999,1,2,7360000.0,BSE,IO,1773944999,,,,,,,,,,,,,,,,,,,,,,FO,,,,,,,1773878400,1773878400,,,,,Cash,,0,1,0.0,20,37080,119240.0,11695.0,1,1,1,0,0,1,0,-1,1,0,1000
856557,,bse_fo,IO,SENSEX,SENSEX2631976800CE,CE,SENSEX19MAR2676800.00CE,,1,,,SENSEX2631976800CE,,,5,20,1773944999,1,2,7680000.0,BSE,IO,1773944999,,,,,,,,,,,,,,,,,,,,,,FO,,,,,,,1773878400,1773878400,,,,,Cash,,0,1,0.0,20,44000,46625.0,8770.0,1,1,1,0,0,1,0,-1,1,0,1000
849636,,bse_fo,IO,SENSEX,SENSEX2631983200CE,CE,SENSEX19MAR2683200.00CE,,1,,,SENSEX2631983200CE,,,5,20,1773944999,1,2,8320000.0,BSE,IO,1773944999,,,,,,,,,,,,,,,,,,,,,,FO,,,,,,,1773878400,1773878400,,,,,Cash,,0,1,0.0,20,2340,2005.0,570.0,1,1,1,0,0,1,0,-1,1,0,1000
850460,,bse_fo,IO,SENSEX,SENSEX2631982100CE,CE,SENSEX19MAR2682100.00CE,,1,,,SENSEX2631982100CE,,,5,20,1773944999,1,2,8210000.0,BSE,IO,1773944999,,,,,,,,,,,,,,,,,,,,,,FO,,,,,,,1773878400,1773878400,,,,,Cash,,0,1,0.0,20,6180,2005.0,1115.0,1,1,1,0,0,1,0,-1,1,0,1000
852133,,bse_fo,IO,SENSEX,SENSEX2631974400PE,PE,SENSEX19MAR2674400.00PE,,1,,,SENSEX2631974400PE,,,5,20,1773944999,1,2,7440000.0,BSE,IO,1773944999,,,,,,,,,,,,,,,,,,,,,,FO,,,,,,,1773878400,1773878400,,,,,Cash,,0,1,0.0,20,47300,193600.0,5.0,1,1,1,0,0,1,0,-1,1,0,1000
886108,,bse_fo,IO,SENSEX,SENSEX2631965500CE,CE,SENSEX19MAR2665500.00CE,,1,,,SENSEX2631965500CE,,,5,20,1773944999,1,2,6550000.0,BSE,IO,1773944999,,,,,,,,,,,,,,,,,,,,,,FO,,,,,,,1773878400,1773878400,,,,,Cash,,1,1,0.0,20,0,1148510.0,670180.0,1,1,1,0,0,1,0,-1,1,0,1000
848868,,bse_fo,IO,SENSEX,SENSEX2631987700PE,PE,SENSEX19MAR2687700.00PE,,1,,,SENSEX2631987700PE,,,5,20,1773944999,1,2,8770000.0,BSE,IO,1773944999,,,,,,,,,,,,,,,,,,,,,,FO,,,,,,,1773878400,1773878400,,,,,Cash,,0,1,0.0,20,0,1544840.0,1066520.0,1,1,1,0,0,1,0,-1,1,0,1000
850400,,bse_fo,IO,SENSEX,SENSEX2631974400CE,CE,SENSEX19MAR2674400.00CE,,1,,,SENSEX2631974400CE,,,5,20,1773944999,1,2,7440000.0,BSE,IO,1773944999,,,,,,,,,,,,,,,,,,,,,,FO,,,,,,,1773878400,1773878400,,,,,Cash,,0,1,0.0,20,20640,253230.0,5.0,1,1,1,0,0,1,0,-1,1,0,1000
884286,,bse_fo,IO,SENSEX,SENSEX2631966700CE,CE,SENSEX19MAR2666700.00CE,,1,,,SENSEX2631966700CE,,,5,20,1773944999,1,2,6670000.0,BSE,IO,1773944999,,,,,,,,,,,,,,,,,,,,,,FO,,,,,,,1773878400,1773878400,,,,,Cash,,1,1,0.0,20,0,1031600.0,553270.0,1,1,1,0,0,1,0,-1,1,0,1000
886498,,bse_fo,IO,SENSEX,SENSEX2631965500PE,PE,SENSEX19MAR2665500.00PE,,1,,,SENSEX2631965500PE,,,5,20,1773944999,1,2,6550000.0,BSE,IO,1773944999,,,,,,,,,,,,,,,,,,,,,,FO,,,,,,,1773878400,1773878400,,,,,Cash,,1,1,0.0,20,0,2005.0,5.0,1,1,1,0,0,1,0,-1,1,0,1000
858169,,bse_fo,IO,SENSEX,SENSEX2631972600CE,CE,SENSEX19MAR2672600.00CE,,1,,,SENSEX2631972600CE,,,5,20,1773944999,1,2,7260000.0,BSE,IO,1773944999,,,,,,,,,,,,,,,,,,,,,,FO,,,,,,,1773878400,1773878400,,,,,Cash,,0,1,0.0,20,600,466660.0,23335.0,1,1,1,0,0,1,0,-1,1,0,1000
852819,,bse_fo,IO,SENSEX,SENSEX2631990900PE,PE,SENSEX19MAR2690900.00PE,,1,,,SENSEX2631990900PE,,,5,20,1773944999,1,2,9090000.0,BSE,IO,1773944999,,,,,,,,,,,,,,,,,,,,,,FO,,,,,,,1773878400,1773878400,,,,,Cash,,0,1,0.0,20,0,1864560.0,1386220.0,1,1,1,0,0,1,0,-1,1,0,1000
886226,,bse_fo,IO,SENSEX,SENSEX2631965700CE,CE,SENSEX19MAR2665700.00CE,,1,,,SENSEX2631965700CE,,,5,20,1773944999,1,2,6570000.0,BSE,IO,1773944999,,,,,,,,,,,,,,,,,,,,,,FO,,,,,,,1773878400,1773878400,,,,,Cash,,1,1,0.0,20,0,1128520.0,650190.0,1,1,1,0,0,1,0,-1,1,0,1000
856512,,bse_fo,IO,SENSEX,SENSEX2631989800PE,PE,SENSEX19MAR2689800.00PE,,1,,,SENSEX2631989800PE,,,5,20,1773944999,1,2,8980000.0,BSE,IO,1773944999,,,,,,,,,,,,,,,,,,,,,,FO,,,,,,,1773878400,1773878400,,,,,Cash,,0,1,0.0,20,0,1754660.0,1276320.0,1,1,1,0,0,1,0,-1,1,0,1000
878674,,bse_fo,IO,SENSEX,SENSEX2631971100PE,PE,SENSEX19MAR2671100.00PE,,1,,,SENSEX2631971100PE,,,5,20,1773944999,1,2,7110000.0,BSE,IO,1773944999,,,,,,,,,,,,,,,,,,,,,,FO,,,,,,,1773878400,1773878400,,,,,Cash,,0,1,0.0,20,18720,24310.0,21470.0,1,1,1,0,0,1,0,-1,1,0,1000
885625,,bse_fo,IO,SENSEX,SENSEX2631966200CE,CE,SENSEX19MAR2666200.00CE,,1,,,SENSEX2631966200CE,,,5,20,1773944999,1,2,6620000.0,BSE,IO,1773944999,,,,,,,,,,,,,,,,,,,,,,FO,,,,,,,1773878400,1773878400,,,,,Cash,,1,1,0.0,20,0,1078540.0,600215.0,1,1,1,0,0,1,0,-1,1,0,1000
855226,,bse_fo,IO,SENSEX,SENSEX2631989100CE,CE,SENSEX19MAR2689100.00CE,,1,,,SENSEX2631989100CE,,,5,20,1773944999,1,2,8910000.0,BSE,IO,1773944999,,,,,,,,,,,,,,,,,,,,,,FO,,,,,,,1773878400,1773878400,,,,,Cash,,0,1,0.0,20,100,2005.0,25.0,1,1,1,0,0,1,0,-1,1,0,1000
855886,,bse_fo,IO,SENSEX,SENSEX2631975000PE,PE,SENSEX19MAR2675000.00PE,,1,,,SENSEX2631975000PE,,,5,20,1773944999,1,2,7500000.0,BSE,IO,1773944999,,,,,,,,,,,,,,,,,,,,,,FO,,,,,,,1773878400,1773878400,,,,,Cash,,0,1,0.0,20,155940,259995.0,5.0,1,1,1,0,0,1,0,-1,1,0,1000
853665,,bse_fo,IO,SENSEX,SENSEX2631979400CE,CE,SENSEX19MAR2679400.00CE,,1,,,SENSEX2631979400CE,,,5,20,1773944999,1,2,7940000.0,BSE,IO,1773944999,,,,,,,,,,,,,,,,,,,,,,FO,,,,,,,1773878400,1773878400,,,,,Cash,,0,1,0.0,20,13380,5790.0,5195.0,1,1,1,0,0,1,0,-1,1,0,1000
882642,,bse_fo,IO,SENSEX,SENSEX2631969200CE,CE,SENSEX19MAR2669200.00CE,,1,,,SENSEX2631969200CE,,,5,20,1773944999,1,2,6920000.0,BSE,IO,1773944999,,,,,,,,,,,,,,,,,,,,,,FO,,,,,,,1773878400,1773878400,,,,,Cash,,0,1,0.0,20,0,782760.0,304450.0,1,1,1,0,0,1,0,-1,1,0,1000
855465,,bse_fo,IO,SENSEX,SENSEX2631989400PE,PE,SENSEX19MAR2689400.00PE,,1,,,SENSEX2631989400PE,,,5,20,1773944999,1,2,8940000.0,BSE,IO,1773944999,,,,,,,,,,,,,,,,,,,,,,FO,,,,,,,1773878400,1773878400,,,,,Cash,,0,1,0.0,20,0,1714690.0,1236360.0,1,1,1,0,0,1,0,-1,1,0,1000
850891,,bse_fo,IO,SENSEX,SENSEX2631974600CE,CE,SENSEX19MAR2674600.00CE,,1,,,SENSEX2631974600CE,,,5,20,1773944999,1,2,7460000.0,BSE,IO,1773944999,,,,,,,,,,,,,,,,,,,,,,FO,,,,,,,1773878400,1773878400,,,,,Cash,,0,1,0.0,20,137360,228955.0,5.0,1,1,1,0,0,1,0,-1,1,0,1000
853447,,bse_fo,IO,SENSEX,SENSEX2631975800PE,PE,SENSEX19MAR2675800.00PE,,1,,,SENSEX2631975800PE,,,5,20,1773944999,1,2,7580000.0,BSE,IO,1773944999,,,,,,,,,,,,,,,,,,,,,,FO,,,,,,,1773878400,1773878400,,,,,Cash,,0,1,0.0,20,12960,354595.0,5.0,1,1,1,0,0,1,0,-1,1,0,1000
855290,,bse_fo,IO,SENSEX,SENSEX2631990100PE,PE,SENSEX19MAR2690100.00PE,,1,,,SENSEX2631990100PE,,,5,20,1773944999,1,2,9010000.0,BSE,IO,1773944999,,,,,,,,,,,,,,,,,,,,,,FO,,,,,,,1773878400,1773878400,,,,,Cash,,0,1,0.0,20,0,1784620.0,1306300.0,1,1,1,0,0,1,0,-1,1,0,1000
862850,,bse_fo,IO,SENSEX,SENSEX2631993500CE,CE,SENSEX19MAR2693500.00CE,,1,,,SENSEX2631993500CE,,,5,20,1773944999,1,2,9350000.0,BSE,IO,1773944999,,,,,,,,,,,,,,,,,,,,,,FO,,,,,,,1773878400,1773878400,,,,,Cash,,1,1,0.0,20,0,2005.0,5.0,1,1,1,0,0,1,0,-1,1,0,1000
852402,,bse_fo,IO,SENSEX,SENSEX2631988000CE,CE,SENSEX19MAR2688000.00CE,,1,,,SENSEX2631988000CE,,,5,20,1773944999,1,2,8800000.0,BSE,IO,1773944999,,,,,,,,,,,,,,,,,,,,,,FO,,,,,,,1773878400,1773878400,,,,,Cash,,0,1,0.0,20,12980,2005.0,60.0,1,1,1,0,0,1,0,-1,1,0,1000
854219,,bse_fo,IO,SENSEX,SENSEX2631973600CE,CE,SENSEX19MAR2673600.00CE,,1,,,SENSEX2631973600CE,,,5,20,1773944999,1,2,7360000.0,BSE,IO,1773944999,,,,,,,,,,,,,,,,,,,,,,FO,,,,,,,1773878400,1773878400,,,,,Cash,,0,1,0.0,20,5620,350150.0,5.0,1,1,1,0,0,1,0,-1,1,0,1000
882542,,bse_fo,IO,SENSEX,SENSEX2631969000CE,CE,SENSEX19MAR2669000.00CE,,1,,,SENSEX2631969000CE,,,5,20,1773944999,1,2,6900000.0,BSE,IO,1773944999,,,,,,,,,,,,,,,,,,,,,,FO,,,,,,,1773878400,1773878400,,,,,Cash,,0,1,0.0,20,0,802530.0,324210.0,1,1,1,0,0,1,0,-1,1,0,1000
848863,,bse_fo,IO,SENSEX,SENSEX2631985400PE,PE,SENSEX19MAR2685400.00PE,,1,,,SENSEX2631985400PE,,,5,20,1773944999,1,2,8540000.0,BSE,IO,1773944999,,,,,,,,,,,,,,,,,,,,,,FO,,,,,,,1773878400,1773878400,,,,,Cash,,0,1,0.0,20,0,1315050.0,836725.0,1,1,1,0,0,1,0,-1,1,0,1000
858108,,bse_fo,IO,SENSEX,SENSEX2631972700PE,PE,SENSEX19MAR2672700.00PE,,1,,,SENSEX2631972700PE,,,5,20,1773944999,1,2,7270000.0,BSE,IO,1773944999,,,,,,,,,,,,,,,,,,,,,,FO,,,,,,,1773878400,1773878400,,,,,Cash,,0,1,0.0,20,30760,64410.0,24510.0,1,1,1,0,0,1,0,-1,1,0,1000
883784,,bse_fo,IO,SENSEX,SENSEX2631967900PE,PE,SENSEX19MAR2667900.00PE,,1,,,SENSEX2631967900PE,,,5,20,1773944999,1,2,6790000.0,BSE,IO,1773944999,,,,,,,,,,,,,,,,,,,,,,FO,,,,,,,1773878400,1773878400,,,,,Cash,,0,1,0.0,20,0,2005.0,5.0,1,1,1,0,0,1,0,-1,1,0,1000
853441,,bse_fo,IO,SENSEX,SENSEX2631973500PE,PE,SENSEX19MAR2673500.00PE,,1,,,SENSEX2631973500PE,,,5,20,1773944999,1,2,7350000.0,BSE,IO,1773944999,,,,,,,,,,,,,,,,,,,,,,FO,,,,,,,1773878400,1773878400,,,,,Cash,,0,1,0.0,20,106760,111550.0,13670.0,1,1,1,0,0,1,0,-1,1,0,1000
862831,,bse_fo,IO,SENSEX,SENSEX2631993600PE,PE,SENSEX19MAR2693600.00PE,,1,,,SENSEX2631993600PE,,,5,20,1773944999,1,2,9360000.0,BSE,IO,1773944999,,,,,,,,,,,,,,,,,,,,,,FO,,,,,,,1773878400,1773878400,,,,,Cash,,1,1,0.0,20,0,2134320.0,1655980.0,1,1,1,0,0,1,0,-1,1,0,1000
852967,,bse_fo,IO,SENSEX,SENSEX2631984500CE,CE,SENSEX19MAR2684500.00CE,,1,,,SENSEX2631984500CE,,,5,20,1773944999,1,2,8450000.0,BSE,IO,1773944999,,,,,,,,,,,,,,,,,,,,,,FO,,,,,,,1773878400,1773878400,,,,,Cash,,0,1,0.0,20,33600,2005.0,290.0,1,1,1,0,0,1,0,-1,1,0,1000
853133,,bse_fo,IO,SENSEX,SENSEX2631979200CE,CE,SENSEX19MAR2679200.00CE,,1,,,SENSEX2631979200CE,,,5,20,1773944999,1,2,7920000.0,BSE,IO,1773944999,,,,,,,,,,,,,,,,,,,,,,FO,,,,,,,1773878400,1773878400,,,,,Cash,,0,1,0.0,20,15480,6650.0,5960.0,1,1,1,0,0,1,0,-1,1,0,1000
849331,,bse_fo,IO,SENSEX,SENSEX2631976300CE,CE,SENSEX19MAR2676300.00CE,,1,,,SENSEX2631976300CE,,,5,20,1773944999,1,2,7630000.0,BSE,IO,1773944999,,,,,,,,,,,,,,,,,,,,,,FO,,,,,,,1773878400,1773878400,,,,,Cash,,0,1,0.0,20,48780,71720.0,4535.0,1,1,1,0,0,1,0,-1,1,0,1000
856510,,bse_fo,IO,SENSEX,SENSEX2631987500PE,PE,SENSEX19MAR2687500.00PE,,1,,,SENSEX2631987500PE,,,5,20,1773944999,1,2,8750000.0,BSE,IO,1773944999,,,,,,,,,,,,,,,,,,,,,,FO,,,,,,,1773878400,1773878400,,,,,Cash,,0,1,0.0,20,0,1524860.0,1046530.0,1,1,1,0,0,1,0,-1,1,0,1000
860725,,bse_fo,IO,SENSEX,SENSEX2631993100CE,CE,SENSEX19MAR2693100.00CE,,1,,,SENSEX2631993100CE,,,5,20,1773944999,1,2,9310000.0,BSE,IO,1773944999,,,,,,,,,,,,,,,,,,,,,,FO,,,,,,,1773878400,1773878400,,,,,Cash,,1,1,0.0,20,0,2005.0,5.0,1,1,1,0,0,1,0,-1,1,0,1000
850616,,bse_fo,IO,SENSEX,SENSEX2631974700PE,PE,SENSEX19MAR2674700.00PE,,1,,,SENSEX2631974700PE,,,5,20,1773944999,1,2,7470000.0,BSE,IO,1773944999,,,,,,,,,,,,,,,,,,,,,,FO,,,,,,,1773878400,1773878400,,,,,Cash,,0,1,0.0,20,84180,225530.0,5.0,1,1,1,0,0,1,0,-1,1,0,1000
854836,,bse_fo,IO,SENSEX,SENSEX2631990800PE,PE,SENSEX19MAR2690800.00PE,,1,,,SENSEX2631990800PE,,,5,20,1773944999,1,2,9080000.0,BSE,IO,1773944999,,,,,,,,,,,,,,,,,,,,,,FO,,,,,,,1773878400,1773878400,,,,,Cash,,0,1,0.0,20,0,1854560.0,1376240.0,1,1,1,0,0,1,0,-1,1,0,1000
883106,,bse_fo,IO,SENSEX,SENSEX2631969300CE,CE,SENSEX19MAR2669300.00CE,,1,,,SENSEX2631969300CE,,,5,20,1773944999,1,2,6930000.0,BSE,IO,1773944999,,,,,,,,,,,,,,,,,,,,,,FO,,,,,,,1773878400,1773878400,,,,,Cash,,0,1,0.0,20,0,772895.0,294595.0,1,1,1,0,0,1,0,-1,1,0,1000
849330,,bse_fo,IO,SENSEX,SENSEX2631974000CE,CE,SENSEX19MAR2674000.00CE,,1,,,SENSEX2631974000CE,,,5,20,1773944999,1,2,7400000.0,BSE,IO,1773944999,,,,,,,,,,,,,,,,,,,,,,FO,,,,,,,1773878400,1773878400,,,,,Cash,,0,1,0.0,20,34840,302140.0,5.0,1,1,1,0,0,1,0,-1,1,0,1000
850506,,bse_fo,IO,SENSEX,SENSEX2631980700CE,CE,SENSEX19MAR2680700.00CE,,1,,,SENSEX2631980700CE,,,5,20,1773944999,1,2,8070000.0,BSE,IO,1773944999,,,,,,,,,,,,,,,,,,,,,,FO,,,,,,,1773878400,1773878400,,,,,Cash,,0,1,0.0,20,8660,2990.0,2395.0,1,1,1,0,0,1,0,-1,1,0,1000
852992,,bse_fo,IO,SENSEX,SENSEX2631987900PE,PE,SENSEX19MAR2687900.00PE,,1,,,SENSEX2631987900PE,,,5,20,1773944999,1,2,8790000.0,BSE,IO,1773944999,,,,,,,,,,,,,,,,,,,,,,FO,,,,,,,1773878400,1773878400,,,,,Cash,,0,1,0.0,20,0,1564820.0,1086500.0,1,1,1,0,0,1,0,-1,1,0,1000
850857,,bse_fo,IO,SENSEX,SENSEX2631983000PE,PE,SENSEX19MAR2683000.00PE,,1,,,SENSEX2631983000PE,,,5,20,1773944999,1,2,8300000.0,BSE,IO,1773944999,,,,,,,,,,,,,,,,,,,,,,FO,,,,,,,1773878400,1773878400,,,,,Cash,,0,1,0.0,20,4080,1079160.0,600830.0,1,1,1,0,0,1,0,-1,1,0,1000
879365,,bse_fo,IO,SENSEX,SENSEX2631970100PE,PE,SENSEX19MAR2670100.00PE,,1,,,SENSEX2631970100PE,,,5,20,1773944999,1,2,7010000.0,BSE,IO,1773944999,,,,,,,,,,,,,,,,,,,,,,FO,,,,,,,1773878400,1773878400,,,,,Cash,,0,1,0.0,20,0,3100.0,2515.0,1,1,1,0,0,1,0,-1,1,0,1000
853946,,bse_fo,IO,SENSEX,SENSEX2631984000CE,CE,SENSEX19MAR2684000.00CE,,1,,,SENSEX2631984000CE,,,5,20,1773944999,1,2,8400000.0,BSE,IO,1773944999,,,,,,,,,,,,,,,,,,,,,,FO,,,,,,,1773878400,1773878400,,,,,Cash,,0,1,0.0,20,84680,2005.0,420.0,1,1,1,0,0,1,0,-1,1,0,1000
853083,,bse_fo,IO,SENSEX,SENSEX2631990800CE,CE,SENSEX19MAR2690800.00CE,,1,,,SENSEX2631990800CE,,,5,20,1773944999,1,2,9080000.0,BSE,IO,1773944999,,,,,,,,,,,,,,,,,,,,,,FO,,,,,,,1773878400,1773878400,,,,,Cash,,0,1,0.0,20,160,2005.0,5.0,1,1,1,0,0,1,0,-1,1,0,1000
882526,,bse_fo,IO,SENSEX,SENSEX2631968300PE,PE,SENSEX19MAR2668300.00PE,,1,,,SENSEX2631968300PE,,,5,20,1773944999,1,2,6830000.0,BSE,IO,1773944999,,,,,,,,,,,,,,,,,,,,,,FO,,,,,,,1773878400,1773878400,,,,,Cash,,0,1,0.0,20,0,2005.0,5.0,1,1,1,0,0,1,0,-1,1,0,1000
854488,,bse_fo,IO,SENSEX,SENSEX2631985300PE,PE,SENSEX19MAR2685300.00PE,,1,,,SENSEX2631985300PE,,,5,20,1773944999,1,2,8530000.0,BSE,IO,1773944999,,,,,,,,,,,,,,,,,,,,,,FO,,,,,,,1773878400,1773878400,,,,,Cash,,0,1,0.0,20,0,1305060.0,826730.0,1,1,1,0,0,1,0,-1,1,0,1000
852020,,bse_fo,IO,SENSEX,SENSEX2631982700CE,CE,SENSEX19MAR2682700.00CE,,1,,,SENSEX2631982700CE,,,5,20,1773944999,1,2,8270000.0,BSE,IO,1773944999,,,,,,,,,,,,,,,,,,,,,,FO,,,,,,,1773878400,1773878400,,,,,Cash,,0,1,0.0,20,4260,2005.0,780.0,1,1,1,0,0,1,0,-1,1,0,1000
851616,,bse_fo,IO,SENSEX,SENSEX2631976500PE,PE,SENSEX19MAR2676500.00PE,,1,,,SENSEX2631976500PE,,,5,20,1773944999,1,2,7650000.0,BSE,IO,1773944999,,,,,,,,,,,,,,,,,,,,,,FO,,,,,,,1773878400,1773878400,,,,,Cash,,0,1,0.0,20,91760,433250.0,8900.0,1,1,1,0,0,1,0,-1,1,0,1000
849305,,bse_fo,IO,SENSEX,SENSEX2631987000PE,PE,SENSEX19MAR2687000.00PE,,1,,,SENSEX2631987000PE,,,5,20,1773944999,1,2,8700000.0,BSE,IO,1773944999,,,,,,,,,,,,,,,,,,,,,,FO,,,,,,,1773878400,1773878400,,,,,Cash,,0,1,0.0,20,60,1474900.0,996575.0,1,1,1,0,0,1,0,-1,1,0,1000
852376,,bse_fo,IO,SENSEX,SENSEX2631974300CE,CE,SENSEX19MAR2674300.00CE,,1,,,SENSEX2631974300CE,,,5,20,1773944999,1,2,7430000.0,BSE,IO,1773944999,,,,,,,,,,,,,,,,,,,,,,FO,,,,,,,1773878400,1773878400,,,,,Cash,,0,1,0.0,20,12340,265605.0,5.0,1,1,1,0,0,1,0,-1,1,0,1000
852710,,bse_fo,IO,SENSEX,SENSEX2631984600PE,PE,SENSEX19MAR2684600.00PE,,1,,,SENSEX2631984600PE,,,5,20,1773944999,1,2,8460000.0,BSE,IO,1773944999,,,,,,,,,,,,,,,,,,,,,,FO,,,,,,,1773878400,1773878400,,,,,Cash,,0,1,0.0,20,0,1235130.0,756800.0,1,1,1,0,0,1,0,-1,1,0,1000
883858,,bse_fo,IO,SENSEX,SENSEX2631967400PE,PE,SENSEX19MAR2667400.00PE,,1,,,SENSEX2631967400PE,,,5,20,1773944999,1,2,6740000.0,BSE,IO,1773944999,,,,,,,,,,,,,,,,,,,,,,FO,,,,,,,1773878400,1773878400,,,,,Cash,,0,1,0.0,20,0,2295.0,1700.0,1,1,1,0,0,1,0,-1,1,0,1000
851020,,bse_fo,IO,SENSEX,SENSEX2631980900CE,CE,SENSEX19MAR2680900.00CE,,1,,,SENSEX2631980900CE,,,5,20,1773944999,1,2,8090000.0,BSE,IO,1773944999,,,,,,,,,,,,,,,,,,,,,,FO,,,,,,,1773878400,1773878400,,,,,Cash,,0,1,0.0,20,12340,2750.0,2165.0,1,1,1,0,0,1,0,-1,1,0,1000
860993,,bse_fo,IO,SENSEX,SENSEX2631993300PE,PE,SENSEX19MAR2693300.00PE,,1,,,SENSEX2631993300PE,,,5,20,1773944999,1,2,9330000.0,BSE,IO,1773944999,,,,,,,,,,,,,,,,,,,,,,FO,,,,,,,1773878400,1773878400,,,,,Cash,,1,1,0.0,20,0,2104340.0,1626000.0,1,1,1,0,0,1,0,-1,1,0,1000
884644,,bse_fo,IO,SENSEX,SENSEX2631967200PE,PE,SENSEX19MAR2667200.00PE,,1,,,SENSEX2631967200PE,,,5,20,1773944999,1,2,6720000.0,BSE,IO,1773944999,,,,,,,,,,,,,,,,,,,,,,FO,,,,,,,1773878400,1773878400,,,,,Cash,,0,1,0.0,20,0,2005.0,5.0,1,1,1,0,0,1,0,-1,1,0,1000
850196,,bse_fo,IO,SENSEX,SENSEX2631984500PE,PE,SENSEX19MAR2684500.00PE,,1,,,SENSEX2631984500PE,,,5,20,1773944999,1,2,8450000.0,BSE,IO,1773944999,,,,,,,,,,,,,,,,,,,,,,FO,,,,,,,1773878400,1773878400,,,,,Cash,,0,1,0.0,20,6420,1225140.0,746810.0,1,1,1,0,0,1,0,-1,1,0,1000
855778,,bse_fo,IO,SENSEX,SENSEX2631987900CE,CE,SENSEX19MAR2687900.00CE,,1,,,SENSEX2631987900CE,,,5,20,1773944999,1,2,8790000.0,BSE,IO,1773944999,,,,,,,,,,,,,,,,,,,,,,FO,,,,,,,1773878400,1773878400,,,,,Cash,,0,1,0.0,20,220,2005.0,20.0,1,1,1,0,0,1,0,-1,1,0,1000
858852,,bse_fo,IO,SENSEX,SENSEX2631972200CE,CE,SENSEX19MAR2672200.00CE,,1,,,SENSEX2631972200CE,,,5,20,1773944999,1,2,7220000.0,BSE,IO,1773944999,,,,,,,,,,,,,,,,,,,,,,FO,,,,,,,1773878400,1773878400,,,,,Cash,,0,1,0.0,20,0,492770.0,34290.0,1,1,1,0,0,1,0,-1,1,0,1000
852655,,bse_fo,IO,SENSEX,SENSEX2631988300PE,PE,SENSEX19MAR2688300.00PE,,1,,,SENSEX2631988300PE,,,5,20,1773944999,1,2,8830000.0,BSE,IO,1773944999,,,,,,,,,,,,,,,,,,,,,,FO,,,,,,,1773878400,1773878400,,,,,Cash,,0,1,0.0,20,0,1604790.0,1126460.0,1,1,1,0,0,1,0,-1,1,0,1000
855006,,bse_fo,IO,SENSEX,SENSEX2631987800PE,PE,SENSEX19MAR2687800.00PE,,1,,,SENSEX2631987800PE,,,5,20,1773944999,1,2,8780000.0,BSE,IO,1773944999,,,,,,,,,,,,,,,,,,,,,,FO,,,,,,,1773878400,1773878400,,,,,Cash,,0,1,0.0,20,0,1554840.0,1076500.0,1,1,1,0,0,1,0,-1,1,0,1000
854774,,bse_fo,IO,SENSEX,SENSEX2631989800CE,CE,SENSEX19MAR2689800.00CE,,1,,,SENSEX2631989800CE,,,5,20,1773944999,1,2,8980000.0,BSE,IO,1773944999,,,,,,,,,,,,,,,,,,,,,,FO,,,,,,,1773878400,1773878400,,,,,Cash,,0,1,0.0,20,1240,2005.0,5.0,1,1,1,0,0,1,0,-1,1,0,1000
850070,,bse_fo,IO,SENSEX,SENSEX2631990500CE,CE,SENSEX19MAR2690500.00CE,,1,,,SENSEX2631990500CE,,,5,20,1773944999,1,2,9050000.0,BSE,IO,1773944999,,,,,,,,,,,,,,,,,,,,,,FO,,,,,,,1773878400,1773878400,,,,,Cash,,0,1,0.0,20,700,2005.0,60.0,1,1,1,0,0,1,0,-1,1,0,1000
856025,,bse_fo,IO,SENSEX,SENSEX2631985900PE,PE,SENSEX19MAR2685900.00PE,,1,,,SENSEX2631985900PE,,,5,20,1773944999,1,2,8590000.0,BSE,IO,1773944999,,,,,,,,,,,,,,,,,,,,,,FO,,,,,,,1773878400,1773878400,,,,,Cash,,0,1,0.0,20,0,1365000.0,886675.0,1,1,1,0,0,1,0,-1,1,0,1000
879668,,bse_fo,IO,SENSEX,SENSEX2631969700CE,CE,SENSEX19MAR2669700.00CE,,1,,,SENSEX2631969700CE,,,5,20,1773944999,1,2,6970000.0,BSE,IO,1773944999,,,,,,,,,,,,,,,,,,,,,,FO,,,,,,,1773878400,1773878400,,,,,Cash,,0,1,0.0,20,0,733580.0,255350.0,1,1,1,0,0,1,0,-1,1,0,1000
886390,,bse_fo,IO,SENSEX,SENSEX2631965300PE,PE,SENSEX19MAR2665300.00PE,,1,,,SENSEX2631965300PE,,,5,20,1773944999,1,2,6530000.0,BSE,IO,1773944999,,,,,,,,,,,,,,,,,,,,,,FO,,,,,,,1773878400,1773878400,,,,,Cash,,1,1,0.0,20,0,2005.0,5.0,1,1,1,0,0,1,0,-1,1,0,1000
853977,,bse_fo,IO,SENSEX,SENSEX2631987400PE,PE,SENSEX19MAR2687400.00PE,,1,,,SENSEX2631987400PE,,,5,20,1773944999,1,2,8740000.0,BSE,IO,1773944999,,,,,,,,,,,,,,,,,,,,,,FO,,,,,,,1773878400,1773878400,,,,,Cash,,0,1,0.0,20,0,1514870.0,1036540.0,1,1,1,0,0,1,0,-1,1,0,1000
855692,,bse_fo,IO,SENSEX,SENSEX2631977900CE,CE,SENSEX19MAR2677900.00CE,,1,,,SENSEX2631977900CE,,,5,20,1773944999,1,2,7790000.0,BSE,IO,1773944999,,,,,,,,,,,,,,,,,,,,,,FO,,,,,,,1773878400,1773878400,,,,,Cash,,0,1,0.0,20,48900,18180.0,10345.0,1,1,1,0,0,1,0,-1,1,0,1000
855716,,bse_fo,IO,SENSEX,SENSEX2631989300CE,CE,SENSEX19MAR2689300.00CE,,1,,,SENSEX2631989300CE,,,5,20,1773944999,1,2,8930000.0,BSE,IO,1773944999,,,,,,,,,,,,,,,,,,,,,,FO,,,,,,,1773878400,1773878400,,,,,Cash,,0,1,0.0,20,120,2005.0,20.0,1,1,1,0,0,1,0,-1,1,0,1000
852221,,bse_fo,IO,SENSEX,SENSEX2631986700PE,PE,SENSEX19MAR2686700.00PE,,1,,,SENSEX2631986700PE,,,5,20,1773944999,1,2,8670000.0,BSE,IO,1773944999,,,,,,,,,,,,,,,,,,,,,,FO,,,,,,,1773878400,1773878400,,,,,Cash,,0,1,0.0,20,0,1444940.0,966605.0,1,1,1,0,0,1,0,-1,1,0,1000
850245,,bse_fo,IO,SENSEX,SENSEX2631980800PE,PE,SENSEX19MAR2680800.00PE,,1,,,SENSEX2631980800PE,,,5,20,1773944999,1,2,8080000.0,BSE,IO,1773944999,,,,,,,,,,,,,,,,,,,,,,FO,,,,,,,1773878400,1773878400,,,,,Cash,,0,1,0.0,20,600,836770.0,358455.0,1,1,1,0,0,1,0,-1,1,0,1000
850845,,bse_fo,IO,SENSEX,SENSEX2631978300CE,CE,SENSEX19MAR2678300.00CE,,1,,,SENSEX2631978300CE,,,5,20,1773944999,1,2,7830000.0,BSE,IO,1773944999,,,,,,,,,,,,,,,,,,,,,,FO,,,,,,,1773878400,1773878400,,,,,Cash,,0,1,0.0,20,34000,12995.0,9035.0,1,1,1,0,0,1,0,-1,1,0,1000
848724,,bse_fo,IO,SENSEX,SENSEX2631991400CE,CE,SENSEX19MAR2691400.00CE,,1,,,SENSEX2631991400CE,,,5,20,1773944999,1,2,9140000.0,BSE,IO,1773944999,,,,,,,,,,,,,,,,,,,,,,FO,,,,,,,1773878400,1773878400,,,,,Cash,,0,1,0.0,20,1340,2005.0,25.0,1,1,1,0,0,1,0,-1,1,0,1000
854149,,bse_fo,IO,SENSEX,SENSEX2631988000PE,PE,SENSEX19MAR2688000.00PE,,1,,,SENSEX2631988000PE,,,5,20,1773944999,1,2,8800000.0,BSE,IO,1773944999,,,,,,,,,,,,,,,,,,,,,,FO,,,,,,,1773878400,1773878400,,,,,Cash,,0,1,0.0,20,200,1574820.0,1096480.0,1,1,1,0,0,1,0,-1,1,0,1000
850465,,bse_fo,IO,SENSEX,SENSEX2631984400CE,CE,SENSEX19MAR2684400.00CE,,1,,,SENSEX2631984400CE,,,5,20,1773944999,1,2,8440000.0,BSE,IO,1773944999,,,,,,,,,,,,,,,,,,,,,,FO,,,,,,,1773878400,1773878400,,,,,Cash,,0,1,0.0,20,220,2005.0,390.0,1,1,1,0,0,1,0,-1,1,0,1000
855281,,bse_fo,IO,SENSEX,SENSEX2631987700CE,CE,SENSEX19MAR2687700.00CE,,1,,,SENSEX2631987700CE,,,5,20,1773944999,1,2,8770000.0,BSE,IO,1773944999,,,,,,,,,,,,,,,,,,,,,,FO,,,,,,,1773878400,1773878400,,,,,Cash,,0,1,0.0,20,1980,2005.0,100.0,1,1,1,0,0,1,0,-1,1,0,1000
856241,,bse_fo,IO,SENSEX,SENSEX2631989500CE,CE,SENSEX19MAR2689500.00CE,,1,,,SENSEX2631989500CE,,,5,20,1773944999,1,2,8950000.0,BSE,IO,1773944999,,,,,,,,,,,,,,,,,,,,,,FO,,,,,,,1773878400,1773878400,,,,,Cash,,0,1,0.0,20,5080,2005.0,5.0,1,1,1,0,0,1,0,-1,1,0,1000
854751,,bse_fo,IO,SENSEX,SENSEX2631973800CE,CE,SENSEX19MAR2673800.00CE,,1,,,SENSEX2631973800CE,,,5,20,1773944999,1,2,7380000.0,BSE,IO,1773944999,,,,,,,,,,,,,,,,,,,,,,FO,,,,,,,1773878400,1773878400,,,,,Cash,,0,1,0.0,20,4740,328115.0,5.0,1,1,1,0,0,1,0,-1,1,0,1000
877839,,bse_fo,IO,SENSEX,SENSEX2631971000PE,PE,SENSEX19MAR2671000.00PE,,1,,,SENSEX2631971000PE,,,5,20,1773944999,1,2,7100000.0,BSE,IO,1773944999,,,,,,,,,,,,,,,,,,,,,,FO,,,,,,,1773878400,1773878400,,,,,Cash,,0,1,0.0,20,152400,22745.0,20435.0,1,1,1,0,0,1,0,-1,1,0,1000
885045,,bse_fo,IO,SENSEX,SENSEX2631966800CE,CE,SENSEX19MAR2666800.00CE,,1,,,SENSEX2631966800CE,,,5,20,1773944999,1,2,6680000.0,BSE,IO,1773944999,,,,,,,,,,,,,,,,,,,,,,FO,,,,,,,1773878400,1773878400,,,,,Cash,,1,1,0.0,20,0,1021620.0,543290.0,1,1,1,0,0,1,0,-1,1,0,1000
855455,,bse_fo,IO,SENSEX,SENSEX2631987100PE,PE,SENSEX19MAR2687100.00PE,,1,,,SENSEX2631987100PE,,,5,20,1773944999,1,2,8710000.0,BSE,IO,1773944999,,,,,,,,,,,,,,,,,,,,,,FO,,,,,,,1773878400,1773878400,,,,,Cash,,0,1,0.0,20,0,1484900.0,1006560.0,1,1,1,0,0,1,0,-1,1,0,1000
884236,,bse_fo,IO,SENSEX,SENSEX2631966500CE,CE,SENSEX19MAR2666500.00CE,,1,,,SENSEX2631966500CE,,,5,20,1773944999,1,2,6650000.0,BSE,IO,1773944999,,,,,,,,,,,,,,,,,,,,,,FO,,,,,,,1773878400,1773878400,,,,,Cash,,1,1,0.0,20,0,1051580.0,573245.0,1,1,1,0,0,1,0,-1,1,0,1000
853888,,bse_fo,IO,SENSEX,SENSEX2631975100PE,PE,SENSEX19MAR2675100.00PE,,1,,,SENSEX2631975100PE,,,5,20,1773944999,1,2,7510000.0,BSE,IO,1773944999,,,,,,,,,,,,,,,,,,,,,,FO,,,,,,,1773878400,1773878400,,,,,Cash,,0,1,0.0,20,81380,271180.0,5.0,1,1,1,0,0,1,0,-1,1,0,1000
884023,,bse_fo,IO,SENSEX,SENSEX2631968000CE,CE,SENSEX19MAR2668000.00CE,,1,,,SENSEX2631968000CE,,,5,20,1773944999,1,2,6800000.0,BSE,IO,1773944999,,,,,,,,,,,,,,,,,,,,,,FO,,,,,,,1773878400,1773878400,,,,,Cash,,0,1,0.0,20,0,901885.0,423555.0,1,1,1,0,0,1,0,-1,1,0,1000
848979,,bse_fo,IO,SENSEX,SENSEX2631991700PE,PE,SENSEX19MAR2691700.00PE,,1,,,SENSEX2631991700PE,,,5,20,1773944999,1,2,9170000.0,BSE,IO,1773944999,,,,,,,,,,,,,,,,,,,,,,FO,,,,,,,1773878400,1773878400,,,,,Cash,,0,1,0.0,20,0,1944480.0,1466150.0,1,1,1,0,0,1,0,-1,1,0,1000
852201,,bse_fo,IO,SENSEX,SENSEX2631979700CE,CE,SENSEX19MAR2679700.00CE,,1,,,SENSEX2631979700CE,,,5,20,1773944999,1,2,7970000.0,BSE,IO,1773944999,,,,,,,,,,,,,,,,,,,,,,FO,,,,,,,1773878400,1773878400,,,,,Cash,,0,1,0.0,20,19940,4955.0,4360.0,1,1,1,0,0,1,0,-1,1,0,1000
853567,,bse_fo,IO,SENSEX,SENSEX2631990100CE,CE,SENSEX19MAR2690100.00CE,,1,,,SENSEX2631990100CE,,,5,20,1773944999,1,2,9010000.0,BSE,IO,1773944999,,,,,,,,,,,,,,,,,,,,,,FO,,,,,,,1773878400,1773878400,,,,,Cash,,0,1,0.0,20,280,2005.0,5.0,1,1,1,0,0,1,0,-1,1,0,1000
849715,,bse_fo,IO,SENSEX,SENSEX2631982900PE,PE,SENSEX19MAR2682900.00PE,,1,,,SENSEX2631982900PE,,,5,20,1773944999,1,2,8290000.0,BSE,IO,1773944999,,,,,,,,,,,,,,,,,,,,,,FO,,,,,,,1773878400,1773878400,,,,,Cash,,0,1,0.0,20,0,1065340.0,587005.0,1,1,1,0,0,1,0,-1,1,0,1000
879153,,bse_fo,IO,SENSEX,SENSEX2631970600PE,PE,SENSEX19MAR2670600.00PE,,1,,,SENSEX2631970600PE,,,5,20,1773944999,1,2,7060000.0,BSE,IO,1773944999,,,,,,,,,,,,,,,,,,,,,,FO,,,,,,,1773878400,1773878400,,,,,Cash,,0,1,0.0,20,18240,18640.0,17685.0,1,1,1,0,0,1,0,-1,1,0,1000
856426,,bse_fo,IO,SENSEX,SENSEX2631977500PE,PE,SENSEX19MAR2677500.00PE,,1,,,SENSEX2631977500PE,,,5,20,1773944999,1,2,7750000.0,BSE,IO,1773944999,,,,,,,,,,,,,,,,,,,,,,FO,,,,,,,1773878400,1773878400,,,,,Cash,,0,1,0.0,20,57840,537510.0,73800.0,1,1,1,0,0,1,0,-1,1,0,1000
854361,,bse_fo,IO,SENSEX,SENSEX2631991300CE,CE,SENSEX19MAR2691300.00CE,,1,,,SENSEX2631991300CE,,,5,20,1773944999,1,2,9130000.0,BSE,IO,1773944999,,,,,,,,,,,,,,,,,,,,,,FO,,,,,,,1773878400,1773878400,,,,,Cash,,0,1,0.0,20,1180,2005.0,5.0,1,1,1,0,0,1,0,-1,1,0,1000
859112,,bse_fo,IO,SENSEX,SENSEX2631971300CE,CE,SENSEX19MAR2671300.00CE,,1,,,SENSEX2631971300CE,,,5,20,1773944999,1,2,7130000.0,BSE,IO,1773944999,,,,,,,,,,,,,,,,,,,,,,FO,,,,,,,1773878400,1773878400,,,,,Cash,,0,1,0.0,20,0,579395.0,105295.0,1,1,1,0,0,1,0,-1,1,0,1000
885525,,bse_fo,IO,SENSEX,SENSEX2631966000CE,CE,SENSEX19MAR2666000.00CE,,1,,,SENSEX2631966000CE,,,5,20,1773944999,1,2,6600000.0,BSE,IO,1773944999,,,,,,,,,,,,,,,,,,,,,,FO,,,,,,,1773878400,1773878400,,,,,Cash,,1,1,0.0,20,0,1098540.0,620205.0,1,1,1,0,0,1,0,-1,1,0,1000
849130,,bse_fo,IO,SENSEX,SENSEX2631985300CE,CE,SENSEX19MAR2685300.00CE,,1,,,SENSEX2631985300CE,,,5,20,1773944999,1,2,8530000.0,BSE,IO,1773944999,,,,,,,,,,,,,,,,,,,,,,FO,,,,,,,1773878400,1773878400,,,,,Cash,,0,1,0.0,20,2400,2005.0,250.0,1,1,1,0,0,1,0,-1,1,0,1000
854427,,bse_fo,IO,SENSEX,SENSEX2631979900PE,PE,SENSEX19MAR2679900.00PE,,1,,,SENSEX2631979900PE,,,5,20,1773944999,1,2,7990000.0,BSE,IO,1773944999,,,,,,,,,,,,,,,,,,,,,,FO,,,,,,,1773878400,1773878400,,,,,Cash,,0,1,0.0,20,1060,690085.0,211910.0,1,1,1,0,0,1,0,-1,1,0,1000
851143,,bse_fo,IO,SENSEX,SENSEX2631986300PE,PE,SENSEX19MAR2686300.00PE,,1,,,SENSEX2631986300PE,,,5,20,1773944999,1,2,8630000.0,BSE,IO,1773944999,,,,,,,,,,,,,,,,,,,,,,FO,,,,,,,1773878400,1773878400,,,,,Cash,,0,1,0.0,20,0,1404970.0,926640.0,1,1,1,0,0,1,0,-1,1,0,1000
854288,,bse_fo,IO,SENSEX,SENSEX2631981300CE,CE,SENSEX19MAR2681300.00CE,,1,,,SENSEX2631981300CE,,,5,20,1773944999,1,2,8130000.0,BSE,IO,1773944999,,,,,,,,,,,,,,,,,,,,,,FO,,,,,,,1773878400,1773878400,,,,,Cash,,0,1,0.0,20,9000,2345.0,1750.0,1,1,1,0,0,1,0,-1,1,0,1000
852692,,bse_fo,IO,SENSEX,SENSEX2631979900CE,CE,SENSEX19MAR2679900.00CE,,1,,,SENSEX2631979900CE,,,5,20,1773944999,1,2,7990000.0,BSE,IO,1773944999,,,,,,,,,,,,,,,,,,,,,,FO,,,,,,,1773878400,1773878400,,,,,Cash,,0,1,0.0,20,18420,4480.0,3885.0,1,1,1,0,0,1,0,-1,1,0,1000
849665,,bse_fo,IO,SENSEX,SENSEX2631988900PE,PE,SENSEX19MAR2688900.00PE,,1,,,SENSEX2631988900PE,,,5,20,1773944999,1,2,8890000.0,BSE,IO,1773944999,,,,,,,,,,,,,,,,,,,,,,FO,,,,,,,1773878400,1773878400,,,,,Cash,,0,1,0.0,20,0,1664740.0,1186400.0,1,1,1,0,0,1,0,-1,1,0,1000
855955,,bse_fo,IO,SENSEX,SENSEX2631975900PE,PE,SENSEX19MAR2675900.00PE,,1,,,SENSEX2631975900PE,,,5,20,1773944999,1,2,7590000.0,BSE,IO,1773944999,,,,,,,,,,,,,,,,,,,,,,FO,,,,,,,1773878400,1773878400,,,,,Cash,,0,1,0.0,20,13500,366055.0,5.0,1,1,1,0,0,1,0,-1,1,0,1000
855771,,bse_fo,IO,SENSEX,SENSEX2631985600CE,CE,SENSEX19MAR2685600.00CE,,1,,,SENSEX2631985600CE,,,5,20,1773944999,1,2,8560000.0,BSE,IO,1773944999,,,,,,,,,,,,,,,,,,,,,,FO,,,,,,,1773878400,1773878400,,,,,Cash,,0,1,0.0,20,1780,2005.0,140.0,1,1,1,0,0,1,0,-1,1,0,1000
851688,,bse_fo,IO,SENSEX,SENSEX2631984200PE,PE,SENSEX19MAR2684200.00PE,,1,,,SENSEX2631984200PE,,,5,20,1773944999,1,2,8420000.0,BSE,IO,1773944999,,,,,,,,,,,,,,,,,,,,,,FO,,,,,,,1773878400,1773878400,,,,,Cash,,0,1,0.0,20,0,1195170.0,716840.0,1,1,1,0,0,1,0,-1,1,0,1000
885969,,bse_fo,IO,SENSEX,SENSEX2631965300CE,CE,SENSEX19MAR2665300.00CE,,1,,,SENSEX2631965300CE,,,5,20,1773944999,1,2,6530000.0,BSE,IO,1773944999,,,,,,,,,,,,,,,,,,,,,,FO,,,,,,,1773878400,1773878400,,,,,Cash,,1,1,0.0,20,0,1168500.0,690175.0,1,1,1,0,0,1,0,-1,1,0,1000
855491,,bse_fo,IO,SENSEX,SENSEX2631981100PE,PE,SENSEX19MAR2681100.00PE,,1,,,SENSEX2631981100PE,,,5,20,1773944999,1,2,8110000.0,BSE,IO,1773944999,,,,,,,,,,,,,,,,,,,,,,FO,,,,,,,1773878400,1773878400,,,,,Cash,,0,1,0.0,20,720,881155.0,402835.0,1,1,1,0,0,1,0,-1,1,0,1000
883232,,bse_fo,IO,SENSEX,SENSEX2631968200CE,CE,SENSEX19MAR2668200.00CE,,1,,,SENSEX2631968200CE,,,5,20,1773944999,1,2,6820000.0,BSE,IO,1773944999,,,,,,,,,,,,,,,,,,,,,,FO,,,,,,,1773878400,1773878400,,,,,Cash,,0,1,0.0,20,0,881970.0,403635.0,1,1,1,0,0,1,0,-1,1,0,1000
850985,,bse_fo,IO,SENSEX,SENSEX2631984600CE,CE,SENSEX19MAR2684600.00CE,,1,,,SENSEX2631984600CE,,,5,20,1773944999,1,2,8460000.0,BSE,IO,1773944999,,,,,,,,,,,,,,,,,,,,,,FO,,,,,,,1773878400,1773878400,,,,,Cash,,0,1,0.0,20,800,2005.0,330.0,1,1,1,0,0,1,0,-1,1,0,1000
851080,,bse_fo,IO,SENSEX,SENSEX2631990900CE,CE,SENSEX19MAR2690900.00CE,,1,,,SENSEX2631990900CE,,,5,20,1773944999,1,2,9090000.0,BSE,IO,1773944999,,,,,,,,,,,,,,,,,,,,,,FO,,,,,,,1773878400,1773878400,,,,,Cash,,0,1,0.0,20,2800,2005.0,5.0,1,1,1,0,0,1,0,-1,1,0,1000
849333,,bse_fo,IO,SENSEX,SENSEX2631978600CE,CE,SENSEX19MAR2678600.00CE,,1,,,SENSEX2631978600CE,,,5,20,1773944999,1,2,7860000.0,BSE,IO,1773944999,,,,,,,,,,,,,,,,,,,,,,FO,,,,,,,1773878400,1773878400,,,,,Cash,,0,1,0.0,20,50460,10410.0,8120.0,1,1,1,0,0,1,0,-1,1,0,1000
852767,,bse_fo,IO,SENSEX,SENSEX2631990000PE,PE,SENSEX19MAR2690000.00PE,,1,,,SENSEX2631990000PE,,,5,20,1773944999,1,2,9000000.0,BSE,IO,1773944999,,,,,,,,,,,,,,,,,,,,,,FO,,,,,,,1773878400,1773878400,,,,,Cash,,0,1,0.0,20,1260,1774640.0,1296300.0,1,1,1,0,0,1,0,-1,1,0,1000
853183,,bse_fo,IO,SENSEX,SENSEX2631973200CE,CE,SENSEX19MAR2673200.00CE,,1,,,SENSEX2631973200CE,,,5,20,1773944999,1,2,7320000.0,BSE,IO,1773944999,,,,,,,,,,,,,,,,,,,,,,FO,,,,,,,1773878400,1773878400,,,,,Cash,,0,1,0.0,20,1480,400885.0,5.0,1,1,1,0,0,1,0,-1,1,0,1000
850647,,bse_fo,IO,SENSEX,SENSEX2631988400PE,PE,SENSEX19MAR2688400.00PE,,1,,,SENSEX2631988400PE,,,5,20,1773944999,1,2,8840000.0,BSE,IO,1773944999,,,,,,,,,,,,,,,,,,,,,,FO,,,,,,,1773878400,1773878400,,,,,Cash,,0,1,0.0,20,0,1614780.0,1136450.0,1,1,1,0,0,1,0,-1,1,0,1000
855502,,bse_fo,IO,SENSEX,SENSEX2631985700PE,PE,SENSEX19MAR2685700.00PE,,1,,,SENSEX2631985700PE,,,5,20,1773944999,1,2,8570000.0,BSE,IO,1773944999,,,,,,,,,,,,,,,,,,,,,,FO,,,,,,,1773878400,1773878400,,,,,Cash,,0,1,0.0,20,0,1345020.0,866700.0,1,1,1,0,0,1,0,-1,1,0,1000
854185,,bse_fo,IO,SENSEX,SENSEX2631979600CE,CE,SENSEX19MAR2679600.00CE,,1,,,SENSEX2631979600CE,,,5,20,1773944999,1,2,7960000.0,BSE,IO,1773944999,,,,,,,,,,,,,,,,,,,,,,FO,,,,,,,1773878400,1773878400,,,,,Cash,,0,1,0.0,20,24180,5235.0,4650.0,1,1,1,0,0,1,0,-1,1,0,1000
853517,,bse_fo,IO,SENSEX,SENSEX2631985800PE,PE,SENSEX19MAR2685800.00PE,,1,,,SENSEX2631985800PE,,,5,20,1773944999,1,2,8580000.0,BSE,IO,1773944999,,,,,,,,,,,,,,,,,,,,,,FO,,,,,,,1773878400,1773878400,,,,,Cash,,0,1,0.0,20,0,1355020.0,876685.0,1,1,1,0,0,1,0,-1,1,0,1000
855892,,bse_fo,IO,SENSEX,SENSEX2631977300PE,PE,SENSEX19MAR2677300.00PE,,1,,,SENSEX2631977300PE,,,5,20,1773944999,1,2,7730000.0,BSE,IO,1773944999,,,,,,,,,,,,,,,,,,,,,,FO,,,,,,,1773878400,1773878400,,,,,Cash,,0,1,0.0,20,5560,517845.0,59050.0,1,1,1,0,0,1,0,-1,1,0,1000
852453,,bse_fo,IO,SENSEX,SENSEX2631984300CE,CE,SENSEX19MAR2684300.00CE,,1,,,SENSEX2631984300CE,,,5,20,1773944999,1,2,8430000.0,BSE,IO,1773944999,,,,,,,,,,,,,,,,,,,,,,FO,,,,,,,1773878400,1773878400,,,,,Cash,,0,1,0.0,20,60,2005.0,325.0,1,1,1,0,0,1,0,-1,1,0,1000
850120,,bse_fo,IO,SENSEX,SENSEX2631976800PE,PE,SENSEX19MAR2676800.00PE,,1,,,SENSEX2631976800PE,,,5,20,1773944999,1,2,7680000.0,BSE,IO,1773944999,,,,,,,,,,,,,,,,,,,,,,FO,,,,,,,1773878400,1773878400,,,,,Cash,,0,1,0.0,20,7620,465740.0,25270.0,1,1,1,0,0,1,0,-1,1,0,1000
855331,,bse_fo,IO,SENSEX,SENSEX2631981700CE,CE,SENSEX19MAR2681700.00CE,,1,,,SENSEX2631981700CE,,,5,20,1773944999,1,2,8170000.0,BSE,IO,1773944999,,,,,,,,,,,,,,,,,,,,,,FO,,,,,,,1773878400,1773878400,,,,,Cash,,0,1,0.0,20,8280,2005.0,1365.0,1,1,1,0,0,1,0,-1,1,0,1000
851341,,bse_fo,IO,SENSEX,SENSEX2631976200CE,CE,SENSEX19MAR2676200.00CE,,1,,,SENSEX2631976200CE,,,5,20,1773944999,1,2,7620000.0,BSE,IO,1773944999,,,,,,,,,,,,,,,,,,,,,,FO,,,,,,,1773878400,1773878400,,,,,Cash,,0,1,0.0,20,57540,77445.0,2885.0,1,1,1,0,0,1,0,-1,1,0,1000
850558,,bse_fo,IO,SENSEX,SENSEX2631976100PE,PE,SENSEX19MAR2676100.00PE,,1,,,SENSEX2631976100PE,,,5,20,1773944999,1,2,7610000.0,BSE,IO,1773944999,,,,,,,,,,,,,,,,,,,,,,FO,,,,,,,1773878400,1773878400,,,,,Cash,,0,1,0.0,20,18020,388225.0,5.0,1,1,1,0,0,1,0,-1,1,0,1000
853209,,bse_fo,IO,SENSEX,SENSEX2631982500PE,PE,SENSEX19MAR2682500.00PE,,1,,,SENSEX2631982500PE,,,5,20,1773944999,1,2,8250000.0,BSE,IO,1773944999,,,,,,,,,,,,,,,,,,,,,,FO,,,,,,,1773878400,1773878400,,,,,Cash,,0,1,0.0,20,65320,1026700.0,548365.0,1,1,1,0,0,1,0,-1,1,0,1000
853220,,bse_fo,IO,SENSEX,SENSEX2631989200CE,CE,SENSEX19MAR2689200.00CE,,1,,,SENSEX2631989200CE,,,5,20,1773944999,1,2,8920000.0,BSE,IO,1773944999,,,,,,,,,,,,,,,,,,,,,,FO,,,,,,,1773878400,1773878400,,,,,Cash,,0,1,0.0,20,220,2005.0,35.0,1,1,1,0,0,1,0,-1,1,0,1000
883945,,bse_fo,IO,SENSEX,SENSEX2631967800PE,PE,SENSEX19MAR2667800.00PE,,1,,,SENSEX2631967800PE,,,5,20,1773944999,1,2,6780000.0,BSE,IO,1773944999,,,,,,,,,,,,,,,,,,,,,,FO,,,,,,,1773878400,1773878400,,,,,Cash,,0,1,0.0,20,0,2005.0,5.0,1,1,1,0,0,1,0,-1,1,0,1000
858865,,bse_fo,IO,SENSEX,SENSEX2631971900PE,PE,SENSEX19MAR2671900.00PE,,1,,,SENSEX2631971900PE,,,5,20,1773944999,1,2,7190000.0,BSE,IO,1773944999,,,,,,,,,,,,,,,,,,,,,,FO,,,,,,,1773878400,1773878400,,,,,Cash,,0,1,0.0,20,17060,37885.0,25520.0,1,1,1,0,0,1,0,-1,1,0,1000
884425,,bse_fo,IO,SENSEX,SENSEX2631967200CE,CE,SENSEX19MAR2667200.00CE,,1,,,SENSEX2631967200CE,,,5,20,1773944999,1,2,6720000.0,BSE,IO,1773944999,,,,,,,,,,,,,,,,,,,,,,FO,,,,,,,1773878400,1773878400,,,,,Cash,,0,1,0.0,20,0,981680.0,503350.0,1,1,1,0,0,1,0,-1,1,0,1000
880024,,bse_fo,IO,SENSEX,SENSEX2631969700PE,PE,SENSEX19MAR2669700.00PE,,1,,,SENSEX2631969700PE,,,5,20,1773944999,1,2,6970000.0,BSE,IO,1773944999,,,,,,,,,,,,,,,,,,,,,,FO,,,,,,,1773878400,1773878400,,,,,Cash,,0,1,0.0,20,10100,12715.0,12120.0,1,1,1,0,0,1,0,-1,1,0,1000
879417,,bse_fo,IO,SENSEX,SENSEX2631970000CE,CE,SENSEX19MAR2670000.00CE,,1,,,SENSEX2631970000CE,,,5,20,1773944999,1,2,7000000.0,BSE,IO,1773944999,,,,,,,,,,,,,,,,,,,,,,FO,,,,,,,1773878400,1773878400,,,,,Cash,,0,1,0.0,20,0,704275.0,226175.0,1,1,1,0,0,1,0,-1,1,0,1000
851690,,bse_fo,IO,SENSEX,SENSEX2631986500PE,PE,SENSEX19MAR2686500.00PE,,1,,,SENSEX2631986500PE,,,5,20,1773944999,1,2,8650000.0,BSE,IO,1773944999,,,,,,,,,,,,,,,,,,,,,,FO,,,,,,,1773878400,1773878400,,,,,Cash,,0,1,0.0,20,0,1424950.0,946625.0,1,1,1,0,0,1,0,-1,1,0,1000
856303,,bse_fo,IO,SENSEX,SENSEX2631983500CE,CE,SENSEX19MAR2683500.00CE,,1,,,SENSEX2631983500CE,,,5,20,1773944999,1,2,8350000.0,BSE,IO,1773944999,,,,,,,,,,,,,,,,,,,,,,FO,,,,,,,1773878400,1773878400,,,,,Cash,,0,1,0.0,20,41220,2005.0,520.0,1,1,1,0,0,1,0,-1,1,0,1000
854500,,bse_fo,IO,SENSEX,SENSEX2631989900PE,PE,SENSEX19MAR2689900.00PE,,1,,,SENSEX2631989900PE,,,5,20,1773944999,1,2,8990000.0,BSE,IO,1773944999,,,,,,,,,,,,,,,,,,,,,,FO,,,,,,,1773878400,1773878400,,,,,Cash,,0,1,0.0,20,0,1764640.0,1286320.0,1,1,1,0,0,1,0,-1,1,0,1000
853156,,bse_fo,IO,SENSEX,SENSEX2631988500PE,PE,SENSEX19MAR2688500.00PE,,1,,,SENSEX2631988500PE,,,5,20,1773944999,1,2,8850000.0,BSE,IO,1773944999,,,,,,,,,,,,,,,,,,,,,,FO,,,,,,,1773878400,1773878400,,,,,Cash,,0,1,0.0,20,0,1624770.0,1146440.0,1,1,1,0,0,1,0,-1,1,0,1000
851694,,bse_fo,IO,SENSEX,SENSEX2631988800PE,PE,SENSEX19MAR2688800.00PE,,1,,,SENSEX2631988800PE,,,5,20,1773944999,1,2,8880000.0,BSE,IO,1773944999,,,,,,,,,,,,,,,,,,,,,,FO,,,,,,,1773878400,1773878400,,,,,Cash,,0,1,0.0,20,0,1654740.0,1176420.0,1,1,1,0,0,1,0,-1,1,0,1000
882465,,bse_fo,IO,SENSEX,SENSEX2631969100PE,PE,SENSEX19MAR2669100.00PE,,1,,,SENSEX2631969100PE,,,5,20,1773944999,1,2,6910000.0,BSE,IO,1773944999,,,,,,,,,,,,,,,,,,,,,,FO,,,,,,,1773878400,1773878400,,,,,Cash,,0,1,0.0,20,0,2005.0,545.0,1,1,1,0,0,1,0,-1,1,0,1000
851077,,bse_fo,IO,SENSEX,SENSEX2631978600PE,PE,SENSEX19MAR2678600.00PE,,1,,,SENSEX2631978600PE,,,5,20,1773944999,1,2,7860000.0,BSE,IO,1773944999,,,,,,,,,,,,,,,,,,,,,,FO,,,,,,,1773878400,1773878400,,,,,Cash,,0,1,0.0,20,2800,647835.0,171790.0,1,1,1,0,0,1,0,-1,1,0,1000
858644,,bse_fo,IO,SENSEX,SENSEX2631972700CE,CE,SENSEX19MAR2672700.00CE,,1,,,SENSEX2631972700CE,,,5,20,1773944999,1,2,7270000.0,BSE,IO,1773944999,,,,,,,,,,,,,,,,,,,,,,FO,,,,,,,1773878400,1773878400,,,,,Cash,,0,1,0.0,20,1940,453540.0,15120.0,1,1,1,0,0,1,0,-1,1,0,1000
878206,,bse_fo,IO,SENSEX,SENSEX2631970700PE,PE,SENSEX19MAR2670700.00PE,,1,,,SENSEX2631970700PE,,,5,20,1773944999,1,2,7070000.0,BSE,IO,1773944999,,,,,,,,,,,,,,,,,,,,,,FO,,,,,,,1773878400,1773878400,,,,,Cash,,0,1,0.0,20,11480,19780.0,18565.0,1,1,1,0,0,1,0,-1,1,0,1000
856432,,bse_fo,IO,SENSEX,SENSEX2631979800PE,PE,SENSEX19MAR2679800.00PE,,1,,,SENSEX2631979800PE,,,5,20,1773944999,1,2,7980000.0,BSE,IO,1773944999,,,,,,,,,,,,,,,,,,,,,,FO,,,,,,,1773878400,1773878400,,,,,Cash,,0,1,0.0,20,1120,769965.0,291825.0,1,1,1,0,0,1,0,-1,1,0,1000
852090,,bse_fo,IO,SENSEX,SENSEX2631990400CE,CE,SENSEX19MAR2690400.00CE,,1,,,SENSEX2631990400CE,,,5,20,1773944999,1,2,9040000.0,BSE,IO,1773944999,,,,,,,,,,,,,,,,,,,,,,FO,,,,,,,1773878400,1773878400,,,,,Cash,,0,1,0.0,20,1580,2005.0,20.0,1,1,1,0,0,1,0,-1,1,0,1000
854763,,bse_fo,IO,SENSEX,SENSEX2631985200CE,CE,SENSEX19MAR2685200.00CE,,1,,,SENSEX2631985200CE,,,5,20,1773944999,1,2,8520000.0,BSE,IO,1773944999,,,,,,,,,,,,,,,,,,,,,,FO,,,,,,,1773878400,1773878400,,,,,Cash,,0,1,0.0,20,520,2005.0,225.0,1,1,1,0,0,1,0,-1,1,0,1000
851030,,bse_fo,IO,SENSEX,SENSEX2631990000CE,CE,SENSEX19MAR2690000.00CE,,1,,,SENSEX2631990000CE,,,5,20,1773944999,1,2,9000000.0,BSE,IO,1773944999,,,,,,,,,,,,,,,,,,,,,,FO,,,,,,,1773878400,1773878400,,,,,Cash,,0,1,0.0,20,48700,2005.0,5.0,1,1,1,0,0,1,0,-1,1,0,1000
879749,,bse_fo,IO,SENSEX,SENSEX2631970600CE,CE,SENSEX19MAR2670600.00CE,,1,,,SENSEX2631970600CE,,,5,20,1773944999,1,2,7060000.0,BSE,IO,1773944999,,,,,,,,,,,,,,,,,,,,,,FO,,,,,,,1773878400,1773878400,,,,,Cash,,0,1,0.0,20,0,646250.0,168890.0,1,1,1,0,0,1,0,-1,1,0,1000
859434,,bse_fo,IO,SENSEX,SENSEX2631971300PE,PE,SENSEX19MAR2671300.00PE,,1,,,SENSEX2631971300PE,,,5,20,1773944999,1,2,7130000.0,BSE,IO,1773944999,,,,,,,,,,,,,,,,,,,,,,FO,,,,,,,1773878400,1773878400,,,,,Cash,,0,1,0.0,20,15300,26675.0,22455.0,1,1,1,0,0,1,0,-1,1,0,1000
856640,,bse_fo,IO,SENSEX,SENSEX2631991500PE,PE,SENSEX19MAR2691500.00PE,,1,,,SENSEX2631991500PE,,,5,20,1773944999,1,2,9150000.0,BSE,IO,1773944999,,,,,,,,,,,,,,,,,,,,,,FO,,,,,,,1773878400,1773878400,,,,,Cash,,0,1,0.0,20,0,1924500.0,1446170.0,1,1,1,0,0,1,0,-1,1,0,1000
852195,,bse_fo,IO,SENSEX,SENSEX2631977400CE,CE,SENSEX19MAR2677400.00CE,,1,,,SENSEX2631977400CE,,,5,20,1773944999,1,2,7740000.0,BSE,IO,1773944999,,,,,,,,,,,,,,,,,,,,,,FO,,,,,,,1773878400,1773878400,,,,,Cash,,0,1,0.0,20,46380,28165.0,11245.0,1,1,1,0,0,1,0,-1,1,0,1000
851962,,bse_fo,IO,SENSEX,SENSEX2631986400CE,CE,SENSEX19MAR2686400.00CE,,1,,,SENSEX2631986400CE,,,5,20,1773944999,1,2,8640000.0,BSE,IO,1773944999,,,,,,,,,,,,,,,,,,,,,,FO,,,,,,,1773878400,1773878400,,,,,Cash,,0,1,0.0,20,2460,2005.0,120.0,1,1,1,0,0,1,0,-1,1,0,1000
855378,,bse_fo,IO,SENSEX,SENSEX2631977100PE,PE,SENSEX19MAR2677100.00PE,,1,,,SENSEX2631977100PE,,,5,20,1773944999,1,2,7710000.0,BSE,IO,1773944999,,,,,,,,,,,,,,,,,,,,,,FO,,,,,,,1773878400,1773878400,,,,,Cash,,0,1,0.0,20,6740,500945.0,48335.0,1,1,1,0,0,1,0,-1,1,0,1000
852217,,bse_fo,IO,SENSEX,SENSEX2631984400PE,PE,SENSEX19MAR2684400.00PE,,1,,,SENSEX2631984400PE,,,5,20,1773944999,1,2,8440000.0,BSE,IO,1773944999,,,,,,,,,,,,,,,,,,,,,,FO,,,,,,,1773878400,1773878400,,,,,Cash,,0,1,0.0,20,0,1215150.0,736820.0,1,1,1,0,0,1,0,-1,1,0,1000
857378,,bse_fo,IO,SENSEX,SENSEX2631972800CE,CE,SENSEX19MAR2672800.00CE,,1,,,SENSEX2631972800CE,,,5,20,1773944999,1,2,7280000.0,BSE,IO,1773944999,,,,,,,,,,,,,,,,,,,,,,FO,,,,,,,1773878400,1773878400,,,,,Cash,,0,1,0.0,20,1560,448590.0,15560.0,1,1,1,0,0,1,0,-1,1,0,1000
879883,,bse_fo,IO,SENSEX,SENSEX2631970200PE,PE,SENSEX19MAR2670200.00PE,,1,,,SENSEX2631970200PE,,,5,20,1773944999,1,2,7020000.0,BSE,IO,1773944999,,,,,,,,,,,,,,,,,,,,,,FO,,,,,,,1773878400,1773878400,,,,,Cash,,0,1,0.0,20,0,3430.0,2835.0,1,1,1,0,0,1,0,-1,1,0,1000
855841,,bse_fo,IO,SENSEX,SENSEX2631991000CE,CE,SENSEX19MAR2691000.00CE,,1,,,SENSEX2631991000CE,,,5,20,1773944999,1,2,9100000.0,BSE,IO,1773944999,,,,,,,,,,,,,,,,,,,,,,FO,,,,,,,1773878400,1773878400,,,,,Cash,,0,1,0.0,20,9300,2005.0,5.0,1,1,1,0,0,1,0,-1,1,0,1000
855188,,bse_fo,IO,SENSEX,SENSEX2631973100CE,CE,SENSEX19MAR2673100.00CE,,1,,,SENSEX2631973100CE,,,5,20,1773944999,1,2,7310000.0,BSE,IO,1773944999,,,,,,,,,,,,,,,,,,,,,,FO,,,,,,,1773878400,1773878400,,,,,Cash,,0,1,0.0,20,860,414000.0,250.0,1,1,1,0,0,1,0,-1,1,0,1000
883728,,bse_fo,IO,SENSEX,SENSEX2631967400CE,CE,SENSEX19MAR2667400.00CE,,1,,,SENSEX2631967400CE,,,5,20,1773944999,1,2,6740000.0,BSE,IO,1773944999,,,,,,,,,,,,,,,,,,,,,,FO,,,,,,,1773878400,1773878400,,,,,Cash,,0,1,0.0,20,0,961720.0,483390.0,1,1,1,0,0,1,0,-1,1,0,1000
881501,,bse_fo,IO,SENSEX,SENSEX2631969500PE,PE,SENSEX19MAR2669500.00PE,,1,,,SENSEX2631969500PE,,,5,20,1773944999,1,2,6950000.0,BSE,IO,1773944999,,,,,,,,,,,,,,,,,,,,,,FO,,,,,,,1773878400,1773878400,,,,,Cash,,0,1,0.0,20,51860,11725.0,11130.0,1,1,1,0,0,1,0,-1,1,0,1000
854707,,bse_fo,IO,SENSEX,SENSEX2631979800CE,CE,SENSEX19MAR2679800.00CE,,1,,,SENSEX2631979800CE,,,5,20,1773944999,1,2,7980000.0,BSE,IO,1773944999,,,,,,,,,,,,,,,,,,,,,,FO,,,,,,,1773878400,1773878400,,,,,Cash,,0,1,0.0,20,25060,4720.0,4125.0,1,1,1,0,0,1,0,-1,1,0,1000
855713,,bse_fo,IO,SENSEX,SENSEX2631987000CE,CE,SENSEX19MAR2687000.00CE,,1,,,SENSEX2631987000CE,,,5,20,1773944999,1,2,8700000.0,BSE,IO,1773944999,,,,,,,,,,,,,,,,,,,,,,FO,,,,,,,1773878400,1773878400,,,,,Cash,,0,1,0.0,20,35120,2005.0,120.0,1,1,1,0,0,1,0,-1,1,0,1000
849884,,bse_fo,IO,SENSEX,SENSEX2631981200PE,PE,SENSEX19MAR2681200.00PE,,1,,,SENSEX2631981200PE,,,5,20,1773944999,1,2,8120000.0,BSE,IO,1773944999,,,,,,,,,,,,,,,,,,,,,,FO,,,,,,,1773878400,1773878400,,,,,Cash,,0,1,0.0,20,2700,898395.0,420070.0,1,1,1,0,0,1,0,-1,1,0,1000
859939,,bse_fo,IO,SENSEX,SENSEX2631993100PE,PE,SENSEX19MAR2693100.00PE,,1,,,SENSEX2631993100PE,,,5,20,1773944999,1,2,9310000.0,BSE,IO,1773944999,,,,,,,,,,,,,,,,,,,,,,FO,,,,,,,1773878400,1773878400,,,,,Cash,,1,1,0.0,20,0,2084360.0,1606020.0,1,1,1,0,0,1,0,-1,1,0,1000
856479,,bse_fo,IO,SENSEX,SENSEX2631973800PE,PE,SENSEX19MAR2673800.00PE,,1,,,SENSEX2631973800PE,,,5,20,1773944999,1,2,7380000.0,BSE,IO,1773944999,,,,,,,,,,,,,,,,,,,,,,FO,,,,,,,1773878400,1773878400,,,,,Cash,,0,1,0.0,20,43740,135675.0,7320.0,1,1,1,0,0,1,0,-1,1,0,1000
879463,,bse_fo,IO,SENSEX,SENSEX2631970300PE,PE,SENSEX19MAR2670300.00PE,,1,,,SENSEX2631970300PE,,,5,20,1773944999,1,2,7030000.0,BSE,IO,1773944999,,,,,,,,,,,,,,,,,,,,,,FO,,,,,,,1773878400,1773878400,,,,,Cash,,0,1,0.0,20,38600,16440.0,15845.0,1,1,1,0,0,1,0,-1,1,0,1000
849165,,bse_fo,IO,SENSEX,SENSEX2631981600CE,CE,SENSEX19MAR2681600.00CE,,1,,,SENSEX2631981600CE,,,5,20,1773944999,1,2,8160000.0,BSE,IO,1773944999,,,,,,,,,,,,,,,,,,,,,,FO,,,,,,,1773878400,1773878400,,,,,Cash,,0,1,0.0,20,5800,2015.0,1420.0,1,1,1,0,0,1,0,-1,1,0,1000
849493,,bse_fo,IO,SENSEX,SENSEX2631991900PE,PE,SENSEX19MAR2691900.00PE,,1,,,SENSEX2631991900PE,,,5,20,1773944999,1,2,9190000.0,BSE,IO,1773944999,,,,,,,,,,,,,,,,,,,,,,FO,,,,,,,1773878400,1773878400,,,,,Cash,,0,1,0.0,20,0,1964460.0,1486140.0,1,1,1,0,0,1,0,-1,1,0,1000
879943,,bse_fo,IO,SENSEX,SENSEX2631970100CE,CE,SENSEX19MAR2670100.00CE,,1,,,SENSEX2631970100CE,,,5,20,1773944999,1,2,7010000.0,BSE,IO,1773944999,,,,,,,,,,,,,,,,,,,,,,FO,,,,,,,1773878400,1773878400,,,,,Cash,,0,1,0.0,20,0,694555.0,216515.0,1,1,1,0,0,1,0,-1,1,0,1000
856022,,bse_fo,IO,SENSEX,SENSEX2631983600PE,PE,SENSEX19MAR2683600.00PE,,1,,,SENSEX2631983600PE,,,5,20,1773944999,1,2,8360000.0,BSE,IO,1773944999,,,,,,,,,,,,,,,,,,,,,,FO,,,,,,,1773878400,1773878400,,,,,Cash,,0,1,0.0,20,0,1135240.0,656905.0,1,1,1,0,0,1,0,-1,1,0,1000
856484,,bse_fo,IO,SENSEX,SENSEX2631978200CE,CE,SENSEX19MAR2678200.00CE,,1,,,SENSEX2631978200CE,,,5,20,1773944999,1,2,7820000.0,BSE,IO,1773944999,,,,,,,,,,,,,,,,,,,,,,FO,,,,,,,1773878400,1773878400,,,,,Cash,,0,1,0.0,20,42460,14280.0,9545.0,1,1,1,0,0,1,0,-1,1,0,1000
861568,,bse_fo,IO,SENSEX,SENSEX2631993300CE,CE,SENSEX19MAR2693300.00CE,,1,,,SENSEX2631993300CE,,,5,20,1773944999,1,2,9330000.0,BSE,IO,1773944999,,,,,,,,,,,,,,,,,,,,,,FO,,,,,,,1773878400,1773878400,,,,,Cash,,1,1,0.0,20,0,2005.0,5.0,1,1,1,0,0,1,0,-1,1,0,1000
851123,,bse_fo,IO,SENSEX,SENSEX2631974900PE,PE,SENSEX19MAR2674900.00PE,,1,,,SENSEX2631974900PE,,,5,20,1773944999,1,2,7490000.0,BSE,IO,1773944999,,,,,,,,,,,,,,,,,,,,,,FO,,,,,,,1773878400,1773878400,,,,,Cash,,0,1,0.0,20,43500,248140.0,5.0,1,1,1,0,0,1,0,-1,1,0,1000
852458,,bse_fo,IO,SENSEX,SENSEX2631986600CE,CE,SENSEX19MAR2686600.00CE,,1,,,SENSEX2631986600CE,,,5,20,1773944999,1,2,8660000.0,BSE,IO,1773944999,,,,,,,,,,,,,,,,,,,,,,FO,,,,,,,1773878400,1773878400,,,,,Cash,,0,1,0.0,20,40,2005.0,70.0,1,1,1,0,0,1,0,-1,1,0,1000
860420,,bse_fo,IO,SENSEX,SENSEX2631992300PE,PE,SENSEX19MAR2692300.00PE,,1,,,SENSEX2631992300PE,,,5,20,1773944999,1,2,9230000.0,BSE,IO,1773944999,,,,,,,,,,,,,,,,,,,,,,FO,,,,,,,1773878400,1773878400,,,,,Cash,,0,1,0.0,20,0,2004420.0,1526100.0,1,1,1,0,0,1,0,-1,1,0,1000
854076,,bse_fo,IO,SENSEX,SENSEX2631990300CE,CE,SENSEX19MAR2690300.00CE,,1,,,SENSEX2631990300CE,,,5,20,1773944999,1,2,9030000.0,BSE,IO,1773944999,,,,,,,,,,,,,,,,,,,,,,FO,,,,,,,1773878400,1773878400,,,,,Cash,,0,1,0.0,20,1080,2005.0,10.0,1,1,1,0,0,1,0,-1,1,0,1000
856503,,bse_fo,IO,SENSEX,SENSEX2631985200PE,PE,SENSEX19MAR2685200.00PE,,1,,,SENSEX2631985200PE,,,5,20,1773944999,1,2,8520000.0,BSE,IO,1773944999,,,,,,,,,,,,,,,,,,,,,,FO,,,,,,,1773878400,1773878400,,,,,Cash,,0,1,0.0,20,0,1295070.0,816740.0,1,1,1,0,0,1,0,-1,1,0,1000
883027,,bse_fo,IO,SENSEX,SENSEX2631969100CE,CE,SENSEX19MAR2669100.00CE,,1,,,SENSEX2631969100CE,,,5,20,1773944999,1,2,6910000.0,BSE,IO,1773944999,,,,,,,,,,,,,,,,,,,,,,FO,,,,,,,1773878400,1773878400,,,,,Cash,,0,1,0.0,20,0,792635.0,314325.0,1,1,1,0,0,1,0,-1,1,0,1000
863230,,bse_fo,IO,SENSEX,SENSEX2631993800CE,CE,SENSEX19MAR2693800.00CE,,1,,,SENSEX2631993800CE,,,5,20,1773944999,1,2,9380000.0,BSE,IO,1773944999,,,,,,,,,,,,,,,,,,,,,,FO,,,,,,,1773878400,1773878400,,,,,Cash,,1,1,0.0,20,0,2005.0,5.0,1,1,1,0,0,1,0,-1,1,0,1000
886348,,bse_fo,IO,SENSEX,SENSEX2631965900CE,CE,SENSEX19MAR2665900.00CE,,1,,,SENSEX2631965900CE,,,5,20,1773944999,1,2,6590000.0,BSE,IO,1773944999,,,,,,,,,,,,,,,,,,,,,,FO,,,,,,,1773878400,1773878400,,,,,Cash,,1,1,0.0,20,0,1108530.0,630200.0,1,1,1,0,0,1,0,-1,1,0,1000
854298,,bse_fo,IO,SENSEX,SENSEX2631985900CE,CE,SENSEX19MAR2685900.00CE,,1,,,SENSEX2631985900CE,,,5,20,1773944999,1,2,8590000.0,BSE,IO,1773944999,,,,,,,,,,,,,,,,,,,,,,FO,,,,,,,1773878400,1773878400,,,,,Cash,,0,1,0.0,20,1460,2005.0,150.0,1,1,1,0,0,1,0,-1,1,0,1000
849416,,bse_fo,IO,SENSEX,SENSEX2631988600CE,CE,SENSEX19MAR2688600.00CE,,1,,,SENSEX2631988600CE,,,5,20,1773944999,1,2,8860000.0,BSE,IO,1773944999,,,,,,,,,,,,,,,,,,,,,,FO,,,,,,,1773878400,1773878400,,,,,Cash,,0,1,0.0,20,280,2005.0,60.0,1,1,1,0,0,1,0,-1,1,0,1000
848967,,bse_fo,IO,SENSEX,SENSEX2631984700CE,CE,SENSEX19MAR2684700.00CE,,1,,,SENSEX2631984700CE,,,5,20,1773944999,1,2,8470000.0,BSE,IO,1773944999,,,,,,,,,,,,,,,,,,,,,,FO,,,,,,,1773878400,1773878400,,,,,Cash,,0,1,0.0,20,4300,2005.0,350.0,1,1,1,0,0,1,0,-1,1,0,1000
853736,,bse_fo,IO,SENSEX,SENSEX2631989400CE,CE,SENSEX19MAR2689400.00CE,,1,,,SENSEX2631989400CE,,,5,20,1773944999,1,2,8940000.0,BSE,IO,1773944999,,,,,,,,,,,,,,,,,,,,,,FO,,,,,,,1773878400,1773878400,,,,,Cash,,0,1,0.0,20,540,2005.0,20.0,1,1,1,0,0,1,0,-1,1,0,1000
853609,,bse_fo,IO,SENSEX,SENSEX2631974100PE,PE,SENSEX19MAR2674100.00PE,,1,,,SENSEX2631974100PE,,,5,20,1773944999,1,2,7410000.0,BSE,IO,1773944999,,,,,,,,,,,,,,,,,,,,,,FO,,,,,,,1773878400,1773878400,,,,,Cash,,0,1,0.0,20,30360,163240.0,400.0,1,1,1,0,0,1,0,-1,1,0,1000
852014,,bse_fo,IO,SENSEX,SENSEX2631980400CE,CE,SENSEX19MAR2680400.00CE,,1,,,SENSEX2631980400CE,,,5,20,1773944999,1,2,8040000.0,BSE,IO,1773944999,,,,,,,,,,,,,,,,,,,,,,FO,,,,,,,1773878400,1773878400,,,,,Cash,,0,1,0.0,20,10680,3455.0,2860.0,1,1,1,0,0,1,0,-1,1,0,1000
852512,,bse_fo,IO,SENSEX,SENSEX2631982900CE,CE,SENSEX19MAR2682900.00CE,,1,,,SENSEX2631982900CE,,,5,20,1773944999,1,2,8290000.0,BSE,IO,1773944999,,,,,,,,,,,,,,,,,,,,,,FO,,,,,,,1773878400,1773878400,,,,,Cash,,0,1,0.0,20,2920,2005.0,745.0,1,1,1,0,0,1,0,-1,1,0,1000
858918,,bse_fo,IO,SENSEX,SENSEX2631971800CE,CE,SENSEX19MAR2671800.00CE,,1,,,SENSEX2631971800CE,,,5,20,1773944999,1,2,7180000.0,BSE,IO,1773944999,,,,,,,,,,,,,,,,,,,,,,FO,,,,,,,1773878400,1773878400,,,,,Cash,,0,1,0.0,20,0,531640.0,63775.0,1,1,1,0,0,1,0,-1,1,0,1000
848652,,bse_fo,IO,SENSEX,SENSEX2631983700CE,CE,SENSEX19MAR2683700.00CE,,1,,,SENSEX2631983700CE,,,5,20,1773944999,1,2,8370000.0,BSE,IO,1773944999,,,,,,,,,,,,,,,,,,,,,,FO,,,,,,,1773878400,1773878400,,,,,Cash,,0,1,0.0,20,1040,2005.0,405.0,1,1,1,0,0,1,0,-1,1,0,1000
855433,,bse_fo,IO,SENSEX,SENSEX2631975700PE,PE,SENSEX19MAR2675700.00PE,,1,,,SENSEX2631975700PE,,,5,20,1773944999,1,2,7570000.0,BSE,IO,1773944999,,,,,,,,,,,,,,,,,,,,,,FO,,,,,,,1773878400,1773878400,,,,,Cash,,0,1,0.0,20,18940,342845.0,5.0,1,1,1,0,0,1,0,-1,1,0,1000
885469,,bse_fo,IO,SENSEX,SENSEX2631966100PE,PE,SENSEX19MAR2666100.00PE,,1,,,SENSEX2631966100PE,,,5,20,1773944999,1,2,6610000.0,BSE,IO,1773944999,,,,,,,,,,,,,,,,,,,,,,FO,,,,,,,1773878400,1773878400,,,,,Cash,,1,1,0.0,20,0,2005.0,5.0,1,1,1,0,0,1,0,-1,1,0,1000
849347,,bse_fo,IO,SENSEX,SENSEX2631985600PE,PE,SENSEX19MAR2685600.00PE,,1,,,SENSEX2631985600PE,,,5,20,1773944999,1,2,8560000.0,BSE,IO,1773944999,,,,,,,,,,,,,,,,,,,,,,FO,,,,,,,1773878400,1773878400,,,,,Cash,,0,1,0.0,20,0,1335040.0,856705.0,1,1,1,0,0,1,0,-1,1,0,1000
851874,,bse_fo,IO,SENSEX,SENSEX2631974100CE,CE,SENSEX19MAR2674100.00CE,,1,,,SENSEX2631974100CE,,,5,20,1773944999,1,2,7410000.0,BSE,IO,1773944999,,,,,,,,,,,,,,,,,,,,,,FO,,,,,,,1773878400,1773878400,,,,,Cash,,0,1,0.0,20,7840,290955.0,5.0,1,1,1,0,0,1,0,-1,1,0,1000
855387,,bse_fo,IO,SENSEX,SENSEX2631991700CE,CE,SENSEX19MAR2691700.00CE,,1,,,SENSEX2631991700CE,,,5,20,1773944999,1,2,9170000.0,BSE,IO,1773944999,,,,,,,,,,,,,,,,,,,,,,FO,,,,,,,1773878400,1773878400,,,,,Cash,,0,1,0.0,20,1060,2005.0,5.0,1,1,1,0,0,1,0,-1,1,0,1000
852804,,bse_fo,IO,SENSEX,SENSEX2631983900CE,CE,SENSEX19MAR2683900.00CE,,1,,,SENSEX2631983900CE,,,5,20,1773944999,1,2,8390000.0,BSE,IO,1773944999,,,,,,,,,,,,,,,,,,,,,,FO,,,,,,,1773878400,1773878400,,,,,Cash,,0,1,0.0,20,980,2005.0,470.0,1,1,1,0,0,1,0,-1,1,0,1000
856088,,bse_fo,IO,SENSEX,SENSEX2631988900CE,CE,SENSEX19MAR2688900.00CE,,1,,,SENSEX2631988900CE,,,5,20,1773944999,1,2,8890000.0,BSE,IO,1773944999,,,,,,,,,,,,,,,,,,,,,,FO,,,,,,,1773878400,1773878400,,,,,Cash,,0,1,0.0,20,1220,2005.0,5.0,1,1,1,0,0,1,0,-1,1,0,1000
860720,,bse_fo,IO,SENSEX,SENSEX2631992400PE,PE,SENSEX19MAR2692400.00PE,,1,,,SENSEX2631992400PE,,,5,20,1773944999,1,2,9240000.0,BSE,IO,1773944999,,,,,,,,,,,,,,,,,,,,,,FO,,,,,,,1773878400,1773878400,,,,,Cash,,0,1,0.0,20,0,2014420.0,1536090.0,1,1,1,0,0,1,0,-1,1,0,1000
851194,,bse_fo,IO,SENSEX,SENSEX2631980300PE,PE,SENSEX19MAR2680300.00PE,,1,,,SENSEX2631980300PE,,,5,20,1773944999,1,2,8030000.0,BSE,IO,1773944999,,,,,,,,,,,,,,,,,,,,,,FO,,,,,,,1773878400,1773878400,,,,,Cash,,0,1,0.0,20,1740,728610.0,250340.0,1,1,1,0,0,1,0,-1,1,0,1000
851744,,bse_fo,IO,SENSEX,SENSEX2631982800PE,PE,SENSEX19MAR2682800.00PE,,1,,,SENSEX2631982800PE,,,5,20,1773944999,1,2,8280000.0,BSE,IO,1773944999,,,,,,,,,,,,,,,,,,,,,,FO,,,,,,,1773878400,1773878400,,,,,Cash,,0,1,0.0,20,80,1055350.0,577020.0,1,1,1,0,0,1,0,-1,1,0,1000
859060,,bse_fo,IO,SENSEX,SENSEX2631971400PE,PE,SENSEX19MAR2671400.00PE,,1,,,SENSEX2631971400PE,,,5,20,1773944999,1,2,7140000.0,BSE,IO,1773944999,,,,,,,,,,,,,,,,,,,,,,FO,,,,,,,1773878400,1773878400,,,,,Cash,,0,1,0.0,20,17280,28445.0,23335.0,1,1,1,0,0,1,0,-1,1,0,1000
852213,,bse_fo,IO,SENSEX,SENSEX2631982100PE,PE,SENSEX19MAR2682100.00PE,,1,,,SENSEX2631982100PE,,,5,20,1773944999,1,2,8210000.0,BSE,IO,1773944999,,,,,,,,,,,,,,,,,,,,,,FO,,,,,,,1773878400,1773878400,,,,,Cash,,0,1,0.0,20,0,985510.0,507180.0,1,1,1,0,0,1,0,-1,1,0,1000
884483,,bse_fo,IO,SENSEX,SENSEX2631966700PE,PE,SENSEX19MAR2666700.00PE,,1,,,SENSEX2631966700PE,,,5,20,1773944999,1,2,6670000.0,BSE,IO,1773944999,,,,,,,,,,,,,,,,,,,,,,FO,,,,,,,1773878400,1773878400,,,,,Cash,,1,1,0.0,20,0,2005.0,5.0,1,1,1,0,0,1,0,-1,1,0,1000
849578,,bse_fo,IO,SENSEX,SENSEX2631976600PE,PE,SENSEX19MAR2676600.00PE,,1,,,SENSEX2631976600PE,,,5,20,1773944999,1,2,7660000.0,BSE,IO,1773944999,,,,,,,,,,,,,,,,,,,,,,FO,,,,,,,1773878400,1773878400,,,,,Cash,,0,1,0.0,20,11240,447460.0,17260.0,1,1,1,0,0,1,0,-1,1,0,1000
877972,,bse_fo,IO,SENSEX,SENSEX2631970700CE,CE,SENSEX19MAR2670700.00CE,,1,,,SENSEX2631970700CE,,,5,20,1773944999,1,2,7070000.0,BSE,IO,1773944999,,,,,,,,,,,,,,,,,,,,,,FO,,,,,,,1773878400,1773878400,,,,,Cash,,0,1,0.0,20,0,636660.0,159535.0,1,1,1,0,0,1,0,-1,1,0,1000
855687,,bse_fo,IO,SENSEX,SENSEX2631975600CE,CE,SENSEX19MAR2675600.00CE,,1,,,SENSEX2631975600CE,,,5,20,1773944999,1,2,7560000.0,BSE,IO,1773944999,,,,,,,,,,,,,,,,,,,,,,FO,,,,,,,1773878400,1773878400,,,,,Cash,,0,1,0.0,20,63280,122090.0,5.0,1,1,1,0,0,1,0,-1,1,0,1000
860090,,bse_fo,IO,SENSEX,SENSEX2631992800CE,CE,SENSEX19MAR2692800.00CE,,1,,,SENSEX2631992800CE,,,5,20,1773944999,1,2,9280000.0,BSE,IO,1773944999,,,,,,,,,,,,,,,,,,,,,,FO,,,,,,,1773878400,1773878400,,,,,Cash,,0,1,0.0,20,3460,2005.0,5.0,1,1,1,0,0,1,0,-1,1,0,1000
854995,,bse_fo,IO,SENSEX,SENSEX2631983200PE,PE,SENSEX19MAR2683200.00PE,,1,,,SENSEX2631983200PE,,,5,20,1773944999,1,2,8320000.0,BSE,IO,1773944999,,,,,,,,,,,,,,,,,,,,,,FO,,,,,,,1773878400,1773878400,,,,,Cash,,0,1,0.0,20,20,1095300.0,616965.0,1,1,1,0,0,1,0,-1,1,0,1000
854357,,bse_fo,IO,SENSEX,SENSEX2631979000PE,PE,SENSEX19MAR2679000.00PE,,1,,,SENSEX2631979000PE,,,5,20,1773944999,1,2,7900000.0,BSE,IO,1773944999,,,,,,,,,,,,,,,,,,,,,,FO,,,,,,,1773878400,1773878400,,,,,Cash,,0,1,0.0,20,16240,686170.0,208890.0,1,1,1,0,0,1,0,-1,1,0,1000
879787,,bse_fo,IO,SENSEX,SENSEX2631969900CE,CE,SENSEX19MAR2669900.00CE,,1,,,SENSEX2631969900CE,,,5,20,1773944999,1,2,6990000.0,BSE,IO,1773944999,,,,,,,,,,,,,,,,,,,,,,FO,,,,,,,1773878400,1773878400,,,,,Cash,,0,1,0.0,20,0,714025.0,235865.0,1,1,1,0,0,1,0,-1,1,0,1000
854240,,bse_fo,IO,SENSEX,SENSEX2631985000CE,CE,SENSEX19MAR2685000.00CE,,1,,,SENSEX2631985000CE,,,5,20,1773944999,1,2,8500000.0,BSE,IO,1773944999,,,,,,,,,,,,,,,,,,,,,,FO,,,,,,,1773878400,1773878400,,,,,Cash,,0,1,0.0,20,102080,2005.0,250.0,1,1,1,0,0,1,0,-1,1,0,1000
881834,,bse_fo,IO,SENSEX,SENSEX2631968700PE,PE,SENSEX19MAR2668700.00PE,,1,,,SENSEX2631968700PE,,,5,20,1773944999,1,2,6870000.0,BSE,IO,1773944999,,,,,,,,,,,,,,,,,,,,,,FO,,,,,,,1773878400,1773878400,,,,,Cash,,0,1,0.0,20,0,2005.0,195.0,1,1,1,0,0,1,0,-1,1,0,1000
850403,,bse_fo,IO,SENSEX,SENSEX2631976700CE,CE,SENSEX19MAR2676700.00CE,,1,,,SENSEX2631976700CE,,,5,20,1773944999,1,2,7670000.0,BSE,IO,1773944999,,,,,,,,,,,,,,,,,,,,,,FO,,,,,,,1773878400,1773878400,,,,,Cash,,0,1,0.0,20,39880,51235.0,8475.0,1,1,1,0,0,1,0,-1,1,0,1000
849424,,bse_fo,IO,SENSEX,SENSEX2631991000PE,PE,SENSEX19MAR2691000.00PE,,1,,,SENSEX2631991000PE,,,5,20,1773944999,1,2,9100000.0,BSE,IO,1773944999,,,,,,,,,,,,,,,,,,,,,,FO,,,,,,,1773878400,1773878400,,,,,Cash,,0,1,0.0,20,0,1874540.0,1396220.0,1,1,1,0,0,1,0,-1,1,0,1000
854961,,bse_fo,IO,SENSEX,SENSEX2631989200PE,PE,SENSEX19MAR2689200.00PE,,1,,,SENSEX2631989200PE,,,5,20,1773944999,1,2,8920000.0,BSE,IO,1773944999,,,,,,,,,,,,,,,,,,,,,,FO,,,,,,,1773878400,1773878400,,,,,Cash,,0,1,0.0,20,0,1694700.0,1216380.0,1,1,1,0,0,1,0,-1,1,0,1000
855628,,bse_fo,IO,SENSEX,SENSEX2631979300CE,CE,SENSEX19MAR2679300.00CE,,1,,,SENSEX2631979300CE,,,5,20,1773944999,1,2,7930000.0,BSE,IO,1773944999,,,,,,,,,,,,,,,,,,,,,,FO,,,,,,,1773878400,1773878400,,,,,Cash,,0,1,0.0,20,16880,6185.0,5590.0,1,1,1,0,0,1,0,-1,1,0,1000
855062,,bse_fo,IO,SENSEX,SENSEX2631981800PE,PE,SENSEX19MAR2681800.00PE,,1,,,SENSEX2631981800PE,,,5,20,1773944999,1,2,8180000.0,BSE,IO,1773944999,,,,,,,,,,,,,,,,,,,,,,FO,,,,,,,1773878400,1773878400,,,,,Cash,,0,1,0.0,20,0,955610.0,477280.0,1,1,1,0,0,1,0,-1,1,0,1000
883751,,bse_fo,IO,SENSEX,SENSEX2631967700PE,PE,SENSEX19MAR2667700.00PE,,1,,,SENSEX2631967700PE,,,5,20,1773944999,1,2,6770000.0,BSE,IO,1773944999,,,,,,,,,,,,,,,,,,,,,,FO,,,,,,,1773878400,1773878400,,,,,Cash,,0,1,0.0,20,0,2005.0,5.0,1,1,1,0,0,1,0,-1,1,0,1000
858789,,bse_fo,IO,SENSEX,SENSEX2631972300PE,PE,SENSEX19MAR2672300.00PE,,1,,,SENSEX2631972300PE,,,5,20,1773944999,1,2,7230000.0,BSE,IO,1773944999,,,,,,,,,,,,,,,,,,,,,,FO,,,,,,,1773878400,1773878400,,,,,Cash,,0,1,0.0,20,31040,49040.0,26020.0,1,1,1,0,0,1,0,-1,1,0,1000
881789,,bse_fo,IO,SENSEX,SENSEX2631968400CE,CE,SENSEX19MAR2668400.00CE,,1,,,SENSEX2631968400CE,,,5,20,1773944999,1,2,6840000.0,BSE,IO,1773944999,,,,,,,,,,,,,,,,,,,,,,FO,,,,,,,1773878400,1773878400,,,,,Cash,,0,1,0.0,20,0,862070.0,383735.0,1,1,1,0,0,1,0,-1,1,0,1000
886274,,bse_fo,IO,SENSEX,SENSEX2631965100PE,PE,SENSEX19MAR2665100.00PE,,1,,,SENSEX2631965100PE,,,5,20,1773944999,1,2,6510000.0,BSE,IO,1773944999,,,,,,,,,,,,,,,,,,,,,,FO,,,,,,,1773878400,1773878400,,,,,Cash,,1,1,0.0,20,0,2005.0,5.0,1,1,1,0,0,1,0,-1,1,0,1000
851738,,bse_fo,IO,SENSEX,SENSEX2631980500PE,PE,SENSEX19MAR2680500.00PE,,1,,,SENSEX2631980500PE,,,5,20,1773944999,1,2,8050000.0,BSE,IO,1773944999,,,,,,,,,,,,,,,,,,,,,,FO,,,,,,,1773878400,1773878400,,,,,Cash,,0,1,0.0,20,3120,831180.0,352880.0,1,1,1,0,0,1,0,-1,1,0,1000
857923,,bse_fo,IO,SENSEX,SENSEX2631972900CE,CE,SENSEX19MAR2672900.00CE,,1,,,SENSEX2631972900CE,,,5,20,1773944999,1,2,7290000.0,BSE,IO,1773944999,,,,,,,,,,,,,,,,,,,,,,FO,,,,,,,1773878400,1773878400,,,,,Cash,,0,1,0.0,20,640,438960.0,11830.0,1,1,1,0,0,1,0,-1,1,0,1000
859209,,bse_fo,IO,SENSEX,SENSEX2631971500CE,CE,SENSEX19MAR2671500.00CE,,1,,,SENSEX2631971500CE,,,5,20,1773944999,1,2,7150000.0,BSE,IO,1773944999,,,,,,,,,,,,,,,,,,,,,,FO,,,,,,,1773878400,1773878400,,,,,Cash,,0,1,0.0,20,0,560345.0,88175.0,1,1,1,0,0,1,0,-1,1,0,1000
849233,,bse_fo,IO,SENSEX,SENSEX2631977000PE,PE,SENSEX19MAR2677000.00PE,,1,,,SENSEX2631977000PE,,,5,20,1773944999,1,2,7700000.0,BSE,IO,1773944999,,,,,,,,,,,,,,,,,,,,,,FO,,,,,,,1773878400,1773878400,,,,,Cash,,0,1,0.0,20,136820,487120.0,38165.0,1,1,1,0,0,1,0,-1,1,0,1000
853719,,bse_fo,IO,SENSEX,SENSEX2631980400PE,PE,SENSEX19MAR2680400.00PE,,1,,,SENSEX2631980400PE,,,5,20,1773944999,1,2,8040000.0,BSE,IO,1773944999,,,,,,,,,,,,,,,,,,,,,,FO,,,,,,,1773878400,1773878400,,,,,Cash,,0,1,0.0,20,1440,741140.0,262850.0,1,1,1,0,0,1,0,-1,1,0,1000
851000,,bse_fo,IO,SENSEX,SENSEX2631991600PE,PE,SENSEX19MAR2691600.00PE,,1,,,SENSEX2631991600PE,,,5,20,1773944999,1,2,9160000.0,BSE,IO,1773944999,,,,,,,,,,,,,,,,,,,,,,FO,,,,,,,1773878400,1773878400,,,,,Cash,,0,1,0.0,20,0,1934490.0,1456160.0,1,1,1,0,0,1,0,-1,1,0,1000
854888,,bse_fo,IO,SENSEX,SENSEX2631991500CE,CE,SENSEX19MAR2691500.00CE,,1,,,SENSEX2631991500CE,,,5,20,1773944999,1,2,9150000.0,BSE,IO,1773944999,,,,,,,,,,,,,,,,,,,,,,FO,,,,,,,1773878400,1773878400,,,,,Cash,,0,1,0.0,20,2660,2005.0,5.0,1,1,1,0,0,1,0,-1,1,0,1000
853491,,bse_fo,IO,SENSEX,SENSEX2631982400CE,CE,SENSEX19MAR2682400.00CE,,1,,,SENSEX2631982400CE,,,5,20,1773944999,1,2,8240000.0,BSE,IO,1773944999,,,,,,,,,,,,,,,,,,,,,,FO,,,,,,,1773878400,1773878400,,,,,Cash,,0,1,0.0,20,9020,2005.0,935.0,1,1,1,0,0,1,0,-1,1,0,1000
852715,,bse_fo,IO,SENSEX,SENSEX2631986900PE,PE,SENSEX19MAR2686900.00PE,,1,,,SENSEX2631986900PE,,,5,20,1773944999,1,2,8690000.0,BSE,IO,1773944999,,,,,,,,,,,,,,,,,,,,,,FO,,,,,,,1773878400,1773878400,,,,,Cash,,0,1,0.0,20,0,1464920.0,986585.0,1,1,1,0,0,1,0,-1,1,0,1000
859088,,bse_fo,IO,SENSEX,SENSEX2631972000PE,PE,SENSEX19MAR2672000.00PE,,1,,,SENSEX2631972000PE,,,5,20,1773944999,1,2,7200000.0,BSE,IO,1773944999,,,,,,,,,,,,,,,,,,,,,,FO,,,,,,,1773878400,1773878400,,,,,Cash,,0,1,0.0,20,216960,40240.0,25700.0,1,1,1,0,0,1,0,-1,1,0,1000
855966,,bse_fo,IO,SENSEX,SENSEX2631985000PE,PE,SENSEX19MAR2685000.00PE,,1,,,SENSEX2631985000PE,,,5,20,1773944999,1,2,8500000.0,BSE,IO,1773944999,,,,,,,,,,,,,,,,,,,,,,FO,,,,,,,1773878400,1773878400,,,,,Cash,,0,1,0.0,20,36000,1275100.0,796760.0,1,1,1,0,0,1,0,-1,1,0,1000
879788,,bse_fo,IO,SENSEX,SENSEX2631970000PE,PE,SENSEX19MAR2670000.00PE,,1,,,SENSEX2631970000PE,,,5,20,1773944999,1,2,7000000.0,BSE,IO,1773944999,,,,,,,,,,,,,,,,,,,,,,FO,,,,,,,1773878400,1773878400,,,,,Cash,,0,1,0.0,20,271160,14405.0,13810.0,1,1,1,0,0,1,0,-1,1,0,1000
849466,,bse_fo,IO,SENSEX,SENSEX2631982600CE,CE,SENSEX19MAR2682600.00CE,,1,,,SENSEX2631982600CE,,,5,20,1773944999,1,2,8260000.0,BSE,IO,1773944999,,,,,,,,,,,,,,,,,,,,,,FO,,,,,,,1773878400,1773878400,,,,,Cash,,0,1,0.0,20,12720,2005.0,845.0,1,1,1,0,0,1,0,-1,1,0,1000
886754,,bse_fo,IO,SENSEX,SENSEX2631965900PE,PE,SENSEX19MAR2665900.00PE,,1,,,SENSEX2631965900PE,,,5,20,1773944999,1,2,6590000.0,BSE,IO,1773944999,,,,,,,,,,,,,,,,,,,,,,FO,,,,,,,1773878400,1773878400,,,,,Cash,,1,1,0.0,20,0,2005.0,5.0,1,1,1,0,0,1,0,-1,1,0,1000
853707,,bse_fo,IO,SENSEX,SENSEX2631973400CE,CE,SENSEX19MAR2673400.00CE,,1,,,SENSEX2631973400CE,,,5,20,1773944999,1,2,7340000.0,BSE,IO,1773944999,,,,,,,,,,,,,,,,,,,,,,FO,,,,,,,1773878400,1773878400,,,,,Cash,,0,1,0.0,20,3240,376700.0,5.0,1,1,1,0,0,1,0,-1,1,0,1000
881972,,bse_fo,IO,SENSEX,SENSEX2631968800CE,CE,SENSEX19MAR2668800.00CE,,1,,,SENSEX2631968800CE,,,5,20,1773944999,1,2,6880000.0,BSE,IO,1773944999,,,,,,,,,,,,,,,,,,,,,,FO,,,,,,,1773878400,1773878400,,,,,Cash,,0,1,0.0,20,0,822345.0,344020.0,1,1,1,0,0,1,0,-1,1,0,1000
850141,,bse_fo,IO,SENSEX,SENSEX2631988200PE,PE,SENSEX19MAR2688200.00PE,,1,,,SENSEX2631988200PE,,,5,20,1773944999,1,2,8820000.0,BSE,IO,1773944999,,,,,,,,,,,,,,,,,,,,,,FO,,,,,,,1773878400,1773878400,,,,,Cash,,0,1,0.0,20,0,1594800.0,1116480.0,1,1,1,0,0,1,0,-1,1,0,1000
855198,,bse_fo,IO,SENSEX,SENSEX2631977700CE,CE,SENSEX19MAR2677700.00CE,,1,,,SENSEX2631977700CE,,,5,20,1773944999,1,2,7770000.0,BSE,IO,1773944999,,,,,,,,,,,,,,,,,,,,,,FO,,,,,,,1773878400,1773878400,,,,,Cash,,0,1,0.0,20,48220,21730.0,10950.0,1,1,1,0,0,1,0,-1,1,0,1000
848851,,bse_fo,IO,SENSEX,SENSEX2631978400CE,CE,SENSEX19MAR2678400.00CE,,1,,,SENSEX2631978400CE,,,5,20,1773944999,1,2,7840000.0,BSE,IO,1773944999,,,,,,,,,,,,,,,,,,,,,,FO,,,,,,,1773878400,1773878400,,,,,Cash,,0,1,0.0,20,26820,12105.0,8795.0,1,1,1,0,0,1,0,-1,1,0,1000
849936,,bse_fo,IO,SENSEX,SENSEX2631984200CE,CE,SENSEX19MAR2684200.00CE,,1,,,SENSEX2631984200CE,,,5,20,1773944999,1,2,8420000.0,BSE,IO,1773944999,,,,,,,,,,,,,,,,,,,,,,FO,,,,,,,1773878400,1773878400,,,,,Cash,,0,1,0.0,20,220,2005.0,390.0,1,1,1,0,0,1,0,-1,1,0,1000
855897,,bse_fo,IO,SENSEX,SENSEX2631979600PE,PE,SENSEX19MAR2679600.00PE,,1,,,SENSEX2631979600PE,,,5,20,1773944999,1,2,7960000.0,BSE,IO,1773944999,,,,,,,,,,,,,,,,,,,,,,FO,,,,,,,1773878400,1773878400,,,,,Cash,,0,1,0.0,20,1240,715015.0,236975.0,1,1,1,0,0,1,0,-1,1,0,1000
848859,,bse_fo,IO,SENSEX,SENSEX2631983100PE,PE,SENSEX19MAR2683100.00PE,,1,,,SENSEX2631983100PE,,,5,20,1773944999,1,2,8310000.0,BSE,IO,1773944999,,,,,,,,,,,,,,,,,,,,,,FO,,,,,,,1773878400,1773878400,,,,,Cash,,0,1,0.0,20,80,1059160.0,580830.0,1,1,1,0,0,1,0,-1,1,0,1000
856205,,bse_fo,IO,SENSEX,SENSEX2631973500CE,CE,SENSEX19MAR2673500.00CE,,1,,,SENSEX2631973500CE,,,5,20,1773944999,1,2,7350000.0,BSE,IO,1773944999,,,,,,,,,,,,,,,,,,,,,,FO,,,,,,,1773878400,1773878400,,,,,Cash,,0,1,0.0,20,6920,363450.0,5.0,1,1,1,0,0,1,0,-1,1,0,1000
854000,,bse_fo,IO,SENSEX,SENSEX2631980300CE,CE,SENSEX19MAR2680300.00CE,,1,,,SENSEX2631980300CE,,,5,20,1773944999,1,2,8030000.0,BSE,IO,1773944999,,,,,,,,,,,,,,,,,,,,,,FO,,,,,,,1773878400,1773878400,,,,,Cash,,0,1,0.0,20,33900,3680.0,3085.0,1,1,1,0,0,1,0,-1,1,0,1000
859251,,bse_fo,IO,SENSEX,SENSEX2631971800PE,PE,SENSEX19MAR2671800.00PE,,1,,,SENSEX2631971800PE,,,5,20,1773944999,1,2,7180000.0,BSE,IO,1773944999,,,,,,,,,,,,,,,,,,,,,,FO,,,,,,,1773878400,1773878400,,,,,Cash,,0,1,0.0,20,14560,35885.0,25425.0,1,1,1,0,0,1,0,-1,1,0,1000
884337,,bse_fo,IO,SENSEX,SENSEX2631966900CE,CE,SENSEX19MAR2666900.00CE,,1,,,SENSEX2631966900CE,,,5,20,1773944999,1,2,6690000.0,BSE,IO,1773944999,,,,,,,,,,,,,,,,,,,,,,FO,,,,,,,1773878400,1773878400,,,,,Cash,,0,1,0.0,20,0,1011630.0,533300.0,1,1,1,0,0,1,0,-1,1,0,1000
855277,,bse_fo,IO,SENSEX,SENSEX2631983100CE,CE,SENSEX19MAR2683100.00CE,,1,,,SENSEX2631983100CE,,,5,20,1773944999,1,2,8310000.0,BSE,IO,1773944999,,,,,,,,,,,,,,,,,,,,,,FO,,,,,,,1773878400,1773878400,,,,,Cash,,0,1,0.0,20,1560,2005.0,655.0,1,1,1,0,0,1,0,-1,1,0,1000
852268,,bse_fo,IO,SENSEX,SENSEX2631989700CE,CE,SENSEX19MAR2689700.00CE,,1,,,SENSEX2631989700CE,,,5,20,1773944999,1,2,8970000.0,BSE,IO,1773944999,,,,,,,,,,,,,,,,,,,,,,FO,,,,,,,1773878400,1773878400,,,,,Cash,,0,1,0.0,20,1640,2005.0,5.0,1,1,1,0,0,1,0,-1,1,0,1000
854249,,bse_fo,IO,SENSEX,SENSEX2631989600CE,CE,SENSEX19MAR2689600.00CE,,1,,,SENSEX2631989600CE,,,5,20,1773944999,1,2,8960000.0,BSE,IO,1773944999,,,,,,,,,,,,,,,,,,,,,,FO,,,,,,,1773878400,1773878400,,,,,Cash,,0,1,0.0,20,280,2005.0,20.0,1,1,1,0,0,1,0,-1,1,0,1000
878717,,bse_fo,IO,SENSEX,SENSEX2631971000CE,CE,SENSEX19MAR2671000.00CE,,1,,,SENSEX2631971000CE,,,5,20,1773944999,1,2,7100000.0,BSE,IO,1773944999,,,,,,,,,,,,,,,,,,,,,,FO,,,,,,,1773878400,1773878400,,,,,Cash,,0,1,0.0,20,0,607970.0,131960.0,1,1,1,0,0,1,0,-1,1,0,1000
851148,,bse_fo,IO,SENSEX,SENSEX2631988600PE,PE,SENSEX19MAR2688600.00PE,,1,,,SENSEX2631988600PE,,,5,20,1773944999,1,2,8860000.0,BSE,IO,1773944999,,,,,,,,,,,,,,,,,,,,,,FO,,,,,,,1773878400,1773878400,,,,,Cash,,0,1,0.0,20,0,1634760.0,1156430.0,1,1,1,0,0,1,0,-1,1,0,1000
849875,,bse_fo,IO,SENSEX,SENSEX2631978800CE,CE,SENSEX19MAR2678800.00CE,,1,,,SENSEX2631978800CE,,,5,20,1773944999,1,2,7880000.0,BSE,IO,1773944999,,,,,,,,,,,,,,,,,,,,,,FO,,,,,,,1773878400,1773878400,,,,,Cash,,0,1,0.0,20,18260,8875.0,7320.0,1,1,1,0,0,1,0,-1,1,0,1000
854255,,bse_fo,IO,SENSEX,SENSEX2631992000PE,PE,SENSEX19MAR2692000.00PE,,1,,,SENSEX2631992000PE,,,5,20,1773944999,1,2,9200000.0,BSE,IO,1773944999,,,,,,,,,,,,,,,,,,,,,,FO,,,,,,,1773878400,1773878400,,,,,Cash,,0,1,0.0,20,0,1974460.0,1496120.0,1,1,1,0,0,1,0,-1,1,0,1000
854293,,bse_fo,IO,SENSEX,SENSEX2631983600CE,CE,SENSEX19MAR2683600.00CE,,1,,,SENSEX2631983600CE,,,5,20,1773944999,1,2,8360000.0,BSE,IO,1773944999,,,,,,,,,,,,,,,,,,,,,,FO,,,,,,,1773878400,1773878400,,,,,Cash,,0,1,0.0,20,600,2005.0,520.0,1,1,1,0,0,1,0,-1,1,0,1000
855625,,bse_fo,IO,SENSEX,SENSEX2631977000CE,CE,SENSEX19MAR2677000.00CE,,1,,,SENSEX2631977000CE,,,5,20,1773944999,1,2,7700000.0,BSE,IO,1773944999,,,,,,,,,,,,,,,,,,,,,,FO,,,,,,,1773878400,1773878400,,,,,Cash,,0,1,0.0,20,339760,39475.0,10120.0,1,1,1,0,0,1,0,-1,1,0,1000
854546,,bse_fo,IO,SENSEX,SENSEX2631981600PE,PE,SENSEX19MAR2681600.00PE,,1,,,SENSEX2631981600PE,,,5,20,1773944999,1,2,8160000.0,BSE,IO,1773944999,,,,,,,,,,,,,,,,,,,,,,FO,,,,,,,1773878400,1773878400,,,,,Cash,,0,1,0.0,20,200,935695.0,457365.0,1,1,1,0,0,1,0,-1,1,0,1000
848848,,bse_fo,IO,SENSEX,SENSEX2631976100CE,CE,SENSEX19MAR2676100.00CE,,1,,,SENSEX2631976100CE,,,5,20,1773944999,1,2,7610000.0,BSE,IO,1773944999,,,,,,,,,,,,,,,,,,,,,,FO,,,,,,,1773878400,1773878400,,,,,Cash,,0,1,0.0,20,50940,84090.0,1620.0,1,1,1,0,0,1,0,-1,1,0,1000
854702,,bse_fo,IO,SENSEX,SENSEX2631977500CE,CE,SENSEX19MAR2677500.00CE,,1,,,SENSEX2631977500CE,,,5,20,1773944999,1,2,7750000.0,BSE,IO,1773944999,,,,,,,,,,,,,,,,,,,,,,FO,,,,,,,1773878400,1773878400,,,,,Cash,,0,1,0.0,20,214740,25825.0,11215.0,1,1,1,0,0,1,0,-1,1,0,1000
853730,,bse_fo,IO,SENSEX,SENSEX2631987100CE,CE,SENSEX19MAR2687100.00CE,,1,,,SENSEX2631987100CE,,,5,20,1773944999,1,2,8710000.0,BSE,IO,1773944999,,,,,,,,,,,,,,,,,,,,,,FO,,,,,,,1773878400,1773878400,,,,,Cash,,0,1,0.0,20,120,2005.0,120.0,1,1,1,0,0,1,0,-1,1,0,1000
854245,,bse_fo,IO,SENSEX,SENSEX2631987300CE,CE,SENSEX19MAR2687300.00CE,,1,,,SENSEX2631987300CE,,,5,20,1773944999,1,2,8730000.0,BSE,IO,1773944999,,,,,,,,,,,,,,,,,,,,,,FO,,,,,,,1773878400,1773878400,,,,,Cash,,0,1,0.0,20,100,2005.0,130.0,1,1,1,0,0,1,0,-1,1,0,1000
851468,,bse_fo,IO,SENSEX,SENSEX2631980200CE,CE,SENSEX19MAR2680200.00CE,,1,,,SENSEX2631980200CE,,,5,20,1773944999,1,2,8020000.0,BSE,IO,1773944999,,,,,,,,,,,,,,,,,,,,,,FO,,,,,,,1773878400,1773878400,,,,,Cash,,0,1,0.0,20,16780,3895.0,3300.0,1,1,1,0,0,1,0,-1,1,0,1000
859967,,bse_fo,IO,SENSEX,SENSEX2631993000CE,CE,SENSEX19MAR2693000.00CE,,1,,,SENSEX2631993000CE,,,5,20,1773944999,1,2,9300000.0,BSE,IO,1773944999,,,,,,,,,,,,,,,,,,,,,,FO,,,,,,,1773878400,1773878400,,,,,Cash,,1,1,0.0,20,0,2005.0,5.0,1,1,1,0,0,1,0,-1,1,0,1000
884419,,bse_fo,IO,SENSEX,SENSEX2631966500PE,PE,SENSEX19MAR2666500.00PE,,1,,,SENSEX2631966500PE,,,5,20,1773944999,1,2,6650000.0,BSE,IO,1773944999,,,,,,,,,,,,,,,,,,,,,,FO,,,,,,,1773878400,1773878400,,,,,Cash,,1,1,0.0,20,0,2005.0,5.0,1,1,1,0,0,1,0,-1,1,0,1000
885248,,bse_fo,IO,SENSEX,SENSEX2631966300CE,CE,SENSEX19MAR2666300.00CE,,1,,,SENSEX2631966300CE,,,5,20,1773944999,1,2,6630000.0,BSE,IO,1773944999,,,,,,,,,,,,,,,,,,,,,,FO,,,,,,,1773878400,1773878400,,,,,Cash,,1,1,0.0,20,0,1068550.0,590220.0,1,1,1,0,0,1,0,-1,1,0,1000
857303,,bse_fo,IO,SENSEX,SENSEX2631973000CE,CE,SENSEX19MAR2673000.00CE,,1,,,SENSEX2631973000CE,,,5,20,1773944999,1,2,7300000.0,BSE,IO,1773944999,,,,,,,,,,,,,,,,,,,,,,FO,,,,,,,1773878400,1773878400,,,,,Cash,,0,1,0.0,20,4620,422945.0,2240.0,1,1,1,0,0,1,0,-1,1,0,1000
854422,,bse_fo,IO,SENSEX,SENSEX2631977600PE,PE,SENSEX19MAR2677600.00PE,,1,,,SENSEX2631977600PE,,,5,20,1773944999,1,2,7760000.0,BSE,IO,1773944999,,,,,,,,,,,,,,,,,,,,,,FO,,,,,,,1773878400,1773878400,,,,,Cash,,0,1,0.0,20,3680,519615.0,53865.0,1,1,1,0,0,1,0,-1,1,0,1000
855559,,bse_fo,IO,SENSEX,SENSEX2631991100PE,PE,SENSEX19MAR2691100.00PE,,1,,,SENSEX2631991100PE,,,5,20,1773944999,1,2,9110000.0,BSE,IO,1773944999,,,,,,,,,,,,,,,,,,,,,,FO,,,,,,,1773878400,1773878400,,,,,Cash,,0,1,0.0,20,0,1884540.0,1406200.0,1,1,1,0,0,1,0,-1,1,0,1000
851138,,bse_fo,IO,SENSEX,SENSEX2631984000PE,PE,SENSEX19MAR2684000.00PE,,1,,,SENSEX2631984000PE,,,5,20,1773944999,1,2,8400000.0,BSE,IO,1773944999,,,,,,,,,,,,,,,,,,,,,,FO,,,,,,,1773878400,1773878400,,,,,Cash,,0,1,0.0,20,14140,1110700.0,632365.0,1,1,1,0,0,1,0,-1,1,0,1000
852747,,bse_fo,IO,SENSEX,SENSEX2631980900PE,PE,SENSEX19MAR2680900.00PE,,1,,,SENSEX2631980900PE,,,5,20,1773944999,1,2,8090000.0,BSE,IO,1773944999,,,,,,,,,,,,,,,,,,,,,,FO,,,,,,,1773878400,1773878400,,,,,Cash,,0,1,0.0,20,900,853520.0,375195.0,1,1,1,0,0,1,0,-1,1,0,1000
878275,,bse_fo,IO,SENSEX,SENSEX2631970900PE,PE,SENSEX19MAR2670900.00PE,,1,,,SENSEX2631970900PE,,,5,20,1773944999,1,2,7090000.0,BSE,IO,1773944999,,,,,,,,,,,,,,,,,,,,,,FO,,,,,,,1773878400,1773878400,,,,,Cash,,0,1,0.0,20,32540,21790.0,19920.0,1,1,1,0,0,1,0,-1,1,0,1000
848721,,bse_fo,IO,SENSEX,SENSEX2631979100PE,PE,SENSEX19MAR2679100.00PE,,1,,,SENSEX2631979100PE,,,5,20,1773944999,1,2,7910000.0,BSE,IO,1773944999,,,,,,,,,,,,,,,,,,,,,,FO,,,,,,,1773878400,1773878400,,,,,Cash,,0,1,0.0,20,1860,692920.0,215450.0,1,1,1,0,0,1,0,-1,1,0,1000
882247,,bse_fo,IO,SENSEX,SENSEX2631968500CE,CE,SENSEX19MAR2668500.00CE,,1,,,SENSEX2631968500CE,,,5,20,1773944999,1,2,6850000.0,BSE,IO,1773944999,,,,,,,,,,,,,,,,,,,,,,FO,,,,,,,1773878400,1773878400,,,,,Cash,,0,1,0.0,20,0,852125.0,373795.0,1,1,1,0,0,1,0,-1,1,0,1000
856095,,bse_fo,IO,SENSEX,SENSEX2631991300PE,PE,SENSEX19MAR2691300.00PE,,1,,,SENSEX2631991300PE,,,5,20,1773944999,1,2,9130000.0,BSE,IO,1773944999,,,,,,,,,,,,,,,,,,,,,,FO,,,,,,,1773878400,1773878400,,,,,Cash,,0,1,0.0,20,0,1904520.0,1426180.0,1,1,1,0,0,1,0,-1,1,0,1000
882584,,bse_fo,IO,SENSEX,SENSEX2631969300PE,PE,SENSEX19MAR2669300.00PE,,1,,,SENSEX2631969300PE,,,5,20,1773944999,1,2,6930000.0,BSE,IO,1773944999,,,,,,,,,,,,,,,,,,,,,,FO,,,,,,,1773878400,1773878400,,,,,Cash,,0,1,0.0,20,0,2005.0,790.0,1,1,1,0,0,1,0,-1,1,0,1000
852620,,bse_fo,IO,SENSEX,SENSEX2631974600PE,PE,SENSEX19MAR2674600.00PE,,1,,,SENSEX2631974600PE,,,5,20,1773944999,1,2,7460000.0,BSE,IO,1773944999,,,,,,,,,,,,,,,,,,,,,,FO,,,,,,,1773878400,1773878400,,,,,Cash,,0,1,0.0,20,137860,214740.0,5.0,1,1,1,0,0,1,0,-1,1,0,1000
848783,,bse_fo,IO,SENSEX,SENSEX2631977700PE,PE,SENSEX19MAR2677700.00PE,,1,,,SENSEX2631977700PE,,,5,20,1773944999,1,2,7770000.0,BSE,IO,1773944999,,,,,,,,,,,,,,,,,,,,,,FO,,,,,,,1773878400,1773878400,,,,,Cash,,0,1,0.0,20,6660,523770.0,56225.0,1,1,1,0,0,1,0,-1,1,0,1000
881412,,bse_fo,IO,SENSEX,SENSEX2631969500CE,CE,SENSEX19MAR2669500.00CE,,1,,,SENSEX2631969500CE,,,5,20,1773944999,1,2,6950000.0,BSE,IO,1773944999,,,,,,,,,,,,,,,,,,,,,,FO,,,,,,,1773878400,1773878400,,,,,Cash,,0,1,0.0,20,0,753205.0,274935.0,1,1,1,0,0,1,0,-1,1,0,1000
863324,,bse_fo,IO,SENSEX,SENSEX2631993800PE,PE,SENSEX19MAR2693800.00PE,,1,,,SENSEX2631993800PE,,,5,20,1773944999,1,2,9380000.0,BSE,IO,1773944999,,,,,,,,,,,,,,,,,,,,,,FO,,,,,,,1773878400,1773878400,,,,,Cash,,1,1,0.0,20,0,2154290.0,1675960.0,1,1,1,0,0,1,0,-1,1,0,1000
852870,,bse_fo,IO,SENSEX,SENSEX2631979300PE,PE,SENSEX19MAR2679300.00PE,,1,,,SENSEX2631979300PE,,,5,20,1773944999,1,2,7930000.0,BSE,IO,1773944999,,,,,,,,,,,,,,,,,,,,,,FO,,,,,,,1773878400,1773878400,,,,,Cash,,0,1,0.0,20,1040,631520.0,153750.0,1,1,1,0,0,1,0,-1,1,0,1000
853681,,bse_fo,IO,SENSEX,SENSEX2631984100PE,PE,SENSEX19MAR2684100.00PE,,1,,,SENSEX2631984100PE,,,5,20,1773944999,1,2,8410000.0,BSE,IO,1773944999,,,,,,,,,,,,,,,,,,,,,,FO,,,,,,,1773878400,1773878400,,,,,Cash,,0,1,0.0,20,0,1185180.0,706850.0,1,1,1,0,0,1,0,-1,1,0,1000
858333,,bse_fo,IO,SENSEX,SENSEX2631972100CE,CE,SENSEX19MAR2672100.00CE,,1,,,SENSEX2631972100CE,,,5,20,1773944999,1,2,7210000.0,BSE,IO,1773944999,,,,,,,,,,,,,,,,,,,,,,FO,,,,,,,1773878400,1773878400,,,,,Cash,,0,1,0.0,20,0,502585.0,41280.0,1,1,1,0,0,1,0,-1,1,0,1000
885901,,bse_fo,IO,SENSEX,SENSEX2631966000PE,PE,SENSEX19MAR2666000.00PE,,1,,,SENSEX2631966000PE,,,5,20,1773944999,1,2,6600000.0,BSE,IO,1773944999,,,,,,,,,,,,,,,,,,,,,,FO,,,,,,,1773878400,1773878400,,,,,Cash,,1,1,0.0,20,0,2005.0,5.0,1,1,1,0,0,1,0,-1,1,0,1000
885019,,bse_fo,IO,SENSEX,SENSEX2631966900PE,PE,SENSEX19MAR2666900.00PE,,1,,,SENSEX2631966900PE,,,5,20,1773944999,1,2,6690000.0,BSE,IO,1773944999,,,,,,,,,,,,,,,,,,,,,,FO,,,,,,,1773878400,1773878400,,,,,Cash,,0,1,0.0,20,520,2295.0,1700.0,1,1,1,0,0,1,0,-1,1,0,1000
855160,,bse_fo,IO,SENSEX,SENSEX2631979100CE,CE,SENSEX19MAR2679100.00CE,,1,,,SENSEX2631979100CE,,,5,20,1773944999,1,2,7910000.0,BSE,IO,1773944999,,,,,,,,,,,,,,,,,,,,,,FO,,,,,,,1773878400,1773878400,,,,,Cash,,0,1,0.0,20,25680,7015.0,6165.0,1,1,1,0,0,1,0,-1,1,0,1000
855279,,bse_fo,IO,SENSEX,SENSEX2631985400CE,CE,SENSEX19MAR2685400.00CE,,1,,,SENSEX2631985400CE,,,5,20,1773944999,1,2,8540000.0,BSE,IO,1773944999,,,,,,,,,,,,,,,,,,,,,,FO,,,,,,,1773878400,1773878400,,,,,Cash,,0,1,0.0,20,80,2005.0,205.0,1,1,1,0,0,1,0,-1,1,0,1000
852622,,bse_fo,IO,SENSEX,SENSEX2631976900PE,PE,SENSEX19MAR2676900.00PE,,1,,,SENSEX2631976900PE,,,5,20,1773944999,1,2,7690000.0,BSE,IO,1773944999,,,,,,,,,,,,,,,,,,,,,,FO,,,,,,,1773878400,1773878400,,,,,Cash,,0,1,0.0,20,4060,476310.0,31375.0,1,1,1,0,0,1,0,-1,1,0,1000
848603,,bse_fo,IO,SENSEX,SENSEX2631987400CE,CE,SENSEX19MAR2687400.00CE,,1,,,SENSEX2631987400CE,,,5,20,1773944999,1,2,8740000.0,BSE,IO,1773944999,,,,,,,,,,,,,,,,,,,,,,FO,,,,,,,1773878400,1773878400,,,,,Cash,,0,1,0.0,20,200,2005.0,105.0,1,1,1,0,0,1,0,-1,1,0,1000
849089,,bse_fo,IO,SENSEX,SENSEX2631989000CE,CE,SENSEX19MAR2689000.00CE,,1,,,SENSEX2631989000CE,,,5,20,1773944999,1,2,8900000.0,BSE,IO,1773944999,,,,,,,,,,,,,,,,,,,,,,FO,,,,,,,1773878400,1773878400,,,,,Cash,,0,1,0.0,20,6780,2005.0,10.0,1,1,1,0,0,1,0,-1,1,0,1000
884968,,bse_fo,IO,SENSEX,SENSEX2631967300PE,PE,SENSEX19MAR2667300.00PE,,1,,,SENSEX2631967300PE,,,5,20,1773944999,1,2,6730000.0,BSE,IO,1773944999,,,,,,,,,,,,,,,,,,,,,,FO,,,,,,,1773878400,1773878400,,,,,Cash,,0,1,0.0,20,0,2005.0,5.0,1,1,1,0,0,1,0,-1,1,0,1000
849471,,bse_fo,IO,SENSEX,SENSEX2631984900CE,CE,SENSEX19MAR2684900.00CE,,1,,,SENSEX2631984900CE,,,5,20,1773944999,1,2,8490000.0,BSE,IO,1773944999,,,,,,,,,,,,,,,,,,,,,,FO,,,,,,,1773878400,1773878400,,,,,Cash,,0,1,0.0,20,2060,2005.0,280.0,1,1,1,0,0,1,0,-1,1,0,1000
883906,,bse_fo,IO,SENSEX,SENSEX2631967600PE,PE,SENSEX19MAR2667600.00PE,,1,,,SENSEX2631967600PE,,,5,20,1773944999,1,2,6760000.0,BSE,IO,1773944999,,,,,,,,,,,,,,,,,,,,,,FO,,,,,,,1773878400,1773878400,,,,,Cash,,0,1,0.0,20,0,2005.0,5.0,1,1,1,0,0,1,0,-1,1,0,1000
850688,,bse_fo,IO,SENSEX,SENSEX2631982400PE,PE,SENSEX19MAR2682400.00PE,,1,,,SENSEX2631982400PE,,,5,20,1773944999,1,2,8240000.0,BSE,IO,1773944999,,,,,,,,,,,,,,,,,,,,,,FO,,,,,,,1773878400,1773878400,,,,,Cash,,0,1,0.0,20,0,1015430.0,537100.0,1,1,1,0,0,1,0,-1,1,0,1000
854233,,bse_fo,IO,SENSEX,SENSEX2631980600PE,PE,SENSEX19MAR2680600.00PE,,1,,,SENSEX2631980600PE,,,5,20,1773944999,1,2,8060000.0,BSE,IO,1773944999,,,,,,,,,,,,,,,,,,,,,,FO,,,,,,,1773878400,1773878400,,,,,Cash,,0,1,0.0,20,840,759145.0,280845.0,1,1,1,0,0,1,0,-1,1,0,1000
850116,,bse_fo,IO,SENSEX,SENSEX2631974500PE,PE,SENSEX19MAR2674500.00PE,,1,,,SENSEX2631974500PE,,,5,20,1773944999,1,2,7450000.0,BSE,IO,1773944999,,,,,,,,,,,,,,,,,,,,,,FO,,,,,,,1773878400,1773878400,,,,,Cash,,0,1,0.0,20,207640,204070.0,5.0,1,1,1,0,0,1,0,-1,1,0,1000
852257,,bse_fo,IO,SENSEX,SENSEX2631980700PE,PE,SENSEX19MAR2680700.00PE,,1,,,SENSEX2631980700PE,,,5,20,1773944999,1,2,8070000.0,BSE,IO,1773944999,,,,,,,,,,,,,,,,,,,,,,FO,,,,,,,1773878400,1773878400,,,,,Cash,,0,1,0.0,20,720,769150.0,290840.0,1,1,1,0,0,1,0,-1,1,0,1000
858896,,bse_fo,IO,SENSEX,SENSEX2631972500PE,PE,SENSEX19MAR2672500.00PE,,1,,,SENSEX2631972500PE,,,5,20,1773944999,1,2,7250000.0,BSE,IO,1773944999,,,,,,,,,,,,,,,,,,,,,,FO,,,,,,,1773878400,1773878400,,,,,Cash,,0,1,0.0,20,169900,55895.0,25310.0,1,1,1,0,0,1,0,-1,1,0,1000
853775,,bse_fo,IO,SENSEX,SENSEX2631981100CE,CE,SENSEX19MAR2681100.00CE,,1,,,SENSEX2631981100CE,,,5,20,1773944999,1,2,8110000.0,BSE,IO,1773944999,,,,,,,,,,,,,,,,,,,,,,FO,,,,,,,1773878400,1773878400,,,,,Cash,,0,1,0.0,20,9120,2535.0,1940.0,1,1,1,0,0,1,0,-1,1,0,1000
852762,,bse_fo,IO,SENSEX,SENSEX2631989900CE,CE,SENSEX19MAR2689900.00CE,,1,,,SENSEX2631989900CE,,,5,20,1773944999,1,2,8990000.0,BSE,IO,1773944999,,,,,,,,,,,,,,,,,,,,,,FO,,,,,,,1773878400,1773878400,,,,,Cash,,0,1,0.0,20,1020,2005.0,130.0,1,1,1,0,0,1,0,-1,1,0,1000
849867,,bse_fo,IO,SENSEX,SENSEX2631974200CE,CE,SENSEX19MAR2674200.00CE,,1,,,SENSEX2631974200CE,,,5,20,1773944999,1,2,7420000.0,BSE,IO,1773944999,,,,,,,,,,,,,,,,,,,,,,FO,,,,,,,1773878400,1773878400,,,,,Cash,,0,1,0.0,20,10380,278645.0,5.0,1,1,1,0,0,1,0,-1,1,0,1000
851397,,bse_fo,IO,SENSEX,SENSEX2631974800CE,CE,SENSEX19MAR2674800.00CE,,1,,,SENSEX2631974800CE,,,5,20,1773944999,1,2,7480000.0,BSE,IO,1773944999,,,,,,,,,,,,,,,,,,,,,,FO,,,,,,,1773878400,1773878400,,,,,Cash,,0,1,0.0,20,97420,205640.0,5.0,1,1,1,0,0,1,0,-1,1,0,1000
854927,,bse_fo,IO,SENSEX,SENSEX2631973200PE,PE,SENSEX19MAR2673200.00PE,,1,,,SENSEX2631973200PE,,,5,20,1773944999,1,2,7320000.0,BSE,IO,1773944999,,,,,,,,,,,,,,,,,,,,,,FO,,,,,,,1773878400,1773878400,,,,,Cash,,0,1,0.0,20,57360,91050.0,18970.0,1,1,1,0,0,1,0,-1,1,0,1000
849526,,bse_fo,IO,SENSEX,SENSEX2631978000PE,PE,SENSEX19MAR2678000.00PE,,1,,,SENSEX2631978000PE,,,5,20,1773944999,1,2,7800000.0,BSE,IO,1773944999,,,,,,,,,,,,,,,,,,,,,,FO,,,,,,,1773878400,1773878400,,,,,Cash,,0,1,0.0,20,106960,587725.0,116045.0,1,1,1,0,0,1,0,-1,1,0,1000
881923,,bse_fo,IO,SENSEX,SENSEX2631968900PE,PE,SENSEX19MAR2668900.00PE,,1,,,SENSEX2631968900PE,,,5,20,1773944999,1,2,6890000.0,BSE,IO,1773944999,,,,,,,,,,,,,,,,,,,,,,FO,,,,,,,1773878400,1773878400,,,,,Cash,,0,1,0.0,20,0,2005.0,350.0,1,1,1,0,0,1,0,-1,1,0,1000
848545,,bse_fo,IO,SENSEX,SENSEX2631978500PE,PE,SENSEX19MAR2678500.00PE,,1,,,SENSEX2631978500PE,,,5,20,1773944999,1,2,7850000.0,BSE,IO,1773944999,,,,,,,,,,,,,,,,,,,,,,FO,,,,,,,1773878400,1773878400,,,,,Cash,,0,1,0.0,20,27060,637345.0,161775.0,1,1,1,0,0,1,0,-1,1,0,1000
848920,,bse_fo,IO,SENSEX,SENSEX2631988400CE,CE,SENSEX19MAR2688400.00CE,,1,,,SENSEX2631988400CE,,,5,20,1773944999,1,2,8840000.0,BSE,IO,1773944999,,,,,,,,,,,,,,,,,,,,,,FO,,,,,,,1773878400,1773878400,,,,,Cash,,0,1,0.0,20,660,2005.0,70.0,1,1,1,0,0,1,0,-1,1,0,1000
852919,,bse_fo,IO,SENSEX,SENSEX2631977900PE,PE,SENSEX19MAR2677900.00PE,,1,,,SENSEX2631977900PE,,,5,20,1773944999,1,2,7790000.0,BSE,IO,1773944999,,,,,,,,,,,,,,,,,,,,,,FO,,,,,,,1773878400,1773878400,,,,,Cash,,0,1,0.0,20,2780,575960.0,105470.0,1,1,1,0,0,1,0,-1,1,0,1000
850843,,bse_fo,IO,SENSEX,SENSEX2631976000CE,CE,SENSEX19MAR2676000.00CE,,1,,,SENSEX2631976000CE,,,5,20,1773944999,1,2,7600000.0,BSE,IO,1773944999,,,,,,,,,,,,,,,,,,,,,,FO,,,,,,,1773878400,1773878400,,,,,Cash,,0,1,0.0,20,420620,91100.0,200.0,1,1,1,0,0,1,0,-1,1,0,1000
854469,,bse_fo,IO,SENSEX,SENSEX2631973900PE,PE,SENSEX19MAR2673900.00PE,,1,,,SENSEX2631973900PE,,,5,20,1773944999,1,2,7390000.0,BSE,IO,1773944999,,,,,,,,,,,,,,,,,,,,,,FO,,,,,,,1773878400,1773878400,,,,,Cash,,0,1,0.0,20,26060,144290.0,4840.0,1,1,1,0,0,1,0,-1,1,0,1000
879571,,bse_fo,IO,SENSEX,SENSEX2631970500PE,PE,SENSEX19MAR2670500.00PE,,1,,,SENSEX2631970500PE,,,5,20,1773944999,1,2,7050000.0,BSE,IO,1773944999,,,,,,,,,,,,,,,,,,,,,,FO,,,,,,,1773878400,1773878400,,,,,Cash,,0,1,0.0,20,67940,17780.0,17015.0,1,1,1,0,0,1,0,-1,1,0,1000
848648,,bse_fo,IO,SENSEX,SENSEX2631981400CE,CE,SENSEX19MAR2681400.00CE,,1,,,SENSEX2631981400CE,,,5,20,1773944999,1,2,8140000.0,BSE,IO,1773944999,,,,,,,,,,,,,,,,,,,,,,FO,,,,,,,1773878400,1773878400,,,,,Cash,,0,1,0.0,20,8660,2235.0,1640.0,1,1,1,0,0,1,0,-1,1,0,1000
884751,,bse_fo,IO,SENSEX,SENSEX2631967300CE,CE,SENSEX19MAR2667300.00CE,,1,,,SENSEX2631967300CE,,,5,20,1773944999,1,2,6730000.0,BSE,IO,1773944999,,,,,,,,,,,,,,,,,,,,,,FO,,,,,,,1773878400,1773878400,,,,,Cash,,0,1,0.0,20,0,971695.0,493365.0,1,1,1,0,0,1,0,-1,1,0,1000
858384,,bse_fo,IO,SENSEX,SENSEX2631972400PE,PE,SENSEX19MAR2672400.00PE,,1,,,SENSEX2631972400PE,,,5,20,1773944999,1,2,7240000.0,BSE,IO,1773944999,,,,,,,,,,,,,,,,,,,,,,FO,,,,,,,1773878400,1773878400,,,,,Cash,,0,1,0.0,20,32140,52280.0,25690.0,1,1,1,0,0,1,0,-1,1,0,1000
849146,,bse_fo,IO,SENSEX,SENSEX2631988700PE,PE,SENSEX19MAR2688700.00PE,,1,,,SENSEX2631988700PE,,,5,20,1773944999,1,2,8870000.0,BSE,IO,1773944999,,,,,,,,,,,,,,,,,,,,,,FO,,,,,,,1773878400,1773878400,,,,,Cash,,0,1,0.0,20,0,1644750.0,1166420.0,1,1,1,0,0,1,0,-1,1,0,1000
858441,,bse_fo,IO,SENSEX,SENSEX2631972300CE,CE,SENSEX19MAR2672300.00CE,,1,,,SENSEX2631972300CE,,,5,20,1773944999,1,2,7230000.0,BSE,IO,1773944999,,,,,,,,,,,,,,,,,,,,,,FO,,,,,,,1773878400,1773878400,,,,,Cash,,0,1,0.0,20,0,482885.0,27575.0,1,1,1,0,0,1,0,-1,1,0,1000
879989,,bse_fo,IO,SENSEX,SENSEX2631970400PE,PE,SENSEX19MAR2670400.00PE,,1,,,SENSEX2631970400PE,,,5,20,1773944999,1,2,7040000.0,BSE,IO,1773944999,,,,,,,,,,,,,,,,,,,,,,FO,,,,,,,1773878400,1773878400,,,,,Cash,,0,1,0.0,20,14800,17205.0,16600.0,1,1,1,0,0,1,0,-1,1,0,1000
852646,,bse_fo,IO,SENSEX,SENSEX2631986000PE,PE,SENSEX19MAR2686000.00PE,,1,,,SENSEX2631986000PE,,,5,20,1773944999,1,2,8600000.0,BSE,IO,1773944999,,,,,,,,,,,,,,,,,,,,,,FO,,,,,,,1773878400,1773878400,,,,,Cash,,0,1,0.0,20,60,1375000.0,896665.0,1,1,1,0,0,1,0,-1,1,0,1000
854768,,bse_fo,IO,SENSEX,SENSEX2631987500CE,CE,SENSEX19MAR2687500.00CE,,1,,,SENSEX2631987500CE,,,5,20,1773944999,1,2,8750000.0,BSE,IO,1773944999,,,,,,,,,,,,,,,,,,,,,,FO,,,,,,,1773878400,1773878400,,,,,Cash,,0,1,0.0,20,6960,2005.0,85.0,1,1,1,0,0,1,0,-1,1,0,1000
853148,,bse_fo,IO,SENSEX,SENSEX2631986200PE,PE,SENSEX19MAR2686200.00PE,,1,,,SENSEX2631986200PE,,,5,20,1773944999,1,2,8620000.0,BSE,IO,1773944999,,,,,,,,,,,,,,,,,,,,,,FO,,,,,,,1773878400,1773878400,,,,,Cash,,0,1,0.0,20,0,1394980.0,916650.0,1,1,1,0,0,1,0,-1,1,0,1000
884262,,bse_fo,IO,SENSEX,SENSEX2631966800PE,PE,SENSEX19MAR2666800.00PE,,1,,,SENSEX2631966800PE,,,5,20,1773944999,1,2,6680000.0,BSE,IO,1773944999,,,,,,,,,,,,,,,,,,,,,,FO,,,,,,,1773878400,1773878400,,,,,Cash,,1,1,0.0,20,0,2005.0,5.0,1,1,1,0,0,1,0,-1,1,0,1000
860500,,bse_fo,IO,SENSEX,SENSEX2631992400CE,CE,SENSEX19MAR2692400.00CE,,1,,,SENSEX2631992400CE,,,5,20,1773944999,1,2,9240000.0,BSE,IO,1773944999,,,,,,,,,,,,,,,,,,,,,,FO,,,,,,,1773878400,1773878400,,,,,Cash,,0,1,0.0,20,3680,2005.0,10.0,1,1,1,0,0,1,0,-1,1,0,1000
849766,,bse_fo,IO,SENSEX,SENSEX2631991800CE,CE,SENSEX19MAR2691800.00CE,,1,,,SENSEX2631991800CE,,,5,20,1773944999,1,2,9180000.0,BSE,IO,1773944999,,,,,,,,,,,,,,,,,,,,,,FO,,,,,,,1773878400,1773878400,,,,,Cash,,0,1,0.0,20,240,2005.0,5.0,1,1,1,0,0,1,0,-1,1,0,1000
884054,,bse_fo,IO,SENSEX,SENSEX2631967500PE,PE,SENSEX19MAR2667500.00PE,,1,,,SENSEX2631967500PE,,,5,20,1773944999,1,2,6750000.0,BSE,IO,1773944999,,,,,,,,,,,,,,,,,,,,,,FO,,,,,,,1773878400,1773878400,,,,,Cash,,0,1,0.0,20,0,2005.0,5.0,1,1,1,0,0,1,0,-1,1,0,1000
860030,,bse_fo,IO,SENSEX,SENSEX2631993200CE,CE,SENSEX19MAR2693200.00CE,,1,,,SENSEX2631993200CE,,,5,20,1773944999,1,2,9320000.0,BSE,IO,1773944999,,,,,,,,,,,,,,,,,,,,,,FO,,,,,,,1773878400,1773878400,,,,,Cash,,1,1,0.0,20,0,2005.0,5.0,1,1,1,0,0,1,0,-1,1,0,1000
860476,,bse_fo,IO,SENSEX,SENSEX2631992500PE,PE,SENSEX19MAR2692500.00PE,,1,,,SENSEX2631992500PE,,,5,20,1773944999,1,2,9250000.0,BSE,IO,1773944999,,,,,,,,,,,,,,,,,,,,,,FO,,,,,,,1773878400,1773878400,,,,,Cash,,0,1,0.0,20,0,2024420.0,1546080.0,1,1,1,0,0,1,0,-1,1,0,1000
860203,,bse_fo,IO,SENSEX,SENSEX2631992300CE,CE,SENSEX19MAR2692300.00CE,,1,,,SENSEX2631992300CE,,,5,20,1773944999,1,2,9230000.0,BSE,IO,1773944999,,,,,,,,,,,,,,,,,,,,,,FO,,,,,,,1773878400,1773878400,,,,,Cash,,0,1,0.0,20,2280,2005.0,5.0,1,1,1,0,0,1,0,-1,1,0,1000
855981,,bse_fo,IO,SENSEX,SENSEX2631989600PE,PE,SENSEX19MAR2689600.00PE,,1,,,SENSEX2631989600PE,,,5,20,1773944999,1,2,8960000.0,BSE,IO,1773944999,,,,,,,,,,,,,,,,,,,,,,FO,,,,,,,1773878400,1773878400,,,,,Cash,,0,1,0.0,20,0,1734670.0,1256340.0,1,1,1,0,0,1,0,-1,1,0,1000
851966,,bse_fo,IO,SENSEX,SENSEX2631988700CE,CE,SENSEX19MAR2688700.00CE,,1,,,SENSEX2631988700CE,,,5,20,1773944999,1,2,8870000.0,BSE,IO,1773944999,,,,,,,,,,,,,,,,,,,,,,FO,,,,,,,1773878400,1773878400,,,,,Cash,,0,1,0.0,20,40,2005.0,45.0,1,1,1,0,0,1,0,-1,1,0,1000
859479,,bse_fo,IO,SENSEX,SENSEX2631971200CE,CE,SENSEX19MAR2671200.00CE,,1,,,SENSEX2631971200CE,,,5,20,1773944999,1,2,7120000.0,BSE,IO,1773944999,,,,,,,,,,,,,,,,,,,,,,FO,,,,,,,1773878400,1773878400,,,,,Cash,,0,1,0.0,20,0,588915.0,114070.0,1,1,1,0,0,1,0,-1,1,0,1000
862432,,bse_fo,IO,SENSEX,SENSEX2631993500PE,PE,SENSEX19MAR2693500.00PE,,1,,,SENSEX2631993500PE,,,5,20,1773944999,1,2,9350000.0,BSE,IO,1773944999,,,,,,,,,,,,,,,,,,,,,,FO,,,,,,,1773878400,1773878400,,,,,Cash,,1,1,0.0,20,0,2124320.0,1646000.0,1,1,1,0,0,1,0,-1,1,0,1000
855495,,bse_fo,IO,SENSEX,SENSEX2631983400PE,PE,SENSEX19MAR2683400.00PE,,1,,,SENSEX2631983400PE,,,5,20,1773944999,1,2,8340000.0,BSE,IO,1773944999,,,,,,,,,,,,,,,,,,,,,,FO,,,,,,,1773878400,1773878400,,,,,Cash,,0,1,0.0,20,0,1115260.0,636930.0,1,1,1,0,0,1,0,-1,1,0,1000
853188,,bse_fo,IO,SENSEX,SENSEX2631977800CE,CE,SENSEX19MAR2677800.00CE,,1,,,SENSEX2631977800CE,,,5,20,1773944999,1,2,7780000.0,BSE,IO,1773944999,,,,,,,,,,,,,,,,,,,,,,FO,,,,,,,1773878400,1773878400,,,,,Cash,,0,1,0.0,20,35280,19755.0,10550.0,1,1,1,0,0,1,0,-1,1,0,1000
880082,,bse_fo,IO,SENSEX,SENSEX2631969600CE,CE,SENSEX19MAR2669600.00CE,,1,,,SENSEX2631969600CE,,,5,20,1773944999,1,2,6960000.0,BSE,IO,1773944999,,,,,,,,,,,,,,,,,,,,,,FO,,,,,,,1773878400,1773878400,,,,,Cash,,0,1,0.0,20,0,743380.0,265135.0,1,1,1,0,0,1,0,-1,1,0,1000
849839,,bse_fo,IO,SENSEX,SENSEX2631987200PE,PE,SENSEX19MAR2687200.00PE,,1,,,SENSEX2631987200PE,,,5,20,1773944999,1,2,8720000.0,BSE,IO,1773944999,,,,,,,,,,,,,,,,,,,,,,FO,,,,,,,1773878400,1773878400,,,,,Cash,,0,1,0.0,20,0,1494890.0,1016560.0,1,1,1,0,0,1,0,-1,1,0,1000
851345,,bse_fo,IO,SENSEX,SENSEX2631978500CE,CE,SENSEX19MAR2678500.00CE,,1,,,SENSEX2631978500CE,,,5,20,1773944999,1,2,7850000.0,BSE,IO,1773944999,,,,,,,,,,,,,,,,,,,,,,FO,,,,,,,1773878400,1773878400,,,,,Cash,,0,1,0.0,20,358900,11195.0,8435.0,1,1,1,0,0,1,0,-1,1,0,1000
853381,,bse_fo,IO,SENSEX,SENSEX2631977200PE,PE,SENSEX19MAR2677200.00PE,,1,,,SENSEX2631977200PE,,,5,20,1773944999,1,2,7720000.0,BSE,IO,1773944999,,,,,,,,,,,,,,,,,,,,,,FO,,,,,,,1773878400,1773878400,,,,,Cash,,0,1,0.0,20,7300,508410.0,52525.0,1,1,1,0,0,1,0,-1,1,0,1000
852914,,bse_fo,IO,SENSEX,SENSEX2631975600PE,PE,SENSEX19MAR2675600.00PE,,1,,,SENSEX2631975600PE,,,5,20,1773944999,1,2,7560000.0,BSE,IO,1773944999,,,,,,,,,,,,,,,,,,,,,,FO,,,,,,,1773878400,1773878400,,,,,Cash,,0,1,0.0,20,30760,332200.0,5.0,1,1,1,0,0,1,0,-1,1,0,1000
857354,,bse_fo,IO,SENSEX,SENSEX2631972900PE,PE,SENSEX19MAR2672900.00PE,,1,,,SENSEX2631972900PE,,,5,20,1773944999,1,2,7290000.0,BSE,IO,1773944999,,,,,,,,,,,,,,,,,,,,,,FO,,,,,,,1773878400,1773878400,,,,,Cash,,0,1,0.0,20,33260,74085.0,22895.0,1,1,1,0,0,1,0,-1,1,0,1000
854026,,bse_fo,IO,SENSEX,SENSEX2631983700PE,PE,SENSEX19MAR2683700.00PE,,1,,,SENSEX2631983700PE,,,5,20,1773944999,1,2,8370000.0,BSE,IO,1773944999,,,,,,,,,,,,,,,,,,,,,,FO,,,,,,,1773878400,1773878400,,,,,Cash,,0,1,0.0,20,0,1145220.0,666895.0,1,1,1,0,0,1,0,-1,1,0,1000
862707,,bse_fo,IO,SENSEX,SENSEX2631993600CE,CE,SENSEX19MAR2693600.00CE,,1,,,SENSEX2631993600CE,,,5,20,1773944999,1,2,9360000.0,BSE,IO,1773944999,,,,,,,,,,,,,,,,,,,,,,FO,,,,,,,1773878400,1773878400,,,,,Cash,,1,1,0.0,20,0,2005.0,5.0,1,1,1,0,0,1,0,-1,1,0,1000
856369,,bse_fo,IO,SENSEX,SENSEX2631991200CE,CE,SENSEX19MAR2691200.00CE,,1,,,SENSEX2631991200CE,,,5,20,1773944999,1,2,9120000.0,BSE,IO,1773944999,,,,,,,,,,,,,,,,,,,,,,FO,,,,,,,1773878400,1773878400,,,,,Cash,,0,1,0.0,20,3040,2005.0,5.0,1,1,1,0,0,1,0,-1,1,0,1000
860563,,bse_fo,IO,SENSEX,SENSEX2631992600CE,CE,SENSEX19MAR2692600.00CE,,1,,,SENSEX2631992600CE,,,5,20,1773944999,1,2,9260000.0,BSE,IO,1773944999,,,,,,,,,,,,,,,,,,,,,,FO,,,,,,,1773878400,1773878400,,,,,Cash,,0,1,0.0,20,1440,2005.0,10.0,1,1,1,0,0,1,0,-1,1,0,1000
859397,,bse_fo,IO,SENSEX,SENSEX2631971900CE,CE,SENSEX19MAR2671900.00CE,,1,,,SENSEX2631971900CE,,,5,20,1773944999,1,2,7190000.0,BSE,IO,1773944999,,,,,,,,,,,,,,,,,,,,,,FO,,,,,,,1773878400,1773878400,,,,,Cash,,0,1,0.0,20,0,522010.0,56035.0,1,1,1,0,0,1,0,-1,1,0,1000
853685,,bse_fo,IO,SENSEX,SENSEX2631986400PE,PE,SENSEX19MAR2686400.00PE,,1,,,SENSEX2631986400PE,,,5,20,1773944999,1,2,8640000.0,BSE,IO,1773944999,,,,,,,,,,,,,,,,,,,,,,FO,,,,,,,1773878400,1773878400,,,,,Cash,,0,1,0.0,20,0,1414960.0,936630.0,1,1,1,0,0,1,0,-1,1,0,1000
850916,,bse_fo,IO,SENSEX,SENSEX2631986000CE,CE,SENSEX19MAR2686000.00CE,,1,,,SENSEX2631986000CE,,,5,20,1773944999,1,2,8600000.0,BSE,IO,1773944999,,,,,,,,,,,,,,,,,,,,,,FO,,,,,,,1773878400,1773878400,,,,,Cash,,0,1,0.0,20,87940,2005.0,115.0,1,1,1,0,0,1,0,-1,1,0,1000
855902,,bse_fo,IO,SENSEX,SENSEX2631991900CE,CE,SENSEX19MAR2691900.00CE,,1,,,SENSEX2631991900CE,,,5,20,1773944999,1,2,9190000.0,BSE,IO,1773944999,,,,,,,,,,,,,,,,,,,,,,FO,,,,,,,1773878400,1773878400,,,,,Cash,,0,1,0.0,20,220,2005.0,5.0,1,1,1,0,0,1,0,-1,1,0,1000
849570,,bse_fo,IO,SENSEX,SENSEX2631974300PE,PE,SENSEX19MAR2674300.00PE,,1,,,SENSEX2631974300PE,,,5,20,1773944999,1,2,7430000.0,BSE,IO,1773944999,,,,,,,,,,,,,,,,,,,,,,FO,,,,,,,1773878400,1773878400,,,,,Cash,,0,1,0.0,20,51400,183230.0,5.0,1,1,1,0,0,1,0,-1,1,0,1000
882118,,bse_fo,IO,SENSEX,SENSEX2631968400PE,PE,SENSEX19MAR2668400.00PE,,1,,,SENSEX2631968400PE,,,5,20,1773944999,1,2,6840000.0,BSE,IO,1773944999,,,,,,,,,,,,,,,,,,,,,,FO,,,,,,,1773878400,1773878400,,,,,Cash,,0,1,0.0,20,251480,7290.0,6695.0,1,1,1,0,0,1,0,-1,1,0,1000
853017,,bse_fo,IO,SENSEX,SENSEX2631980800CE,CE,SENSEX19MAR2680800.00CE,,1,,,SENSEX2631980800CE,,,5,20,1773944999,1,2,8080000.0,BSE,IO,1773944999,,,,,,,,,,,,,,,,,,,,,,FO,,,,,,,1773878400,1773878400,,,,,Cash,,0,1,0.0,20,14020,2795.0,2200.0,1,1,1,0,0,1,0,-1,1,0,1000
852276,,bse_fo,IO,SENSEX,SENSEX2631992100PE,PE,SENSEX19MAR2692100.00PE,,1,,,SENSEX2631992100PE,,,5,20,1773944999,1,2,9210000.0,BSE,IO,1773944999,,,,,,,,,,,,,,,,,,,,,,FO,,,,,,,1773878400,1773878400,,,,,Cash,,0,1,0.0,20,0,1984440.0,1506120.0,1,1,1,0,0,1,0,-1,1,0,1000
854550,,bse_fo,IO,SENSEX,SENSEX2631983900PE,PE,SENSEX19MAR2683900.00PE,,1,,,SENSEX2631983900PE,,,5,20,1773944999,1,2,8390000.0,BSE,IO,1773944999,,,,,,,,,,,,,,,,,,,,,,FO,,,,,,,1773878400,1773878400,,,,,Cash,,0,1,0.0,20,0,1165200.0,686870.0,1,1,1,0,0,1,0,-1,1,0,1000
852624,,bse_fo,IO,SENSEX,SENSEX2631979000CE,CE,SENSEX19MAR2679000.00CE,,1,,,SENSEX2631979000CE,,,5,20,1773944999,1,2,7900000.0,BSE,IO,1773944999,,,,,,,,,,,,,,,,,,,,,,FO,,,,,,,1773878400,1773878400,,,,,Cash,,0,1,0.0,20,428000,7615.0,6575.0,1,1,1,0,0,1,0,-1,1,0,1000
850362,,bse_fo,IO,SENSEX,SENSEX2631978100CE,CE,SENSEX19MAR2678100.00CE,,1,,,SENSEX2631978100CE,,,5,20,1773944999,1,2,7810000.0,BSE,IO,1773944999,,,,,,,,,,,,,,,,,,,,,,FO,,,,,,,1773878400,1773878400,,,,,Cash,,0,1,0.0,20,37680,15430.0,9820.0,1,1,1,0,0,1,0,-1,1,0,1000
877931,,bse_fo,IO,SENSEX,SENSEX2631970800PE,PE,SENSEX19MAR2670800.00PE,,1,,,SENSEX2631970800PE,,,5,20,1773944999,1,2,7080000.0,BSE,IO,1773944999,,,,,,,,,,,,,,,,,,,,,,FO,,,,,,,1773878400,1773878400,,,,,Cash,,0,1,0.0,20,14260,20845.0,19335.0,1,1,1,0,0,1,0,-1,1,0,1000
860658,,bse_fo,IO,SENSEX,SENSEX2631992200PE,PE,SENSEX19MAR2692200.00PE,,1,,,SENSEX2631992200PE,,,5,20,1773944999,1,2,9220000.0,BSE,IO,1773944999,,,,,,,,,,,,,,,,,,,,,,FO,,,,,,,1773878400,1773878400,,,,,Cash,,0,1,0.0,20,0,1994440.0,1516100.0,1,1,1,0,0,1,0,-1,1,0,1000
857522,,bse_fo,IO,SENSEX,SENSEX2631972800PE,PE,SENSEX19MAR2672800.00PE,,1,,,SENSEX2631972800PE,,,5,20,1773944999,1,2,7280000.0,BSE,IO,1773944999,,,,,,,,,,,,,,,,,,,,,,FO,,,,,,,1773878400,1773878400,,,,,Cash,,0,1,0.0,20,31040,68730.0,23440.0,1,1,1,0,0,1,0,-1,1,0,1000
852086,,bse_fo,IO,SENSEX,SENSEX2631978100PE,PE,SENSEX19MAR2678100.00PE,,1,,,SENSEX2631978100PE,,,5,20,1773944999,1,2,7810000.0,BSE,IO,1773944999,,,,,,,,,,,,,,,,,,,,,,FO,,,,,,,1773878400,1773878400,,,,,Cash,,0,1,0.0,20,3620,539140.0,66430.0,1,1,1,0,0,1,0,-1,1,0,1000
884581,,bse_fo,IO,SENSEX,SENSEX2631967000PE,PE,SENSEX19MAR2667000.00PE,,1,,,SENSEX2631967000PE,,,5,20,1773944999,1,2,6700000.0,BSE,IO,1773944999,,,,,,,,,,,,,,,,,,,,,,FO,,,,,,,1773878400,1773878400,,,,,Cash,,0,1,0.0,20,0,2005.0,5.0,1,1,1,0,0,1,0,-1,1,0,1000
855001,,bse_fo,IO,SENSEX,SENSEX2631985500PE,PE,SENSEX19MAR2685500.00PE,,1,,,SENSEX2631985500PE,,,5,20,1773944999,1,2,8550000.0,BSE,IO,1773944999,,,,,,,,,,,,,,,,,,,,,,FO,,,,,,,1773878400,1773878400,,,,,Cash,,0,1,0.0,20,600,1325040.0,846715.0,1,1,1,0,0,1,0,-1,1,0,1000
855429,,bse_fo,IO,SENSEX,SENSEX2631973400PE,PE,SENSEX19MAR2673400.00PE,,1,,,SENSEX2631973400PE,,,5,20,1773944999,1,2,7340000.0,BSE,IO,1773944999,,,,,,,,,,,,,,,,,,,,,,FO,,,,,,,1773878400,1773878400,,,,,Cash,,0,1,0.0,20,37320,104540.0,15800.0,1,1,1,0,0,1,0,-1,1,0,1000
885836,,bse_fo,IO,SENSEX,SENSEX2631965400PE,PE,SENSEX19MAR2665400.00PE,,1,,,SENSEX2631965400PE,,,5,20,1773944999,1,2,6540000.0,BSE,IO,1773944999,,,,,,,,,,,,,,,,,,,,,,FO,,,,,,,1773878400,1773878400,,,,,Cash,,1,1,0.0,20,0,2005.0,5.0,1,1,1,0,0,1,0,-1,1,0,1000
882971,,bse_fo,IO,SENSEX,SENSEX2631969200PE,PE,SENSEX19MAR2669200.00PE,,1,,,SENSEX2631969200PE,,,5,20,1773944999,1,2,6920000.0,BSE,IO,1773944999,,,,,,,,,,,,,,,,,,,,,,FO,,,,,,,1773878400,1773878400,,,,,Cash,,0,1,0.0,20,0,2005.0,660.0,1,1,1,0,0,1,0,-1,1,0,1000
856550,,bse_fo,IO,SENSEX,SENSEX2631974500CE,CE,SENSEX19MAR2674500.00CE,,1,,,SENSEX2631974500CE,,,5,20,1773944999,1,2,7450000.0,BSE,IO,1773944999,,,,,,,,,,,,,,,,,,,,,,FO,,,,,,,1773878400,1773878400,,,,,Cash,,0,1,0.0,20,117240,240485.0,5.0,1,1,1,0,0,1,0,-1,1,0,1000
853725,,bse_fo,IO,SENSEX,SENSEX2631982700PE,PE,SENSEX19MAR2682700.00PE,,1,,,SENSEX2631982700PE,,,5,20,1773944999,1,2,8270000.0,BSE,IO,1773944999,,,,,,,,,,,,,,,,,,,,,,FO,,,,,,,1773878400,1773878400,,,,,Cash,,0,1,0.0,20,0,1045370.0,567040.0,1,1,1,0,0,1,0,-1,1,0,1000
858734,,bse_fo,IO,SENSEX,SENSEX2631972000CE,CE,SENSEX19MAR2672000.00CE,,1,,,SENSEX2631972000CE,,,5,20,1773944999,1,2,7200000.0,BSE,IO,1773944999,,,,,,,,,,,,,,,,,,,,,,FO,,,,,,,1773878400,1773878400,,,,,Cash,,0,1,0.0,20,2420,527000.0,63210.0,1,1,1,0,0,1,0,-1,1,0,1000
849344,,bse_fo,IO,SENSEX,SENSEX2631983300PE,PE,SENSEX19MAR2683300.00PE,,1,,,SENSEX2631983300PE,,,5,20,1773944999,1,2,8330000.0,BSE,IO,1773944999,,,,,,,,,,,,,,,,,,,,,,FO,,,,,,,1773878400,1773878400,,,,,Cash,,0,1,0.0,20,0,1105280.0,626945.0,1,1,1,0,0,1,0,-1,1,0,1000
854418,,bse_fo,IO,SENSEX,SENSEX2631975300PE,PE,SENSEX19MAR2675300.00PE,,1,,,SENSEX2631975300PE,,,5,20,1773944999,1,2,7530000.0,BSE,IO,1773944999,,,,,,,,,,,,,,,,,,,,,,FO,,,,,,,1773878400,1773878400,,,,,Cash,,0,1,0.0,20,85400,296130.0,5.0,1,1,1,0,0,1,0,-1,1,0,1000
886162,,bse_fo,IO,SENSEX,SENSEX2631965800PE,PE,SENSEX19MAR2665800.00PE,,1,,,SENSEX2631965800PE,,,5,20,1773944999,1,2,6580000.0,BSE,IO,1773944999,,,,,,,,,,,,,,,,,,,,,,FO,,,,,,,1773878400,1773878400,,,,,Cash,,1,1,0.0,20,0,2005.0,5.0,1,1,1,0,0,1,0,-1,1,0,1000
883169,,bse_fo,IO,SENSEX,SENSEX2631968900CE,CE,SENSEX19MAR2668900.00CE,,1,,,SENSEX2631968900CE,,,5,20,1773944999,1,2,6890000.0,BSE,IO,1773944999,,,,,,,,,,,,,,,,,,,,,,FO,,,,,,,1773878400,1773878400,,,,,Cash,,0,1,0.0,20,0,812430.0,334110.0,1,1,1,0,0,1,0,-1,1,0,1000
858681,,bse_fo,IO,SENSEX,SENSEX2631972100PE,PE,SENSEX19MAR2672100.00PE,,1,,,SENSEX2631972100PE,,,5,20,1773944999,1,2,7210000.0,BSE,IO,1773944999,,,,,,,,,,,,,,,,,,,,,,FO,,,,,,,1773878400,1773878400,,,,,Cash,,0,1,0.0,20,24960,43050.0,26030.0,1,1,1,0,0,1,0,-1,1,0,1000
850920,,bse_fo,IO,SENSEX,SENSEX2631988300CE,CE,SENSEX19MAR2688300.00CE,,1,,,SENSEX2631988300CE,,,5,20,1773944999,1,2,8830000.0,BSE,IO,1773944999,,,,,,,,,,,,,,,,,,,,,,FO,,,,,,,1773878400,1773878400,,,,,Cash,,0,1,0.0,20,580,2005.0,115.0,1,1,1,0,0,1,0,-1,1,0,1000
883801,,bse_fo,IO,SENSEX,SENSEX2631967800CE,CE,SENSEX19MAR2667800.00CE,,1,,,SENSEX2631967800CE,,,5,20,1773944999,1,2,6780000.0,BSE,IO,1773944999,,,,,,,,,,,,,,,,,,,,,,FO,,,,,,,1773878400,1773878400,,,,,Cash,,0,1,0.0,20,0,921820.0,443490.0,1,1,1,0,0,1,0,-1,1,0,1000
852688,,bse_fo,IO,SENSEX,SENSEX2631977600CE,CE,SENSEX19MAR2677600.00CE,,1,,,SENSEX2631977600CE,,,5,20,1773944999,1,2,7760000.0,BSE,IO,1773944999,,,,,,,,,,,,,,,,,,,,,,FO,,,,,,,1773878400,1773878400,,,,,Cash,,0,1,0.0,20,56860,23670.0,11100.0,1,1,1,0,0,1,0,-1,1,0,1000
849991,,bse_fo,IO,SENSEX,SENSEX2631980500CE,CE,SENSEX19MAR2680500.00CE,,1,,,SENSEX2631980500CE,,,5,20,1773944999,1,2,8050000.0,BSE,IO,1773944999,,,,,,,,,,,,,,,,,,,,,,FO,,,,,,,1773878400,1773878400,,,,,Cash,,0,1,0.0,20,172980,3245.0,2650.0,1,1,1,0,0,1,0,-1,1,0,1000
850896,,bse_fo,IO,SENSEX,SENSEX2631976900CE,CE,SENSEX19MAR2676900.00CE,,1,,,SENSEX2631976900CE,,,5,20,1773944999,1,2,7690000.0,BSE,IO,1773944999,,,,,,,,,,,,,,,,,,,,,,FO,,,,,,,1773878400,1773878400,,,,,Cash,,0,1,0.0,20,33460,43020.0,9620.0,1,1,1,0,0,1,0,-1,1,0,1000
860528,,bse_fo,IO,SENSEX,SENSEX2631992700PE,PE,SENSEX19MAR2692700.00PE,,1,,,SENSEX2631992700PE,,,5,20,1773944999,1,2,9270000.0,BSE,IO,1773944999,,,,,,,,,,,,,,,,,,,,,,FO,,,,,,,1773878400,1773878400,,,,,Cash,,0,1,0.0,20,0,2044390.0,1566060.0,1,1,1,0,0,1,0,-1,1,0,1000
860260,,bse_fo,IO,SENSEX,SENSEX2631992500CE,CE,SENSEX19MAR2692500.00CE,,1,,,SENSEX2631992500CE,,,5,20,1773944999,1,2,9250000.0,BSE,IO,1773944999,,,,,,,,,,,,,,,,,,,,,,FO,,,,,,,1773878400,1773878400,,,,,Cash,,0,1,0.0,20,2080,2005.0,5.0,1,1,1,0,0,1,0,-1,1,0,1000
884987,,bse_fo,IO,SENSEX,SENSEX2631966600CE,CE,SENSEX19MAR2666600.00CE,,1,,,SENSEX2631966600CE,,,5,20,1773944999,1,2,6660000.0,BSE,IO,1773944999,,,,,,,,,,,,,,,,,,,,,,FO,,,,,,,1773878400,1773878400,,,,,Cash,,1,1,0.0,20,0,1041600.0,563265.0,1,1,1,0,0,1,0,-1,1,0,1000
855829,,bse_fo,IO,SENSEX,SENSEX2631981900CE,CE,SENSEX19MAR2681900.00CE,,1,,,SENSEX2631981900CE,,,5,20,1773944999,1,2,8190000.0,BSE,IO,1773944999,,,,,,,,,,,,,,,,,,,,,,FO,,,,,,,1773878400,1773878400,,,,,Cash,,0,1,0.0,20,10440,2005.0,1215.0,1,1,1,0,0,1,0,-1,1,0,1000
851472,,bse_fo,IO,SENSEX,SENSEX2631982500CE,CE,SENSEX19MAR2682500.00CE,,1,,,SENSEX2631982500CE,,,5,20,1773944999,1,2,8250000.0,BSE,IO,1773944999,,,,,,,,,,,,,,,,,,,,,,FO,,,,,,,1773878400,1773878400,,,,,Cash,,0,1,0.0,20,133980,2005.0,835.0,1,1,1,0,0,1,0,-1,1,0,1000
848523,,bse_fo,IO,SENSEX,SENSEX2631975100CE,CE,SENSEX19MAR2675100.00CE,,1,,,SENSEX2631975100CE,,,5,20,1773944999,1,2,7510000.0,BSE,IO,1773944999,,,,,,,,,,,,,,,,,,,,,,FO,,,,,,,1773878400,1773878400,,,,,Cash,,0,1,0.0,20,106760,171915.0,5.0,1,1,1,0,0,1,0,-1,1,0,1000
850375,,bse_fo,IO,SENSEX,SENSEX2631985100PE,PE,SENSEX19MAR2685100.00PE,,1,,,SENSEX2631985100PE,,,5,20,1773944999,1,2,8510000.0,BSE,IO,1773944999,,,,,,,,,,,,,,,,,,,,,,FO,,,,,,,1773878400,1773878400,,,,,Cash,,0,1,0.0,20,0,1285080.0,806750.0,1,1,1,0,0,1,0,-1,1,0,1000
857761,,bse_fo,IO,SENSEX,SENSEX2631973000PE,PE,SENSEX19MAR2673000.00PE,,1,,,SENSEX2631973000PE,,,5,20,1773944999,1,2,7300000.0,BSE,IO,1773944999,,,,,,,,,,,,,,,,,,,,,,FO,,,,,,,1773878400,1773878400,,,,,Cash,,0,1,0.0,20,234500,79260.0,21640.0,1,1,1,0,0,1,0,-1,1,0,1000
855976,,bse_fo,IO,SENSEX,SENSEX2631987300PE,PE,SENSEX19MAR2687300.00PE,,1,,,SENSEX2631987300PE,,,5,20,1773944999,1,2,8730000.0,BSE,IO,1773944999,,,,,,,,,,,,,,,,,,,,,,FO,,,,,,,1773878400,1773878400,,,,,Cash,,0,1,0.0,20,0,1504880.0,1026550.0,1,1,1,0,0,1,0,-1,1,0,1000
852696,,bse_fo,IO,SENSEX,SENSEX2631980000PE,PE,SENSEX19MAR2680000.00PE,,1,,,SENSEX2631980000PE,,,5,20,1773944999,1,2,8000000.0,BSE,IO,1773944999,,,,,,,,,,,,,,,,,,,,,,FO,,,,,,,1773878400,1773878400,,,,,Cash,,0,1,0.0,20,66860,777235.0,299025.0,1,1,1,0,0,1,0,-1,1,0,1000
852702,,bse_fo,IO,SENSEX,SENSEX2631982300PE,PE,SENSEX19MAR2682300.00PE,,1,,,SENSEX2631982300PE,,,5,20,1773944999,1,2,8230000.0,BSE,IO,1773944999,,,,,,,,,,,,,,,,,,,,,,FO,,,,,,,1773878400,1773878400,,,,,Cash,,0,1,0.0,20,0,1005460.0,527125.0,1,1,1,0,0,1,0,-1,1,0,1000
853216,,bse_fo,IO,SENSEX,SENSEX2631984800PE,PE,SENSEX19MAR2684800.00PE,,1,,,SENSEX2631984800PE,,,5,20,1773944999,1,2,8480000.0,BSE,IO,1773944999,,,,,,,,,,,,,,,,,,,,,,FO,,,,,,,1773878400,1773878400,,,,,Cash,,0,1,0.0,20,0,1255110.0,776780.0,1,1,1,0,0,1,0,-1,1,0,1000
854698,,bse_fo,IO,SENSEX,SENSEX2631975200CE,CE,SENSEX19MAR2675200.00CE,,1,,,SENSEX2631975200CE,,,5,20,1773944999,1,2,7520000.0,BSE,IO,1773944999,,,,,,,,,,,,,,,,,,,,,,FO,,,,,,,1773878400,1773878400,,,,,Cash,,0,1,0.0,20,125760,161215.0,5.0,1,1,1,0,0,1,0,-1,1,0,1000
881890,,bse_fo,IO,SENSEX,SENSEX2631968600CE,CE,SENSEX19MAR2668600.00CE,,1,,,SENSEX2631968600CE,,,5,20,1773944999,1,2,6860000.0,BSE,IO,1773944999,,,,,,,,,,,,,,,,,,,,,,FO,,,,,,,1773878400,1773878400,,,,,Cash,,0,1,0.0,20,0,842195.0,363860.0,1,1,1,0,0,1,0,-1,1,0,1000
851419,,bse_fo,IO,SENSEX,SENSEX2631988500CE,CE,SENSEX19MAR2688500.00CE,,1,,,SENSEX2631988500CE,,,5,20,1773944999,1,2,8850000.0,BSE,IO,1773944999,,,,,,,,,,,,,,,,,,,,,,FO,,,,,,,1773878400,1773878400,,,,,Cash,,0,1,0.0,20,3340,2005.0,35.0,1,1,1,0,0,1,0,-1,1,0,1000
854223,,bse_fo,IO,SENSEX,SENSEX2631975900CE,CE,SENSEX19MAR2675900.00CE,,1,,,SENSEX2631975900CE,,,5,20,1773944999,1,2,7590000.0,BSE,IO,1773944999,,,,,,,,,,,,,,,,,,,,,,FO,,,,,,,1773878400,1773878400,,,,,Cash,,0,1,0.0,20,51700,97795.0,5.0,1,1,1,0,0,1,0,-1,1,0,1000
853782,,bse_fo,IO,SENSEX,SENSEX2631983400CE,CE,SENSEX19MAR2683400.00CE,,1,,,SENSEX2631983400CE,,,5,20,1773944999,1,2,8340000.0,BSE,IO,1773944999,,,,,,,,,,,,,,,,,,,,,,FO,,,,,,,1773878400,1773878400,,,,,Cash,,0,1,0.0,20,1000,2005.0,530.0,1,1,1,0,0,1,0,-1,1,0,1000
850467,,bse_fo,IO,SENSEX,SENSEX2631986700CE,CE,SENSEX19MAR2686700.00CE,,1,,,SENSEX2631986700CE,,,5,20,1773944999,1,2,8670000.0,BSE,IO,1773944999,,,,,,,,,,,,,,,,,,,,,,FO,,,,,,,1773878400,1773878400,,,,,Cash,,0,1,0.0,20,4300,2005.0,145.0,1,1,1,0,0,1,0,-1,1,0,1000
848779,,bse_fo,IO,SENSEX,SENSEX2631975400PE,PE,SENSEX19MAR2675400.00PE,,1,,,SENSEX2631975400PE,,,5,20,1773944999,1,2,7540000.0,BSE,IO,1773944999,,,,,,,,,,,,,,,,,,,,,,FO,,,,,,,1773878400,1773878400,,,,,Cash,,0,1,0.0,20,55160,307820.0,5.0,1,1,1,0,0,1,0,-1,1,0,1000
855683,,bse_fo,IO,SENSEX,SENSEX2631973300CE,CE,SENSEX19MAR2673300.00CE,,1,,,SENSEX2631973300CE,,,5,20,1773944999,1,2,7330000.0,BSE,IO,1773944999,,,,,,,,,,,,,,,,,,,,,,FO,,,,,,,1773878400,1773878400,,,,,Cash,,0,1,0.0,20,1220,389990.0,5.0,1,1,1,0,0,1,0,-1,1,0,1000
850247,,bse_fo,IO,SENSEX,SENSEX2631991100CE,CE,SENSEX19MAR2691100.00CE,,1,,,SENSEX2631991100CE,,,5,20,1773944999,1,2,9110000.0,BSE,IO,1773944999,,,,,,,,,,,,,,,,,,,,,,FO,,,,,,,1773878400,1773878400,,,,,Cash,,0,1,0.0,20,560,2005.0,5.0,1,1,1,0,0,1,0,-1,1,0,1000
852163,,bse_fo,IO,SENSEX,SENSEX2631988100PE,PE,SENSEX19MAR2688100.00PE,,1,,,SENSEX2631988100PE,,,5,20,1773944999,1,2,8810000.0,BSE,IO,1773944999,,,,,,,,,,,,,,,,,,,,,,FO,,,,,,,1773878400,1773878400,,,,,Cash,,0,1,0.0,20,0,1584800.0,1106480.0,1,1,1,0,0,1,0,-1,1,0,1000
851070,,bse_fo,IO,SENSEX,SENSEX2631974000PE,PE,SENSEX19MAR2674000.00PE,,1,,,SENSEX2631974000PE,,,5,20,1773944999,1,2,7400000.0,BSE,IO,1773944999,,,,,,,,,,,,,,,,,,,,,,FO,,,,,,,1773878400,1773878400,,,,,Cash,,0,1,0.0,20,163200,153490.0,2525.0,1,1,1,0,0,1,0,-1,1,0,1000
849941,,bse_fo,IO,SENSEX,SENSEX2631986500CE,CE,SENSEX19MAR2686500.00CE,,1,,,SENSEX2631986500CE,,,5,20,1773944999,1,2,8650000.0,BSE,IO,1773944999,,,,,,,,,,,,,,,,,,,,,,FO,,,,,,,1773878400,1773878400,,,,,Cash,,0,1,0.0,20,7880,2005.0,120.0,1,1,1,0,0,1,0,-1,1,0,1000
882298,,bse_fo,IO,SENSEX,SENSEX2631968800PE,PE,SENSEX19MAR2668800.00PE,,1,,,SENSEX2631968800PE,,,5,20,1773944999,1,2,6880000.0,BSE,IO,1773944999,,,,,,,,,,,,,,,,,,,,,,FO,,,,,,,1773878400,1773878400,,,,,Cash,,0,1,0.0,20,0,2005.0,275.0,1,1,1,0,0,1,0,-1,1,0,1000
881613,,bse_fo,IO,SENSEX,SENSEX2631969400PE,PE,SENSEX19MAR2669400.00PE,,1,,,SENSEX2631969400PE,,,5,20,1773944999,1,2,6940000.0,BSE,IO,1773944999,,,,,,,,,,,,,,,,,,,,,,FO,,,,,,,1773878400,1773878400,,,,,Cash,,0,1,0.0,20,62640,11255.0,10660.0,1,1,1,0,0,1,0,-1,1,0,1000
848596,,bse_fo,IO,SENSEX,SENSEX2631985100CE,CE,SENSEX19MAR2685100.00CE,,1,,,SENSEX2631985100CE,,,5,20,1773944999,1,2,8510000.0,BSE,IO,1773944999,,,,,,,,,,,,,,,,,,,,,,FO,,,,,,,1773878400,1773878400,,,,,Cash,,0,1,0.0,20,1160,2005.0,275.0,1,1,1,0,0,1,0,-1,1,0,1000
855193,,bse_fo,IO,SENSEX,SENSEX2631975400CE,CE,SENSEX19MAR2675400.00CE,,1,,,SENSEX2631975400CE,,,5,20,1773944999,1,2,7540000.0,BSE,IO,1773944999,,,,,,,,,,,,,,,,,,,,,,FO,,,,,,,1773878400,1773878400,,,,,Cash,,0,1,0.0,20,116720,141115.0,5.0,1,1,1,0,0,1,0,-1,1,0,1000
856019,,bse_fo,IO,SENSEX,SENSEX2631981300PE,PE,SENSEX19MAR2681300.00PE,,1,,,SENSEX2631981300PE,,,5,20,1773944999,1,2,8130000.0,BSE,IO,1773944999,,,,,,,,,,,,,,,,,,,,,,FO,,,,,,,1773878400,1773878400,,,,,Cash,,0,1,0.0,20,1200,905835.0,427515.0,1,1,1,0,0,1,0,-1,1,0,1000
855763,,bse_fo,IO,SENSEX,SENSEX2631981000CE,CE,SENSEX19MAR2681000.00CE,,1,,,SENSEX2631981000CE,,,5,20,1773944999,1,2,8100000.0,BSE,IO,1773944999,,,,,,,,,,,,,,,,,,,,,,FO,,,,,,,1773878400,1773878400,,,,,Cash,,0,1,0.0,20,221360,2605.0,2015.0,1,1,1,0,0,1,0,-1,1,0,1000
850477,,bse_fo,IO,SENSEX,SENSEX2631991400PE,PE,SENSEX19MAR2691400.00PE,,1,,,SENSEX2631991400PE,,,5,20,1773944999,1,2,9140000.0,BSE,IO,1773944999,,,,,,,,,,,,,,,,,,,,,,FO,,,,,,,1773878400,1773878400,,,,,Cash,,0,1,0.0,20,0,1914520.0,1436180.0,1,1,1,0,0,1,0,-1,1,0,1000
882870,,bse_fo,IO,SENSEX,SENSEX2631969000PE,PE,SENSEX19MAR2669000.00PE,,1,,,SENSEX2631969000PE,,,5,20,1773944999,1,2,6900000.0,BSE,IO,1773944999,,,,,,,,,,,,,,,,,,,,,,FO,,,,,,,1773878400,1773878400,,,,,Cash,,0,1,0.0,20,150160,9465.0,8870.0,1,1,1,0,0,1,0,-1,1,0,1000
849342,,bse_fo,IO,SENSEX,SENSEX2631981000PE,PE,SENSEX19MAR2681000.00PE,,1,,,SENSEX2631981000PE,,,5,20,1773944999,1,2,8100000.0,BSE,IO,1773944999,,,,,,,,,,,,,,,,,,,,,,FO,,,,,,,1773878400,1773878400,,,,,Cash,,0,1,0.0,20,6760,871480.0,393160.0,1,1,1,0,0,1,0,-1,1,0,1000
850416,,bse_fo,IO,SENSEX,SENSEX2631981400PE,PE,SENSEX19MAR2681400.00PE,,1,,,SENSEX2631981400PE,,,5,20,1773944999,1,2,8140000.0,BSE,IO,1773944999,,,,,,,,,,,,,,,,,,,,,,FO,,,,,,,1773878400,1773878400,,,,,Cash,,0,1,0.0,20,0,915785.0,437455.0,1,1,1,0,0,1,0,-1,1,0,1000
859522,,bse_fo,IO,SENSEX,SENSEX2631971500PE,PE,SENSEX19MAR2671500.00PE,,1,,,SENSEX2631971500PE,,,5,20,1773944999,1,2,7150000.0,BSE,IO,1773944999,,,,,,,,,,,,,,,,,,,,,,FO,,,,,,,1773878400,1773878400,,,,,Cash,,0,1,0.0,20,65200,29715.0,23555.0,1,1,1,0,0,1,0,-1,1,0,1000
850693,,bse_fo,IO,SENSEX,SENSEX2631984700PE,PE,SENSEX19MAR2684700.00PE,,1,,,SENSEX2631984700PE,,,5,20,1773944999,1,2,8470000.0,BSE,IO,1773944999,,,,,,,,,,,,,,,,,,,,,,FO,,,,,,,1773878400,1773878400,,,,,Cash,,0,1,0.0,20,0,1245120.0,766790.0,1,1,1,0,0,1,0,-1,1,0,1000
854305,,bse_fo,IO,SENSEX,SENSEX2631990600PE,PE,SENSEX19MAR2690600.00PE,,1,,,SENSEX2631990600PE,,,5,20,1773944999,1,2,9060000.0,BSE,IO,1773944999,,,,,,,,,,,,,,,,,,,,,,FO,,,,,,,1773878400,1773878400,,,,,Cash,,0,1,0.0,20,0,1834580.0,1356250.0,1,1,1,0,0,1,0,-1,1,0,1000
878842,,bse_fo,IO,SENSEX,SENSEX2631970800CE,CE,SENSEX19MAR2670800.00CE,,1,,,SENSEX2631970800CE,,,5,20,1773944999,1,2,7080000.0,BSE,IO,1773944999,,,,,,,,,,,,,,,,,,,,,,FO,,,,,,,1773878400,1773878400,,,,,Cash,,0,1,0.0,20,0,627085.0,150260.0,1,1,1,0,0,1,0,-1,1,0,1000
852236,,bse_fo,IO,SENSEX,SENSEX2631973700CE,CE,SENSEX19MAR2673700.00CE,,1,,,SENSEX2631973700CE,,,5,20,1773944999,1,2,7370000.0,BSE,IO,1773944999,,,,,,,,,,,,,,,,,,,,,,FO,,,,,,,1773878400,1773878400,,,,,Cash,,0,1,0.0,20,4200,339945.0,5.0,1,1,1,0,0,1,0,-1,1,0,1000
858066,,bse_fo,IO,SENSEX,SENSEX2631972400CE,CE,SENSEX19MAR2672400.00CE,,1,,,SENSEX2631972400CE,,,5,20,1773944999,1,2,7240000.0,BSE,IO,1773944999,,,,,,,,,,,,,,,,,,,,,,FO,,,,,,,1773878400,1773878400,,,,,Cash,,0,1,0.0,20,0,472910.0,21170.0,1,1,1,0,0,1,0,-1,1,0,1000
880185,,bse_fo,IO,SENSEX,SENSEX2631969800CE,CE,SENSEX19MAR2669800.00CE,,1,,,SENSEX2631969800CE,,,5,20,1773944999,1,2,6980000.0,BSE,IO,1773944999,,,,,,,,,,,,,,,,,,,,,,FO,,,,,,,1773878400,1773878400,,,,,Cash,,0,1,0.0,20,0,723795.0,245595.0,1,1,1,0,0,1,0,-1,1,0,1000
854933,,bse_fo,IO,SENSEX,SENSEX2631975500PE,PE,SENSEX19MAR2675500.00PE,,1,,,SENSEX2631975500PE,,,5,20,1773944999,1,2,7550000.0,BSE,IO,1773944999,,,,,,,,,,,,,,,,,,,,,,FO,,,,,,,1773878400,1773878400,,,,,Cash,,0,1,0.0,20,95540,319260.0,5.0,1,1,1,0,0,1,0,-1,1,0,1000
879600,,bse_fo,IO,SENSEX,SENSEX2631969800PE,PE,SENSEX19MAR2669800.00PE,,1,,,SENSEX2631969800PE,,,5,20,1773944999,1,2,6980000.0,BSE,IO,1773944999,,,,,,,,,,,,,,,,,,,,,,FO,,,,,,,1773878400,1773878400,,,,,Cash,,0,1,0.0,20,14980,13455.0,12860.0,1,1,1,0,0,1,0,-1,1,0,1000
885570,,bse_fo,IO,SENSEX,SENSEX2631966300PE,PE,SENSEX19MAR2666300.00PE,,1,,,SENSEX2631966300PE,,,5,20,1773944999,1,2,6630000.0,BSE,IO,1773944999,,,,,,,,,,,,,,,,,,,,,,FO,,,,,,,1773878400,1773878400,,,,,Cash,,1,1,0.0,20,0,2005.0,5.0,1,1,1,0,0,1,0,-1,1,0,1000
