pSymbol,pGroup,pExchSeg,pInstType,pSymbolName,pTrdSymbol,pOptionType,pScripRefKey,pISIN,pAssetCode,pSubGroup,pCombinedSymbol,pDesc,pAmcCode,pContractId,dTickSize ,lLotSize,lExpiryDate ,lMultiplier ,lPrecision,dStrikePrice;,pExchange,pInstName,pExpiryDate,pIssueDate,pMaturityDate,pListingDate,pNoDelStartDate,pNoDelEndDate,pBookClsStartDate,pBookClsEndDate,pRecordDate,pCreditRating,pReAdminDate,pExpulsionDate,pLocalUpdateTime,pDeliveryUnits,pPriceUnits,pLastTradingDate,pTenderPeridEndDate,pTenderPeridStartDate,pSellVarMargin,pBuyVarMargin,pInstrumentInfo,pRemarksText,pSegment,pNav,pNavDate,pMfAmt,pSipSecurity,pFaceValue,pTrdUnits,pExerciseStartDate,pExerciseEndDate,pElmMargin,pVarMargin,pTotProposedLimitValue,pScripBasePrice,pSettlementType,pCurrectionTime,iPermittedToTrade,iBoardLotQty ,iMaxOrderSize ,iLotSize,dOpenInterest ,dHighPriceRange ,dLowPriceRange ,dPriceNum   ,dGenDen,dGenNum,dPriceQuatation ,dIssuerate ,dPriceDen,dWarningQty ,dIssueCapital ,dExposureMargin ,dMinRedemptionQty ,lFreezeQty
57645,XX,nse_fo,OPTIDX,NIFTY,NIFTY2631722100PE,PE,NIFTY17MAR2622100.00PE,,26000,,,,,,5,65,1458225000,-1,2,2210000.0,NSE,OPTIDX,1458225000,1455235200,1458225000,1455235200,0,0,0,0,0,,0,0,1457888468,,,,,,,,,,FO,,,,,,,1458172800.0,1458225000.0,,,,2620.0,Cash,,0,1,1801.0,65,955630.0,4620.0,620.0,1,1,1,0,0,1,0,1000000000000.0,1,0,1801
43715,XX,nse_fo,OPTIDX,NIFTY,NIFTY2631718700CE,CE,NIFTY17MAR2618700.00CE,,26000,,,,,,5,65,1458225000,-1,2,1870000.0,NSE,OPTIDX,1458225000,1457740800,1458225000,1457740800,0,0,0,0,0,,0,0,1457888468,,,,,,,,,,FO,,,,,,,1458172800.0,1458225000.0,,,,445825.0,Cash,,1,1,1801.0,65,0.0,500755.0,390895.0,1,1,1,0,0,1,0,1000000000000.0,1,0,1801
58205,XX,nse_fo,OPTIDX,NIFTY,NIFTY2631728350CE,CE,NIFTY17MAR2628350.00CE,,26000,,,,,,5,65,1458225000,-1,2,2835000.0,NSE,OPTIDX,1458225000,1455235200,1458225000,1455235200,0,0,0,0,0,,0,0,1457887036,,,,,,,,,,FO,,,,,,,1458172800.0,1458225000.0,,,,5.0,Cash,,1,1,1801.0,65,0.0,2005.0,5.0,1,1,1,0,0,1,0,1000000000000.0,1,0,1801
38368,XX,nse_fo,OPTIDX,NIFTY,NIFTY2631719950CE,CE,NIFTY17MAR2619950.00CE,,26000,,,,,,5,65,1458225000,-1,2,1995000.0,NSE,OPTIDX,1458225000,1456876800,1458225000,1456876800,0,0,0,0,0,,0,0,1457888468,,,,,,,,,,FO,,,,,,,1458172800.0,1458225000.0,,,,320870.0,Cash,,1,1,1801.0,65,0.0,375800.0,265940.0,1,1,1,0,0,1,0,1000000000000.0,1,0,1801
59383,XX,nse_fo,OPTIDX,NIFTY,NIFTY2631717900CE,CE,NIFTY17MAR2617900.00CE,,26000,,,,,,5,65,1458225000,-1,2,1790000.0,NSE,OPTIDX,1458225000,1458086400,1458225000,1458086400,0,0,0,0,0,,0,0,1457888468,,,,,,,,,,FO,,,,,,,1458172800.0,1458225000.0,,,,525795.0,Cash,,1,1,1801.0,65,0.0,580725.0,470865.0,1,1,1,0,0,1,0,1000000000000.0,1,0,1801
57682,XX,nse_fo,OPTIDX,NIFTY,NIFTY2631722750PE,PE,NIFTY17MAR2622750.00PE,,26000,,,,,,5,65,1458225000,-1,2,2275000.0,NSE,OPTIDX,1458225000,1455235200,1458225000,1455235200,0,0,0,0,0,,0,0,1457888468,,,,,,,,,,FO,,,,,,,1458172800.0,1458225000.0,,,,10635.0,Cash,,0,1,1801.0,65,1163180.0,13630.0,7640.0,1,1,1,0,0,1,0,1000000000000.0,1,0,1801
58129,XX,nse_fo,OPTIDX,NIFTY,NIFTY2631727050PE,PE,NIFTY17MAR2627050.00PE,,26000,,,,,,5,65,1458225000,-1,2,2705000.0,NSE,OPTIDX,1458225000,1455235200,1458225000,1455235200,0,0,0,0,0,,0,0,1457888468,,,,,,,,,,FO,,,,,,,1458172800.0,1458225000.0,,,,388860.0,Cash,,0,1,1801.0,65,0.0,443790.0,333930.0,1,1,1,0,0,1,0,1000000000000.0,1,0,1801
57596,XX,nse_fo,OPTIDX,NIFTY,NIFTY2631721600CE,CE,NIFTY17MAR2621600.00CE,,26000,,,,,,5,65,1458225000,-1,2,2160000.0,NSE,OPTIDX,1458225000,1455235200,1458225000,1455235200,0,0,0,0,0,,0,0,1457888468,,,,,,,,,,FO,,,,,,,1458172800.0,1458225000.0,,,,155935.0,Cash,,0,1,1801.0,65,0.0,210860.0,101010.0,1,1,1,0,0,1,0,1000000000000.0,1,0,1801
43717,XX,nse_fo,OPTIDX,NIFTY,NIFTY2631718750CE,CE,NIFTY17MAR2618750.00CE,,26000,,,,,,5,65,1458225000,-1,2,1875000.0,NSE,OPTIDX,1458225000,1457740800,1458225000,1457740800,0,0,0,0,0,,0,0,1457888468,,,,,,,,,,FO,,,,,,,1458172800.0,1458225000.0,,,,440825.0,Cash,,1,1,1801.0,65,0.0,495755.0,385895.0,1,1,1,0,0,1,0,1000000000000.0,1,0,1801
58227,XX,nse_fo,OPTIDX,NIFTY,NIFTY2631728800CE,CE,NIFTY17MAR2628800.00CE,,26000,,,,,,5,65,1458225000,-1,2,2880000.0,NSE,OPTIDX,1458225000,1455235200,1458225000,1455235200,0,0,0,0,0,,0,0,1457887036,,,,,,,,,,FO,,,,,,,1458172800.0,1458225000.0,,,,5.0,Cash,,1,1,1801.0,65,0.0,2005.0,5.0,1,1,1,0,0,1,0,1000000000000.0,1,0,1801
56844,XX,nse_fo,OPTIDX,NIFTY,NIFTY2631718500PE,PE,NIFTY17MAR2618500.00PE,,26000,,,,,,5,65,1458225000,-1,2,1850000.0,NSE,OPTIDX,1458225000,1457827200,1458225000,1457827200,0,0,0,0,0,,0,0,1457887036,,,,,,,,,,FO,,,,,,,1458172800.0,1458225000.0,,,,5.0,Cash,,1,1,1801.0,65,0.0,2005.0,5.0,1,1,1,0,0,1,0,1000000000000.0,1,0,1801
57883,XX,nse_fo,OPTIDX,NIFTY,NIFTY2631724950PE,PE,NIFTY17MAR2624950.00PE,,26000,,,,,,5,65,1458225000,-1,2,2495000.0,NSE,OPTIDX,1458225000,1455235200,1458225000,1455235200,0,0,0,0,0,,0,0,1457888468,,,,,,,,,,FO,,,,,,,1458172800.0,1458225000.0,,,,179710.0,Cash,,0,1,1801.0,65,28470.0,234640.0,124780.0,1,1,1,0,0,1,0,1000000000000.0,1,0,1801
57998,XX,nse_fo,OPTIDX,NIFTY,NIFTY2631726200PE,PE,NIFTY17MAR2626200.00PE,,26000,,,,,,5,65,1458225000,-1,2,2620000.0,NSE,OPTIDX,1458225000,1455235200,1458225000,1455235200,0,0,0,0,0,,0,0,1457888468,,,,,,,,,,FO,,,,,,,1458172800.0,1458225000.0,,,,303300.0,Cash,,0,1,1801.0,65,25740.0,358230.0,248370.0,1,1,1,0,0,1,0,1000000000000.0,1,0,1801
58045,XX,nse_fo,OPTIDX,NIFTY,NIFTY2631726750CE,CE,NIFTY17MAR2626750.00CE,,26000,,,,,,5,65,1458225000,-1,2,2675000.0,NSE,OPTIDX,1458225000,1455235200,1458225000,1455235200,0,0,0,0,0,,0,0,1457888468,,,,,,,,,,FO,,,,,,,1458172800.0,1458225000.0,,,,85.0,Cash,,0,1,1801.0,65,72865.0,2085.0,5.0,1,1,1,0,0,1,0,1000000000000.0,1,0,1801
57725,XX,nse_fo,OPTIDX,NIFTY,NIFTY2631723350CE,CE,NIFTY17MAR2623350.00CE,,26000,,,,,,5,65,1458225000,-1,2,2335000.0,NSE,OPTIDX,1458225000,1455235200,1458225000,1455235200,0,0,0,0,0,,0,0,1457888468,,,,,,,,,,FO,,,,,,,1458172800.0,1458225000.0,,,,15440.0,Cash,,0,1,1801.0,65,1160250.0,28300.0,2580.0,1,1,1,0,0,1,0,1000000000000.0,1,0,1801
57621,XX,nse_fo,OPTIDX,NIFTY,NIFTY2631721750PE,PE,NIFTY17MAR2621750.00PE,,26000,,,,,,5,65,1458225000,-1,2,2175000.0,NSE,OPTIDX,1458225000,1455235200,1458225000,1455235200,0,0,0,0,0,,0,0,1457888468,,,,,,,,,,FO,,,,,,,1458172800.0,1458225000.0,,,,1420.0,Cash,,0,1,1801.0,65,380120.0,3420.0,5.0,1,1,1,0,0,1,0,1000000000000.0,1,0,1801
58256,XX,nse_fo,OPTIDX,NIFTY,NIFTY2631729500PE,PE,NIFTY17MAR2629500.00PE,,26000,,,,,,5,65,1458225000,-1,2,2950000.0,NSE,OPTIDX,1458225000,1455235200,1458225000,1455235200,0,0,0,0,0,,0,0,1457888468,,,,,,,,,,FO,,,,,,,1458172800.0,1458225000.0,,,,632645.0,Cash,,1,1,1801.0,65,0.0,687575.0,577715.0,1,1,1,0,0,1,0,1000000000000.0,1,0,1801
57787,XX,nse_fo,OPTIDX,NIFTY,NIFTY2631723800PE,PE,NIFTY17MAR2623800.00PE,,26000,,,,,,5,65,1458225000,-1,2,2380000.0,NSE,OPTIDX,1458225000,1455235200,1458225000,1455235200,0,0,0,0,0,,0,0,1457888468,,,,,,,,,,FO,,,,,,,1458172800.0,1458225000.0,,,,68895.0,Cash,,0,1,1801.0,65,786435.0,123420.0,14370.0,1,1,1,0,0,1,0,1000000000000.0,1,0,1801
57903,XX,nse_fo,OPTIDX,NIFTY,NIFTY2631725350CE,CE,NIFTY17MAR2625350.00CE,,26000,,,,,,5,65,1458225000,-1,2,2535000.0,NSE,OPTIDX,1458225000,1455235200,1458225000,1455235200,0,0,0,0,0,,0,0,1457888468,,,,,,,,,,FO,,,,,,,1458172800.0,1458225000.0,,,,205.0,Cash,,0,1,1801.0,65,496210.0,2205.0,5.0,1,1,1,0,0,1,0,1000000000000.0,1,0,1801
58276,XX,nse_fo,OPTIDX,NIFTY,NIFTY2631730000PE,PE,NIFTY17MAR2630000.00PE,,26000,,,,,,5,65,1458225000,-1,2,3000000.0,NSE,OPTIDX,1458225000,1455235200,1458225000,1455235200,0,0,0,0,0,,0,0,1457888468,,,,,,,,,,FO,,,,,,,1458172800.0,1458225000.0,,,,682610.0,Cash,,1,1,1801.0,65,0.0,737540.0,627680.0,1,1,1,0,0,1,0,1000000000000.0,1,0,1801
57646,XX,nse_fo,OPTIDX,NIFTY,NIFTY2631722150CE,CE,NIFTY17MAR2622150.00CE,,26000,,,,,,5,65,1458225000,-1,2,2215000.0,NSE,OPTIDX,1458225000,1455235200,1458225000,1455235200,0,0,0,0,0,,0,0,1457888468,,,,,,,,,,FO,,,,,,,1458172800.0,1458225000.0,,,,102130.0,Cash,,0,1,1801.0,65,780.0,157055.0,47205.0,1,1,1,0,0,1,0,1000000000000.0,1,0,1801
57757,XX,nse_fo,OPTIDX,NIFTY,NIFTY2631723650CE,CE,NIFTY17MAR2623650.00CE,,26000,,,,,,5,65,1458225000,-1,2,2365000.0,NSE,OPTIDX,1458225000,1455235200,1458225000,1455235200,0,0,0,0,0,,0,0,1457888468,,,,,,,,,,FO,,,,,,,1458172800.0,1458225000.0,,,,6725.0,Cash,,0,1,1801.0,65,1573780.0,8725.0,4725.0,1,1,1,0,0,1,0,1000000000000.0,1,0,1801
58304,XX,nse_fo,OPTIDX,NIFTY,NIFTY2631730700PE,PE,NIFTY17MAR2630700.00PE,,26000,,,,,,5,65,1458225000,-1,2,3070000.0,NSE,OPTIDX,1458225000,1455235200,1458225000,1455235200,0,0,0,0,0,,0,0,1457888468,,,,,,,,,,FO,,,,,,,1458172800.0,1458225000.0,,,,752555.0,Cash,,1,1,1801.0,65,0.0,807485.0,697625.0,1,1,1,0,0,1,0,1000000000000.0,1,0,1801
58241,XX,nse_fo,OPTIDX,NIFTY,NIFTY2631729150CE,CE,NIFTY17MAR2629150.00CE,,26000,,,,,,5,65,1458225000,-1,2,2915000.0,NSE,OPTIDX,1458225000,1455235200,1458225000,1455235200,0,0,0,0,0,,0,0,1457887036,,,,,,,,,,FO,,,,,,,1458172800.0,1458225000.0,,,,5.0,Cash,,1,1,1801.0,65,0.0,2005.0,5.0,1,1,1,0,0,1,0,1000000000000.0,1,0,1801
58275,XX,nse_fo,OPTIDX,NIFTY,NIFTY2631730000CE,CE,NIFTY17MAR2630000.00CE,,26000,,,,,,5,65,1458225000,-1,2,3000000.0,NSE,OPTIDX,1458225000,1455235200,1458225000,1455235200,0,0,0,0,0,,0,0,1457887036,,,,,,,,,,FO,,,,,,,1458172800.0,1458225000.0,,,,5.0,Cash,,1,1,1801.0,65,0.0,2005.0,5.0,1,1,1,0,0,1,0,1000000000000.0,1,0,1801
58201,XX,nse_fo,OPTIDX,NIFTY,NIFTY2631728250CE,CE,NIFTY17MAR2628250.00CE,,26000,,,,,,5,65,1458225000,-1,2,2825000.0,NSE,OPTIDX,1458225000,1455235200,1458225000,1455235200,0,0,0,0,0,,0,0,1457887036,,,,,,,,,,FO,,,,,,,1458172800.0,1458225000.0,,,,5.0,Cash,,1,1,1801.0,65,0.0,2005.0,5.0,1,1,1,0,0,1,0,1000000000000.0,1,0,1801
58184,XX,nse_fo,OPTIDX,NIFTY,NIFTY2631727950CE,CE,NIFTY17MAR2627950.00CE,,26000,,,,,,5,65,1458225000,-1,2,2795000.0,NSE,OPTIDX,1458225000,1455235200,1458225000,1455235200,0,0,0,0,0,,0,0,1457887036,,,,,,,,,,FO,,,,,,,1458172800.0,1458225000.0,,,,5.0,Cash,,1,1,1801.0,65,0.0,2005.0,5.0,1,1,1,0,0,1,0,1000000000000.0,1,0,1801
43714,XX,nse_fo,OPTIDX,NIFTY,NIFTY2631718650PE,PE,NIFTY17MAR2618650.00PE,,26000,,,,,,5,65,1458225000,-1,2,1865000.0,NSE,OPTIDX,1458225000,1457740800,1458225000,1457740800,0,0,0,0,0,,0,0,1457887033,,,,,,,,,,FO,,,,,,,1458172800.0,1458225000.0,,,,5.0,Cash,,1,1,1801.0,65,0.0,2005.0,5.0,1,1,1,0,0,1,0,1000000000000.0,1,0,1801
57615,XX,nse_fo,OPTIDX,NIFTY,NIFTY2631721700PE,PE,NIFTY17MAR2621700.00PE,,26000,,,,,,5,65,1458225000,-1,2,2170000.0,NSE,OPTIDX,1458225000,1455235200,1458225000,1455235200,0,0,0,0,0,,0,0,1457888468,,,,,,,,,,FO,,,,,,,1458172800.0,1458225000.0,,,,1310.0,Cash,,0,1,1801.0,65,1113260.0,3310.0,5.0,1,1,1,0,0,1,0,1000000000000.0,1,0,1801
58280,XX,nse_fo,OPTIDX,NIFTY,NIFTY2631730100PE,PE,NIFTY17MAR2630100.00PE,,26000,,,,,,5,65,1458225000,-1,2,3010000.0,NSE,OPTIDX,1458225000,1455235200,1458225000,1455235200,0,0,0,0,0,,0,0,1457888468,,,,,,,,,,FO,,,,,,,1458172800.0,1458225000.0,,,,692600.0,Cash,,1,1,1801.0,65,0.0,747530.0,637670.0,1,1,1,0,0,1,0,1000000000000.0,1,0,1801
58259,XX,nse_fo,OPTIDX,NIFTY,NIFTY2631729600CE,CE,NIFTY17MAR2629600.00CE,,26000,,,,,,5,65,1458225000,-1,2,2960000.0,NSE,OPTIDX,1458225000,1455235200,1458225000,1455235200,0,0,0,0,0,,0,0,1457887036,,,,,,,,,,FO,,,,,,,1458172800.0,1458225000.0,,,,5.0,Cash,,1,1,1801.0,65,0.0,2005.0,5.0,1,1,1,0,0,1,0,1000000000000.0,1,0,1801
57627,XX,nse_fo,OPTIDX,NIFTY,NIFTY2631721900PE,PE,NIFTY17MAR2621900.00PE,,26000,,,,,,5,65,1458225000,-1,2,2190000.0,NSE,OPTIDX,1458225000,1455235200,1458225000,1455235200,0,0,0,0,0,,0,0,1457888468,,,,,,,,,,FO,,,,,,,1458172800.0,1458225000.0,,,,1810.0,Cash,,0,1,1801.0,65,817375.0,3810.0,5.0,1,1,1,0,0,1,0,1000000000000.0,1,0,1801
57869,XX,nse_fo,OPTIDX,NIFTY,NIFTY2631724650CE,CE,NIFTY17MAR2624650.00CE,,26000,,,,,,5,65,1458225000,-1,2,2465000.0,NSE,OPTIDX,1458225000,1455235200,1458225000,1455235200,0,0,0,0,0,,0,0,1457888468,,,,,,,,,,FO,,,,,,,1458172800.0,1458225000.0,,,,680.0,Cash,,0,1,1801.0,65,1069060.0,2680.0,5.0,1,1,1,0,0,1,0,1000000000000.0,1,0,1801
43724,XX,nse_fo,OPTIDX,NIFTY,NIFTY2631719350PE,PE,NIFTY17MAR2619350.00PE,,26000,,,,,,5,65,1458225000,-1,2,1935000.0,NSE,OPTIDX,1458225000,1457136000,1458225000,1457136000,0,0,0,0,0,,0,0,1457887033,,,,,,,,,,FO,,,,,,,1458172800.0,1458225000.0,,,,5.0,Cash,,1,1,1801.0,65,0.0,2005.0,5.0,1,1,1,0,0,1,0,1000000000000.0,1,0,1801
57887,XX,nse_fo,OPTIDX,NIFTY,NIFTY2631725050PE,PE,NIFTY17MAR2625050.00PE,,26000,,,,,,5,65,1458225000,-1,2,2505000.0,NSE,OPTIDX,1458225000,1455235200,1458225000,1455235200,0,0,0,0,0,,0,0,1457888468,,,,,,,,,,FO,,,,,,,1458172800.0,1458225000.0,,,,189005.0,Cash,,0,1,1801.0,65,19370.0,243935.0,134075.0,1,1,1,0,0,1,0,1000000000000.0,1,0,1801
57594,XX,nse_fo,OPTIDX,NIFTY,NIFTY2631721550CE,CE,NIFTY17MAR2621550.00CE,,26000,,,,,,5,65,1458225000,-1,2,2155000.0,NSE,OPTIDX,1458225000,1455235200,1458225000,1455235200,0,0,0,0,0,,0,0,1457888468,,,,,,,,,,FO,,,,,,,1458172800.0,1458225000.0,,,,179015.0,Cash,,0,1,1801.0,65,65.0,233940.0,124090.0,1,1,1,0,0,1,0,1000000000000.0,1,0,1801
58245,XX,nse_fo,OPTIDX,NIFTY,NIFTY2631729250CE,CE,NIFTY17MAR2629250.00CE,,26000,,,,,,5,65,1458225000,-1,2,2925000.0,NSE,OPTIDX,1458225000,1455235200,1458225000,1455235200,0,0,0,0,0,,0,0,1457887036,,,,,,,,,,FO,,,,,,,1458172800.0,1458225000.0,,,,5.0,Cash,,1,1,1801.0,65,0.0,2005.0,5.0,1,1,1,0,0,1,0,1000000000000.0,1,0,1801
57703,XX,nse_fo,OPTIDX,NIFTY,NIFTY2631723100PE,PE,NIFTY17MAR2623100.00PE,,26000,,,,,,5,65,1458225000,-1,2,2310000.0,NSE,OPTIDX,1458225000,1455235200,1458225000,1455235200,0,0,0,0,0,,0,0,1457888468,,,,,,,,,,FO,,,,,,,1458172800.0,1458225000.0,,,,22195.0,Cash,,0,1,1801.0,65,2180100.0,44515.0,5.0,1,1,1,0,0,1,0,1000000000000.0,1,0,1801
58299,XX,nse_fo,OPTIDX,NIFTY,NIFTY2631730600CE,CE,NIFTY17MAR2630600.00CE,,26000,,,,,,5,65,1458225000,-1,2,3060000.0,NSE,OPTIDX,1458225000,1455235200,1458225000,1455235200,0,0,0,0,0,,0,0,1457887036,,,,,,,,,,FO,,,,,,,1458172800.0,1458225000.0,,,,5.0,Cash,,1,1,1801.0,65,0.0,2005.0,5.0,1,1,1,0,0,1,0,1000000000000.0,1,0,1801
57608,XX,nse_fo,OPTIDX,NIFTY,NIFTY2631721700CE,CE,NIFTY17MAR2621700.00CE,,26000,,,,,,5,65,1458225000,-1,2,2170000.0,NSE,OPTIDX,1458225000,1455235200,1458225000,1455235200,0,0,0,0,0,,0,0,1457888468,,,,,,,,,,FO,,,,,,,1458172800.0,1458225000.0,,,,145940.0,Cash,,0,1,1801.0,65,0.0,200865.0,91015.0,1,1,1,0,0,1,0,1000000000000.0,1,0,1801
58141,XX,nse_fo,OPTIDX,NIFTY,NIFTY2631727300PE,PE,NIFTY17MAR2627300.00PE,,26000,,,,,,5,65,1458225000,-1,2,2730000.0,NSE,OPTIDX,1458225000,1455235200,1458225000,1455235200,0,0,0,0,0,,0,0,1457888468,,,,,,,,,,FO,,,,,,,1458172800.0,1458225000.0,,,,413850.0,Cash,,0,1,1801.0,65,0.0,468780.0,358920.0,1,1,1,0,0,1,0,1000000000000.0,1,0,1801
57908,XX,nse_fo,OPTIDX,NIFTY,NIFTY2631725400PE,PE,NIFTY17MAR2625400.00PE,,26000,,,,,,5,65,1458225000,-1,2,2540000.0,NSE,OPTIDX,1458225000,1455235200,1458225000,1455235200,0,0,0,0,0,,0,0,1457888468,,,,,,,,,,FO,,,,,,,1458172800.0,1458225000.0,,,,225140.0,Cash,,0,1,1801.0,65,155480.0,280070.0,170210.0,1,1,1,0,0,1,0,1000000000000.0,1,0,1801
57590,XX,nse_fo,OPTIDX,NIFTY,NIFTY2631721450CE,CE,NIFTY17MAR2621450.00CE,,26000,,,,,,5,65,1458225000,-1,2,2145000.0,NSE,OPTIDX,1458225000,1455235200,1458225000,1455235200,0,0,0,0,0,,0,0,1457888468,,,,,,,,,,FO,,,,,,,1458172800.0,1458225000.0,,,,170930.0,Cash,,0,1,1801.0,65,0.0,225855.0,116005.0,1,1,1,0,0,1,0,1000000000000.0,1,0,1801
43730,XX,nse_fo,OPTIDX,NIFTY,NIFTY2631719450PE,PE,NIFTY17MAR2619450.00PE,,26000,,,,,,5,65,1458225000,-1,2,1945000.0,NSE,OPTIDX,1458225000,1457136000,1458225000,1457136000,0,0,0,0,0,,0,0,1457887033,,,,,,,,,,FO,,,,,,,1458172800.0,1458225000.0,,,,5.0,Cash,,1,1,1801.0,65,0.0,2005.0,5.0,1,1,1,0,0,1,0,1000000000000.0,1,0,1801
57872,XX,nse_fo,OPTIDX,NIFTY,NIFTY2631724700PE,PE,NIFTY17MAR2624700.00PE,,26000,,,,,,5,65,1458225000,-1,2,2470000.0,NSE,OPTIDX,1458225000,1455235200,1458225000,1455235200,0,0,0,0,0,,0,0,1457888468,,,,,,,,,,FO,,,,,,,1458172800.0,1458225000.0,,,,155370.0,Cash,,0,1,1801.0,65,203905.0,210300.0,100440.0,1,1,1,0,0,1,0,1000000000000.0,1,0,1801
57799,XX,nse_fo,OPTIDX,NIFTY,NIFTY2631724100CE,CE,NIFTY17MAR2624100.00CE,,26000,,,,,,5,65,1458225000,-1,2,2410000.0,NSE,OPTIDX,1458225000,1455235200,1458225000,1455235200,0,0,0,0,0,,0,0,1457888468,,,,,,,,,,FO,,,,,,,1458172800.0,1458225000.0,,,,2105.0,Cash,,0,1,1801.0,65,4341540.0,4105.0,105.0,1,1,1,0,0,1,0,1000000000000.0,1,0,1801
58231,XX,nse_fo,OPTIDX,NIFTY,NIFTY2631728900CE,CE,NIFTY17MAR2628900.00CE,,26000,,,,,,5,65,1458225000,-1,2,2890000.0,NSE,OPTIDX,1458225000,1455235200,1458225000,1455235200,0,0,0,0,0,,0,0,1457887036,,,,,,,,,,FO,,,,,,,1458172800.0,1458225000.0,,,,5.0,Cash,,1,1,1801.0,65,0.0,2005.0,5.0,1,1,1,0,0,1,0,1000000000000.0,1,0,1801
60575,XX,nse_fo,OPTIDX,NIFTY,NIFTY2631720450PE,PE,NIFTY17MAR2620450.00PE,,26000,,,,,,5,65,1458225000,-1,2,2045000.0,NSE,OPTIDX,1458225000,1455667200,1458225000,1455667200,0,0,0,0,0,,0,0,1457887037,,,,,,,,,,FO,,,,,,,1458172800.0,1458225000.0,,,,5.0,Cash,,1,1,1801.0,65,0.0,2005.0,5.0,1,1,1,0,0,1,0,1000000000000.0,1,0,1801
57593,XX,nse_fo,OPTIDX,NIFTY,NIFTY2631721500PE,PE,NIFTY17MAR2621500.00PE,,26000,,,,,,5,65,1458225000,-1,2,2150000.0,NSE,OPTIDX,1458225000,1455235200,1458225000,1455235200,0,0,0,0,0,,0,0,1457888468,,,,,,,,,,FO,,,,,,,1458172800.0,1458225000.0,,,,1005.0,Cash,,0,1,1801.0,65,8346840.0,3005.0,5.0,1,1,1,0,0,1,0,1000000000000.0,1,0,1801
57660,XX,nse_fo,OPTIDX,NIFTY,NIFTY2631722250PE,PE,NIFTY17MAR2622250.00PE,,26000,,,,,,5,65,1458225000,-1,2,2225000.0,NSE,OPTIDX,1458225000,1455235200,1458225000,1455235200,0,0,0,0,0,,0,0,1457888468,,,,,,,,,,FO,,,,,,,1458172800.0,1458225000.0,,,,3510.0,Cash,,0,1,1801.0,65,774800.0,5510.0,1510.0,1,1,1,0,0,1,0,1000000000000.0,1,0,1801
49785,XX,nse_fo,OPTIDX,NIFTY,NIFTY2631719000PE,PE,NIFTY17MAR2619000.00PE,,26000,,,,,,5,65,1458225000,-1,2,1900000.0,NSE,OPTIDX,1458225000,1457568000,1458225000,1457568000,0,0,0,0,0,,0,0,1457887035,,,,,,,,,,FO,,,,,,,1458172800.0,1458225000.0,,,,5.0,Cash,,1,1,1801.0,65,0.0,2005.0,5.0,1,1,1,0,0,1,0,1000000000000.0,1,0,1801
57911,XX,nse_fo,OPTIDX,NIFTY,NIFTY2631725450PE,PE,NIFTY17MAR2625450.00PE,,26000,,,,,,5,65,1458225000,-1,2,2545000.0,NSE,OPTIDX,1458225000,1455235200,1458225000,1455235200,0,0,0,0,0,,0,0,1457888468,,,,,,,,,,FO,,,,,,,1458172800.0,1458225000.0,,,,228400.0,Cash,,0,1,1801.0,65,41730.0,283330.0,173470.0,1,1,1,0,0,1,0,1000000000000.0,1,0,1801
58042,XX,nse_fo,OPTIDX,NIFTY,NIFTY2631726650PE,PE,NIFTY17MAR2626650.00PE,,26000,,,,,,5,65,1458225000,-1,2,2665000.0,NSE,OPTIDX,1458225000,1455235200,1458225000,1455235200,0,0,0,0,0,,0,0,1457888468,,,,,,,,,,FO,,,,,,,1458172800.0,1458225000.0,,,,348875.0,Cash,,0,1,1801.0,65,0.0,403805.0,293945.0,1,1,1,0,0,1,0,1000000000000.0,1,0,1801
38375,XX,nse_fo,OPTIDX,NIFTY,NIFTY2631720050CE,CE,NIFTY17MAR2620050.00CE,,26000,,,,,,5,65,1458225000,-1,2,2005000.0,NSE,OPTIDX,1458225000,1456876800,1458225000,1456876800,0,0,0,0,0,,0,0,1457888468,,,,,,,,,,FO,,,,,,,1458172800.0,1458225000.0,,,,310875.0,Cash,,1,1,1801.0,65,0.0,365805.0,255945.0,1,1,1,0,0,1,0,1000000000000.0,1,0,1801
58289,XX,nse_fo,OPTIDX,NIFTY,NIFTY2631730350CE,CE,NIFTY17MAR2630350.00CE,,26000,,,,,,5,65,1458225000,-1,2,3035000.0,NSE,OPTIDX,1458225000,1455235200,1458225000,1455235200,0,0,0,0,0,,0,0,1457887036,,,,,,,,,,FO,,,,,,,1458172800.0,1458225000.0,,,,5.0,Cash,,1,1,1801.0,65,0.0,2005.0,5.0,1,1,1,0,0,1,0,1000000000000.0,1,0,1801
58202,XX,nse_fo,OPTIDX,NIFTY,NIFTY2631728250PE,PE,NIFTY17MAR2628250.00PE,,26000,,,,,,5,65,1458225000,-1,2,2825000.0,NSE,OPTIDX,1458225000,1455235200,1458225000,1455235200,0,0,0,0,0,,0,0,1457888468,,,,,,,,,,FO,,,,,,,1458172800.0,1458225000.0,,,,508815.0,Cash,,1,1,1801.0,65,0.0,563745.0,453885.0,1,1,1,0,0,1,0,1000000000000.0,1,0,1801
58252,XX,nse_fo,OPTIDX,NIFTY,NIFTY2631729400PE,PE,NIFTY17MAR2629400.00PE,,26000,,,,,,5,65,1458225000,-1,2,2940000.0,NSE,OPTIDX,1458225000,1455235200,1458225000,1455235200,0,0,0,0,0,,0,0,1457888468,,,,,,,,,,FO,,,,,,,1458172800.0,1458225000.0,,,,622655.0,Cash,,1,1,1801.0,65,0.0,677585.0,567725.0,1,1,1,0,0,1,0,1000000000000.0,1,0,1801
57672,XX,nse_fo,OPTIDX,NIFTY,NIFTY2631722550PE,PE,NIFTY17MAR2622550.00PE,,26000,,,,,,5,65,1458225000,-1,2,2255000.0,NSE,OPTIDX,1458225000,1455235200,1458225000,1455235200,0,0,0,0,0,,0,0,1457888468,,,,,,,,,,FO,,,,,,,1458172800.0,1458225000.0,,,,6800.0,Cash,,0,1,1801.0,65,567710.0,8800.0,4800.0,1,1,1,0,0,1,0,1000000000000.0,1,0,1801
58225,XX,nse_fo,OPTIDX,NIFTY,NIFTY2631728750CE,CE,NIFTY17MAR2628750.00CE,,26000,,,,,,5,65,1458225000,-1,2,2875000.0,NSE,OPTIDX,1458225000,1455235200,1458225000,1455235200,0,0,0,0,0,,0,0,1457887036,,,,,,,,,,FO,,,,,,,1458172800.0,1458225000.0,,,,5.0,Cash,,1,1,1801.0,65,0.0,2005.0,5.0,1,1,1,0,0,1,0,1000000000000.0,1,0,1801
58212,XX,nse_fo,OPTIDX,NIFTY,NIFTY2631728500CE,CE,NIFTY17MAR2628500.00CE,,26000,,,,,,5,65,1458225000,-1,2,2850000.0,NSE,OPTIDX,1458225000,1455235200,1458225000,1455235200,0,0,0,0,0,,0,0,1457887036,,,,,,,,,,FO,,,,,,,1458172800.0,1458225000.0,,,,5.0,Cash,,1,1,1801.0,65,0.0,2005.0,5.0,1,1,1,0,0,1,0,1000000000000.0,1,0,1801
57856,XX,nse_fo,OPTIDX,NIFTY,NIFTY2631724500PE,PE,NIFTY17MAR2624500.00PE,,26000,,,,,,5,65,1458225000,-1,2,2450000.0,NSE,OPTIDX,1458225000,1455235200,1458225000,1455235200,0,0,0,0,0,,0,0,1457888468,,,,,,,,,,FO,,,,,,,1458172800.0,1458225000.0,,,,134735.0,Cash,,0,1,1801.0,65,728130.0,189665.0,79805.0,1,1,1,0,0,1,0,1000000000000.0,1,0,1801
57896,XX,nse_fo,OPTIDX,NIFTY,NIFTY2631725200PE,PE,NIFTY17MAR2625200.00PE,,26000,,,,,,5,65,1458225000,-1,2,2520000.0,NSE,OPTIDX,1458225000,1455235200,1458225000,1455235200,0,0,0,0,0,,0,0,1457888468,,,,,,,,,,FO,,,,,,,1458172800.0,1458225000.0,,,,204970.0,Cash,,0,1,1801.0,65,149240.0,259900.0,150040.0,1,1,1,0,0,1,0,1000000000000.0,1,0,1801
59402,XX,nse_fo,OPTIDX,NIFTY,NIFTY2631718350PE,PE,NIFTY17MAR2618350.00PE,,26000,,,,,,5,65,1458225000,-1,2,1835000.0,NSE,OPTIDX,1458225000,1458086400,1458225000,1458086400,0,0,0,0,0,,0,0,1457888468,,,,,,,,,,FO,,,,,,,1458172800.0,1458225000.0,,,,5.0,Cash,,1,1,1801.0,65,0.0,2005.0,5.0,1,1,1,0,0,1,0,1000000000000.0,1,0,1801
57685,XX,nse_fo,OPTIDX,NIFTY,NIFTY2631722850CE,CE,NIFTY17MAR2622850.00CE,,26000,,,,,,5,65,1458225000,-1,2,2285000.0,NSE,OPTIDX,1458225000,1455235200,1458225000,1455235200,0,0,0,0,0,,0,0,1457888468,,,,,,,,,,FO,,,,,,,1458172800.0,1458225000.0,,,,43660.0,Cash,,0,1,1801.0,65,32500.0,92380.0,5.0,1,1,1,0,0,1,0,1000000000000.0,1,0,1801
57868,XX,nse_fo,OPTIDX,NIFTY,NIFTY2631724600PE,PE,NIFTY17MAR2624600.00PE,,26000,,,,,,5,65,1458225000,-1,2,2460000.0,NSE,OPTIDX,1458225000,1455235200,1458225000,1455235200,0,0,0,0,0,,0,0,1457888468,,,,,,,,,,FO,,,,,,,1458172800.0,1458225000.0,,,,144765.0,Cash,,0,1,1801.0,65,317720.0,199695.0,89835.0,1,1,1,0,0,1,0,1000000000000.0,1,0,1801
59185,XX,nse_fo,OPTIDX,NIFTY,NIFTY2631720550PE,PE,NIFTY17MAR2620550.00PE,,26000,,,,,,5,65,1458225000,-1,2,2055000.0,NSE,OPTIDX,1458225000,1455408000,1458225000,1455408000,0,0,0,0,0,,0,0,1457887036,,,,,,,,,,FO,,,,,,,1458172800.0,1458225000.0,,,,5.0,Cash,,1,1,1801.0,65,0.0,2005.0,5.0,1,1,1,0,0,1,0,1000000000000.0,1,0,1801
60573,XX,nse_fo,OPTIDX,NIFTY,NIFTY2631720400PE,PE,NIFTY17MAR2620400.00PE,,26000,,,,,,5,65,1458225000,-1,2,2040000.0,NSE,OPTIDX,1458225000,1455667200,1458225000,1455667200,0,0,0,0,0,,0,0,1457887037,,,,,,,,,,FO,,,,,,,1458172800.0,1458225000.0,,,,5.0,Cash,,1,1,1801.0,65,0.0,2005.0,5.0,1,1,1,0,0,1,0,1000000000000.0,1,0,1801
57791,XX,nse_fo,OPTIDX,NIFTY,NIFTY2631723900CE,CE,NIFTY17MAR2623900.00CE,,26000,,,,,,5,65,1458225000,-1,2,2390000.0,NSE,OPTIDX,1458225000,1455235200,1458225000,1455235200,0,0,0,0,0,,0,0,1457888468,,,,,,,,,,FO,,,,,,,1458172800.0,1458225000.0,,,,3420.0,Cash,,0,1,1801.0,65,3137680.0,5420.0,1420.0,1,1,1,0,0,1,0,1000000000000.0,1,0,1801
58131,XX,nse_fo,OPTIDX,NIFTY,NIFTY2631727100PE,PE,NIFTY17MAR2627100.00PE,,26000,,,,,,5,65,1458225000,-1,2,2710000.0,NSE,OPTIDX,1458225000,1455235200,1458225000,1455235200,0,0,0,0,0,,0,0,1457888468,,,,,,,,,,FO,,,,,,,1458172800.0,1458225000.0,,,,393860.0,Cash,,0,1,1801.0,65,0.0,448790.0,338930.0,1,1,1,0,0,1,0,1000000000000.0,1,0,1801
57921,XX,nse_fo,OPTIDX,NIFTY,NIFTY2631725700PE,PE,NIFTY17MAR2625700.00PE,,26000,,,,,,5,65,1458225000,-1,2,2570000.0,NSE,OPTIDX,1458225000,1455235200,1458225000,1455235200,0,0,0,0,0,,0,0,1457888468,,,,,,,,,,FO,,,,,,,1458172800.0,1458225000.0,,,,254230.0,Cash,,0,1,1801.0,65,60320.0,309160.0,199300.0,1,1,1,0,0,1,0,1000000000000.0,1,0,1801
57723,XX,nse_fo,OPTIDX,NIFTY,NIFTY2631723300CE,CE,NIFTY17MAR2623300.00CE,,26000,,,,,,5,65,1458225000,-1,2,2330000.0,NSE,OPTIDX,1458225000,1455235200,1458225000,1455235200,0,0,0,0,0,,0,0,1457888468,,,,,,,,,,FO,,,,,,,1458172800.0,1458225000.0,,,,17475.0,Cash,,0,1,1801.0,65,2287540.0,33780.0,1170.0,1,1,1,0,0,1,0,1000000000000.0,1,0,1801
38371,XX,nse_fo,OPTIDX,NIFTY,NIFTY2631720000CE,CE,NIFTY17MAR2620000.00CE,,26000,,,,,,5,65,1458225000,-1,2,2000000.0,NSE,OPTIDX,1458225000,1456876800,1458225000,1456876800,0,0,0,0,0,,0,0,1457888468,,,,,,,,,,FO,,,,,,,1458172800.0,1458225000.0,,,,315875.0,Cash,,1,1,1801.0,65,0.0,370805.0,260945.0,1,1,1,0,0,1,0,1000000000000.0,1,0,1801
57666,XX,nse_fo,OPTIDX,NIFTY,NIFTY2631722400PE,PE,NIFTY17MAR2622400.00PE,,26000,,,,,,5,65,1458225000,-1,2,2240000.0,NSE,OPTIDX,1458225000,1455235200,1458225000,1455235200,0,0,0,0,0,,0,0,1457888468,,,,,,,,,,FO,,,,,,,1458172800.0,1458225000.0,,,,4865.0,Cash,,0,1,1801.0,65,1831900.0,6865.0,2865.0,1,1,1,0,0,1,0,1000000000000.0,1,0,1801
57959,XX,nse_fo,OPTIDX,NIFTY,NIFTY2631725900CE,CE,NIFTY17MAR2625900.00CE,,26000,,,,,,5,65,1458225000,-1,2,2590000.0,NSE,OPTIDX,1458225000,1455235200,1458225000,1455235200,0,0,0,0,0,,0,0,1457888468,,,,,,,,,,FO,,,,,,,1458172800.0,1458225000.0,,,,135.0,Cash,,0,1,1801.0,65,1641580.0,2135.0,5.0,1,1,1,0,0,1,0,1000000000000.0,1,0,1801
57910,XX,nse_fo,OPTIDX,NIFTY,NIFTY2631725450CE,CE,NIFTY17MAR2625450.00CE,,26000,,,,,,5,65,1458225000,-1,2,2545000.0,NSE,OPTIDX,1458225000,1455235200,1458225000,1455235200,0,0,0,0,0,,0,0,1457888468,,,,,,,,,,FO,,,,,,,1458172800.0,1458225000.0,,,,180.0,Cash,,0,1,1801.0,65,614965.0,2180.0,5.0,1,1,1,0,0,1,0,1000000000000.0,1,0,1801
57817,XX,nse_fo,OPTIDX,NIFTY,NIFTY2631724300CE,CE,NIFTY17MAR2624300.00CE,,26000,,,,,,5,65,1458225000,-1,2,2430000.0,NSE,OPTIDX,1458225000,1455235200,1458225000,1455235200,0,0,0,0,0,,0,0,1457888468,,,,,,,,,,FO,,,,,,,1458172800.0,1458225000.0,,,,1370.0,Cash,,0,1,1801.0,65,5643950.0,3370.0,5.0,1,1,1,0,0,1,0,1000000000000.0,1,0,1801
57592,XX,nse_fo,OPTIDX,NIFTY,NIFTY2631721500CE,CE,NIFTY17MAR2621500.00CE,,26000,,,,,,5,65,1458225000,-1,2,2150000.0,NSE,OPTIDX,1458225000,1455235200,1458225000,1455235200,0,0,0,0,0,,0,0,1457888468,,,,,,,,,,FO,,,,,,,1458172800.0,1458225000.0,,,,166335.0,Cash,,0,1,1801.0,65,260.0,221260.0,111410.0,1,1,1,0,0,1,0,1000000000000.0,1,0,1801
58300,XX,nse_fo,OPTIDX,NIFTY,NIFTY2631730600PE,PE,NIFTY17MAR2630600.00PE,,26000,,,,,,5,65,1458225000,-1,2,3060000.0,NSE,OPTIDX,1458225000,1455235200,1458225000,1455235200,0,0,0,0,0,,0,0,1457888468,,,,,,,,,,FO,,,,,,,1458172800.0,1458225000.0,,,,742560.0,Cash,,1,1,1801.0,65,0.0,797490.0,687630.0,1,1,1,0,0,1,0,1000000000000.0,1,0,1801
57626,XX,nse_fo,OPTIDX,NIFTY,NIFTY2631721900CE,CE,NIFTY17MAR2621900.00CE,,26000,,,,,,5,65,1458225000,-1,2,2190000.0,NSE,OPTIDX,1458225000,1455235200,1458225000,1455235200,0,0,0,0,0,,0,0,1457888468,,,,,,,,,,FO,,,,,,,1458172800.0,1458225000.0,,,,125945.0,Cash,,0,1,1801.0,65,0.0,180870.0,71020.0,1,1,1,0,0,1,0,1000000000000.0,1,0,1801
60548,XX,nse_fo,OPTIDX,NIFTY,NIFTY2631720250CE,CE,NIFTY17MAR2620250.00CE,,26000,,,,,,5,65,1458225000,-1,2,2025000.0,NSE,OPTIDX,1458225000,1455667200,1458225000,1455667200,0,0,0,0,0,,0,0,1457888468,,,,,,,,,,FO,,,,,,,1458172800.0,1458225000.0,,,,290885.0,Cash,,1,1,1801.0,65,0.0,345815.0,235955.0,1,1,1,0,0,1,0,1000000000000.0,1,0,1801
58007,XX,nse_fo,OPTIDX,NIFTY,NIFTY2631726450CE,CE,NIFTY17MAR2626450.00CE,,26000,,,,,,5,65,1458225000,-1,2,2645000.0,NSE,OPTIDX,1458225000,1455235200,1458225000,1455235200,0,0,0,0,0,,0,0,1457888468,,,,,,,,,,FO,,,,,,,1458172800.0,1458225000.0,,,,95.0,Cash,,0,1,1801.0,65,211055.0,2095.0,5.0,1,1,1,0,0,1,0,1000000000000.0,1,0,1801
57550,XX,nse_fo,OPTIDX,NIFTY,NIFTY2631721050PE,PE,NIFTY17MAR2621050.00PE,,26000,,,,,,5,65,1458225000,-1,2,2105000.0,NSE,OPTIDX,1458225000,1455235200,1458225000,1455235200,0,0,0,0,0,,0,0,1457888468,,,,,,,,,,FO,,,,,,,1458172800.0,1458225000.0,,,,650.0,Cash,,0,1,1801.0,65,61165.0,2650.0,5.0,1,1,1,0,0,1,0,1000000000000.0,1,0,1801
57961,XX,nse_fo,OPTIDX,NIFTY,NIFTY2631725950CE,CE,NIFTY17MAR2625950.00CE,,26000,,,,,,5,65,1458225000,-1,2,2595000.0,NSE,OPTIDX,1458225000,1455235200,1458225000,1455235200,0,0,0,0,0,,0,0,1457888468,,,,,,,,,,FO,,,,,,,1458172800.0,1458225000.0,,,,135.0,Cash,,0,1,1801.0,65,615745.0,2135.0,5.0,1,1,1,0,0,1,0,1000000000000.0,1,0,1801
58172,XX,nse_fo,OPTIDX,NIFTY,NIFTY2631727800CE,CE,NIFTY17MAR2627800.00CE,,26000,,,,,,5,65,1458225000,-1,2,2780000.0,NSE,OPTIDX,1458225000,1455235200,1458225000,1455235200,0,0,0,0,0,,0,0,1457887036,,,,,,,,,,FO,,,,,,,1458172800.0,1458225000.0,,,,5.0,Cash,,1,1,1801.0,65,0.0,2005.0,5.0,1,1,1,0,0,1,0,1000000000000.0,1,0,1801
57577,XX,nse_fo,OPTIDX,NIFTY,NIFTY2631721150PE,PE,NIFTY17MAR2621150.00PE,,26000,,,,,,5,65,1458225000,-1,2,2115000.0,NSE,OPTIDX,1458225000,1455235200,1458225000,1455235200,0,0,0,0,0,,0,0,1457888468,,,,,,,,,,FO,,,,,,,1458172800.0,1458225000.0,,,,705.0,Cash,,0,1,1801.0,65,38935.0,2705.0,5.0,1,1,1,0,0,1,0,1000000000000.0,1,0,1801
58189,XX,nse_fo,OPTIDX,NIFTY,NIFTY2631728050CE,CE,NIFTY17MAR2628050.00CE,,26000,,,,,,5,65,1458225000,-1,2,2805000.0,NSE,OPTIDX,1458225000,1455235200,1458225000,1455235200,0,0,0,0,0,,0,0,1457887036,,,,,,,,,,FO,,,,,,,1458172800.0,1458225000.0,,,,5.0,Cash,,1,1,1801.0,65,0.0,2005.0,5.0,1,1,1,0,0,1,0,1000000000000.0,1,0,1801
40497,XX,nse_fo,OPTIDX,NIFTY,NIFTY2631719700PE,PE,NIFTY17MAR2619700.00PE,,26000,,,,,,5,65,1458225000,-1,2,1970000.0,NSE,OPTIDX,1458225000,1457049600,1458225000,1457049600,0,0,0,0,0,,0,0,1457887033,,,,,,,,,,FO,,,,,,,1458172800.0,1458225000.0,,,,5.0,Cash,,1,1,1801.0,65,0.0,2005.0,5.0,1,1,1,0,0,1,0,1000000000000.0,1,0,1801
57982,XX,nse_fo,OPTIDX,NIFTY,NIFTY2631726100PE,PE,NIFTY17MAR2626100.00PE,,26000,,,,,,5,65,1458225000,-1,2,2610000.0,NSE,OPTIDX,1458225000,1455235200,1458225000,1455235200,0,0,0,0,0,,0,0,1457888468,,,,,,,,,,FO,,,,,,,1458172800.0,1458225000.0,,,,293000.0,Cash,,0,1,1801.0,65,35100.0,347930.0,238070.0,1,1,1,0,0,1,0,1000000000000.0,1,0,1801
58217,XX,nse_fo,OPTIDX,NIFTY,NIFTY2631728600PE,PE,NIFTY17MAR2628600.00PE,,26000,,,,,,5,65,1458225000,-1,2,2860000.0,NSE,OPTIDX,1458225000,1455235200,1458225000,1455235200,0,0,0,0,0,,0,0,1457888468,,,,,,,,,,FO,,,,,,,1458172800.0,1458225000.0,,,,542715.0,Cash,,1,1,1801.0,65,0.0,597645.0,487785.0,1,1,1,0,0,1,0,1000000000000.0,1,0,1801
57684,XX,nse_fo,OPTIDX,NIFTY,NIFTY2631722800PE,PE,NIFTY17MAR2622800.00PE,,26000,,,,,,5,65,1458225000,-1,2,2280000.0,NSE,OPTIDX,1458225000,1455235200,1458225000,1455235200,0,0,0,0,0,,0,0,1457888468,,,,,,,,,,FO,,,,,,,1458172800.0,1458225000.0,,,,11805.0,Cash,,0,1,1801.0,65,4710420.0,16190.0,7420.0,1,1,1,0,0,1,0,1000000000000.0,1,0,1801
57752,XX,nse_fo,OPTIDX,NIFTY,NIFTY2631723550PE,PE,NIFTY17MAR2623550.00PE,,26000,,,,,,5,65,1458225000,-1,2,2355000.0,NSE,OPTIDX,1458225000,1455235200,1458225000,1455235200,0,0,0,0,0,,0,0,1457888468,,,,,,,,,,FO,,,,,,,1458172800.0,1458225000.0,,,,48300.0,Cash,,0,1,1801.0,65,486850.0,99480.0,5.0,1,1,1,0,0,1,0,1000000000000.0,1,0,1801
60582,XX,nse_fo,OPTIDX,NIFTY,NIFTY2631720500PE,PE,NIFTY17MAR2620500.00PE,,26000,,,,,,5,65,1458225000,-1,2,2050000.0,NSE,OPTIDX,1458225000,1455667200,1458225000,1455667200,0,0,0,0,0,,0,0,1457887037,,,,,,,,,,FO,,,,,,,1458172800.0,1458225000.0,,,,5.0,Cash,,1,1,1801.0,65,0.0,2005.0,5.0,1,1,1,0,0,1,0,1000000000000.0,1,0,1801
40504,XX,nse_fo,OPTIDX,NIFTY,NIFTY2631719850CE,CE,NIFTY17MAR2619850.00CE,,26000,,,,,,5,65,1458225000,-1,2,1985000.0,NSE,OPTIDX,1458225000,1457049600,1458225000,1457049600,0,0,0,0,0,,0,0,1457888468,,,,,,,,,,FO,,,,,,,1458172800.0,1458225000.0,,,,330870.0,Cash,,1,1,1801.0,65,0.0,385800.0,275940.0,1,1,1,0,0,1,0,1000000000000.0,1,0,1801
43732,XX,nse_fo,OPTIDX,NIFTY,NIFTY2631719500PE,PE,NIFTY17MAR2619500.00PE,,26000,,,,,,5,65,1458225000,-1,2,1950000.0,NSE,OPTIDX,1458225000,1457136000,1458225000,1457136000,0,0,0,0,0,,0,0,1457887033,,,,,,,,,,FO,,,,,,,1458172800.0,1458225000.0,,,,5.0,Cash,,1,1,1801.0,65,0.0,2005.0,5.0,1,1,1,0,0,1,0,1000000000000.0,1,0,1801
57591,XX,nse_fo,OPTIDX,NIFTY,NIFTY2631721450PE,PE,NIFTY17MAR2621450.00PE,,26000,,,,,,5,65,1458225000,-1,2,2145000.0,NSE,OPTIDX,1458225000,1455235200,1458225000,1455235200,0,0,0,0,0,,0,0,1457888468,,,,,,,,,,FO,,,,,,,1458172800.0,1458225000.0,,,,945.0,Cash,,0,1,1801.0,65,7206290.0,2945.0,5.0,1,1,1,0,0,1,0,1000000000000.0,1,0,1801
58251,XX,nse_fo,OPTIDX,NIFTY,NIFTY2631729400CE,CE,NIFTY17MAR2629400.00CE,,26000,,,,,,5,65,1458225000,-1,2,2940000.0,NSE,OPTIDX,1458225000,1455235200,1458225000,1455235200,0,0,0,0,0,,0,0,1457887036,,,,,,,,,,FO,,,,,,,1458172800.0,1458225000.0,,,,5.0,Cash,,1,1,1801.0,65,0.0,2005.0,5.0,1,1,1,0,0,1,0,1000000000000.0,1,0,1801
57644,XX,nse_fo,OPTIDX,NIFTY,NIFTY2631722100CE,CE,NIFTY17MAR2622100.00CE,,26000,,,,,,5,65,1458225000,-1,2,2210000.0,NSE,OPTIDX,1458225000,1455235200,1458225000,1455235200,0,0,0,0,0,,0,0,1457888468,,,,,,,,,,FO,,,,,,,1458172800.0,1458225000.0,,,,111310.0,Cash,,0,1,1801.0,65,1365.0,166235.0,56385.0,1,1,1,0,0,1,0,1000000000000.0,1,0,1801
57670,XX,nse_fo,OPTIDX,NIFTY,NIFTY2631722500PE,PE,NIFTY17MAR2622500.00PE,,26000,,,,,,5,65,1458225000,-1,2,2250000.0,NSE,OPTIDX,1458225000,1455235200,1458225000,1455235200,0,0,0,0,0,,0,0,1457888468,,,,,,,,,,FO,,,,,,,1458172800.0,1458225000.0,,,,6065.0,Cash,,0,1,1801.0,65,5837980.0,8065.0,4065.0,1,1,1,0,0,1,0,1000000000000.0,1,0,1801
58263,XX,nse_fo,OPTIDX,NIFTY,NIFTY2631729700CE,CE,NIFTY17MAR2629700.00CE,,26000,,,,,,5,65,1458225000,-1,2,2970000.0,NSE,OPTIDX,1458225000,1455235200,1458225000,1455235200,0,0,0,0,0,,0,0,1457887036,,,,,,,,,,FO,,,,,,,1458172800.0,1458225000.0,,,,5.0,Cash,,1,1,1801.0,65,0.0,2005.0,5.0,1,1,1,0,0,1,0,1000000000000.0,1,0,1801
49784,XX,nse_fo,OPTIDX,NIFTY,NIFTY2631719000CE,CE,NIFTY17MAR2619000.00CE,,26000,,,,,,5,65,1458225000,-1,2,1900000.0,NSE,OPTIDX,1458225000,1457568000,1458225000,1457568000,0,0,0,0,0,,0,0,1457888468,,,,,,,,,,FO,,,,,,,1458172800.0,1458225000.0,,,,415835.0,Cash,,1,1,1801.0,65,0.0,470765.0,360905.0,1,1,1,0,0,1,0,1000000000000.0,1,0,1801
58248,XX,nse_fo,OPTIDX,NIFTY,NIFTY2631729300PE,PE,NIFTY17MAR2629300.00PE,,26000,,,,,,5,65,1458225000,-1,2,2930000.0,NSE,OPTIDX,1458225000,1455235200,1458225000,1455235200,0,0,0,0,0,,0,0,1457888468,,,,,,,,,,FO,,,,,,,1458172800.0,1458225000.0,,,,612660.0,Cash,,1,1,1801.0,65,0.0,667590.0,557730.0,1,1,1,0,0,1,0,1000000000000.0,1,0,1801
58294,XX,nse_fo,OPTIDX,NIFTY,NIFTY2631730450PE,PE,NIFTY17MAR2630450.00PE,,26000,,,,,,5,65,1458225000,-1,2,3045000.0,NSE,OPTIDX,1458225000,1455235200,1458225000,1455235200,0,0,0,0,0,,0,0,1457888468,,,,,,,,,,FO,,,,,,,1458172800.0,1458225000.0,,,,727575.0,Cash,,1,1,1801.0,65,0.0,782505.0,672645.0,1,1,1,0,0,1,0,1000000000000.0,1,0,1801
57912,XX,nse_fo,OPTIDX,NIFTY,NIFTY2631725500CE,CE,NIFTY17MAR2625500.00CE,,26000,,,,,,5,65,1458225000,-1,2,2550000.0,NSE,OPTIDX,1458225000,1455235200,1458225000,1455235200,0,0,0,0,0,,0,0,1457888468,,,,,,,,,,FO,,,,,,,1458172800.0,1458225000.0,,,,180.0,Cash,,0,1,1801.0,65,7093260.0,2180.0,5.0,1,1,1,0,0,1,0,1000000000000.0,1,0,1801
40492,XX,nse_fo,OPTIDX,NIFTY,NIFTY2631719700CE,CE,NIFTY17MAR2619700.00CE,,26000,,,,,,5,65,1458225000,-1,2,1970000.0,NSE,OPTIDX,1458225000,1457049600,1458225000,1457049600,0,0,0,0,0,,0,0,1457888468,,,,,,,,,,FO,,,,,,,1458172800.0,1458225000.0,,,,345860.0,Cash,,1,1,1801.0,65,0.0,400790.0,290930.0,1,1,1,0,0,1,0,1000000000000.0,1,0,1801
43728,XX,nse_fo,OPTIDX,NIFTY,NIFTY2631719400PE,PE,NIFTY17MAR2619400.00PE,,26000,,,,,,5,65,1458225000,-1,2,1940000.0,NSE,OPTIDX,1458225000,1457136000,1458225000,1457136000,0,0,0,0,0,,0,0,1457887033,,,,,,,,,,FO,,,,,,,1458172800.0,1458225000.0,,,,5.0,Cash,,1,1,1801.0,65,0.0,2005.0,5.0,1,1,1,0,0,1,0,1000000000000.0,1,0,1801
57793,XX,nse_fo,OPTIDX,NIFTY,NIFTY2631723950CE,CE,NIFTY17MAR2623950.00CE,,26000,,,,,,5,65,1458225000,-1,2,2395000.0,NSE,OPTIDX,1458225000,1455235200,1458225000,1455235200,0,0,0,0,0,,0,0,1457888468,,,,,,,,,,FO,,,,,,,1458172800.0,1458225000.0,,,,3080.0,Cash,,0,1,1801.0,65,1529840.0,5080.0,1080.0,1,1,1,0,0,1,0,1000000000000.0,1,0,1801
57742,XX,nse_fo,OPTIDX,NIFTY,NIFTY2631723400PE,PE,NIFTY17MAR2623400.00PE,,26000,,,,,,5,65,1458225000,-1,2,2340000.0,NSE,OPTIDX,1458225000,1455235200,1458225000,1455235200,0,0,0,0,0,,0,0,1457888468,,,,,,,,,,FO,,,,,,,1458172800.0,1458225000.0,,,,38095.0,Cash,,0,1,1801.0,65,1108180.0,83160.0,5.0,1,1,1,0,0,1,0,1000000000000.0,1,0,1801
49783,XX,nse_fo,OPTIDX,NIFTY,NIFTY2631718950PE,PE,NIFTY17MAR2618950.00PE,,26000,,,,,,5,65,1458225000,-1,2,1895000.0,NSE,OPTIDX,1458225000,1457568000,1458225000,1457568000,0,0,0,0,0,,0,0,1457887035,,,,,,,,,,FO,,,,,,,1458172800.0,1458225000.0,,,,5.0,Cash,,1,1,1801.0,65,0.0,2005.0,5.0,1,1,1,0,0,1,0,1000000000000.0,1,0,1801
58150,XX,nse_fo,OPTIDX,NIFTY,NIFTY2631727400PE,PE,NIFTY17MAR2627400.00PE,,26000,,,,,,5,65,1458225000,-1,2,2740000.0,NSE,OPTIDX,1458225000,1455235200,1458225000,1455235200,0,0,0,0,0,,0,0,1457888468,,,,,,,,,,FO,,,,,,,1458172800.0,1458225000.0,,,,423850.0,Cash,,0,1,1801.0,65,0.0,478780.0,368920.0,1,1,1,0,0,1,0,1000000000000.0,1,0,1801
58139,XX,nse_fo,OPTIDX,NIFTY,NIFTY2631727250PE,PE,NIFTY17MAR2627250.00PE,,26000,,,,,,5,65,1458225000,-1,2,2725000.0,NSE,OPTIDX,1458225000,1455235200,1458225000,1455235200,0,0,0,0,0,,0,0,1457888468,,,,,,,,,,FO,,,,,,,1458172800.0,1458225000.0,,,,408855.0,Cash,,0,1,1801.0,65,0.0,463785.0,353925.0,1,1,1,0,0,1,0,1000000000000.0,1,0,1801
57544,XX,nse_fo,OPTIDX,NIFTY,NIFTY2631720900PE,PE,NIFTY17MAR2620900.00PE,,26000,,,,,,5,65,1458225000,-1,2,2090000.0,NSE,OPTIDX,1458225000,1455235200,1458225000,1455235200,0,0,0,0,0,,0,0,1457887036,,,,,,,,,,FO,,,,,,,1458172800.0,1458225000.0,,,,5.0,Cash,,1,1,1801.0,65,0.0,2005.0,5.0,1,1,1,0,0,1,0,1000000000000.0,1,0,1801
57930,XX,nse_fo,OPTIDX,NIFTY,NIFTY2631725800PE,PE,NIFTY17MAR2625800.00PE,,26000,,,,,,5,65,1458225000,-1,2,2580000.0,NSE,OPTIDX,1458225000,1455235200,1458225000,1455235200,0,0,0,0,0,,0,0,1457888468,,,,,,,,,,FO,,,,,,,1458172800.0,1458225000.0,,,,264360.0,Cash,,0,1,1801.0,65,55510.0,319290.0,209430.0,1,1,1,0,0,1,0,1000000000000.0,1,0,1801
57898,XX,nse_fo,OPTIDX,NIFTY,NIFTY2631725250PE,PE,NIFTY17MAR2625250.00PE,,26000,,,,,,5,65,1458225000,-1,2,2525000.0,NSE,OPTIDX,1458225000,1455235200,1458225000,1455235200,0,0,0,0,0,,0,0,1457888468,,,,,,,,,,FO,,,,,,,1458172800.0,1458225000.0,,,,210655.0,Cash,,0,1,1801.0,65,19695.0,265585.0,155725.0,1,1,1,0,0,1,0,1000000000000.0,1,0,1801
58062,XX,nse_fo,OPTIDX,NIFTY,NIFTY2631726850CE,CE,NIFTY17MAR2626850.00CE,,26000,,,,,,5,65,1458225000,-1,2,2685000.0,NSE,OPTIDX,1458225000,1455235200,1458225000,1455235200,0,0,0,0,0,,0,0,1457888468,,,,,,,,,,FO,,,,,,,1458172800.0,1458225000.0,,,,75.0,Cash,,0,1,1801.0,65,206440.0,2075.0,5.0,1,1,1,0,0,1,0,1000000000000.0,1,0,1801
58269,XX,nse_fo,OPTIDX,NIFTY,NIFTY2631729850CE,CE,NIFTY17MAR2629850.00CE,,26000,,,,,,5,65,1458225000,-1,2,2985000.0,NSE,OPTIDX,1458225000,1455235200,1458225000,1455235200,0,0,0,0,0,,0,0,1457887036,,,,,,,,,,FO,,,,,,,1458172800.0,1458225000.0,,,,5.0,Cash,,1,1,1801.0,65,0.0,2005.0,5.0,1,1,1,0,0,1,0,1000000000000.0,1,0,1801
43713,XX,nse_fo,OPTIDX,NIFTY,NIFTY2631718650CE,CE,NIFTY17MAR2618650.00CE,,26000,,,,,,5,65,1458225000,-1,2,1865000.0,NSE,OPTIDX,1458225000,1457740800,1458225000,1457740800,0,0,0,0,0,,0,0,1457888468,,,,,,,,,,FO,,,,,,,1458172800.0,1458225000.0,,,,450820.0,Cash,,1,1,1801.0,65,0.0,505750.0,395890.0,1,1,1,0,0,1,0,1000000000000.0,1,0,1801
38369,XX,nse_fo,OPTIDX,NIFTY,NIFTY2631719950PE,PE,NIFTY17MAR2619950.00PE,,26000,,,,,,5,65,1458225000,-1,2,1995000.0,NSE,OPTIDX,1458225000,1456876800,1458225000,1456876800,0,0,0,0,0,,0,0,1457887032,,,,,,,,,,FO,,,,,,,1458172800.0,1458225000.0,,,,5.0,Cash,,1,1,1801.0,65,0.0,2005.0,5.0,1,1,1,0,0,1,0,1000000000000.0,1,0,1801
58210,XX,nse_fo,OPTIDX,NIFTY,NIFTY2631728450CE,CE,NIFTY17MAR2628450.00CE,,26000,,,,,,5,65,1458225000,-1,2,2845000.0,NSE,OPTIDX,1458225000,1455235200,1458225000,1455235200,0,0,0,0,0,,0,0,1457887036,,,,,,,,,,FO,,,,,,,1458172800.0,1458225000.0,,,,5.0,Cash,,1,1,1801.0,65,0.0,2005.0,5.0,1,1,1,0,0,1,0,1000000000000.0,1,0,1801
58312,XX,nse_fo,OPTIDX,NIFTY,NIFTY2631730900PE,PE,NIFTY17MAR2630900.00PE,,26000,,,,,,5,65,1458225000,-1,2,3090000.0,NSE,OPTIDX,1458225000,1455235200,1458225000,1455235200,0,0,0,0,0,,0,0,1457888468,,,,,,,,,,FO,,,,,,,1458172800.0,1458225000.0,,,,772540.0,Cash,,1,1,1801.0,65,0.0,827470.0,717610.0,1,1,1,0,0,1,0,1000000000000.0,1,0,1801
57885,XX,nse_fo,OPTIDX,NIFTY,NIFTY2631725000PE,PE,NIFTY17MAR2625000.00PE,,26000,,,,,,5,65,1458225000,-1,2,2500000.0,NSE,OPTIDX,1458225000,1455235200,1458225000,1455235200,0,0,0,0,0,,0,0,1457888468,,,,,,,,,,FO,,,,,,,1458172800.0,1458225000.0,,,,184740.0,Cash,,0,1,1801.0,65,570050.0,239670.0,129810.0,1,1,1,0,0,1,0,1000000000000.0,1,0,1801
57607,XX,nse_fo,OPTIDX,NIFTY,NIFTY2631721650PE,PE,NIFTY17MAR2621650.00PE,,26000,,,,,,5,65,1458225000,-1,2,2165000.0,NSE,OPTIDX,1458225000,1455235200,1458225000,1455235200,0,0,0,0,0,,0,0,1457888468,,,,,,,,,,FO,,,,,,,1458172800.0,1458225000.0,,,,1230.0,Cash,,0,1,1801.0,65,259415.0,3230.0,5.0,1,1,1,0,0,1,0,1000000000000.0,1,0,1801
58249,XX,nse_fo,OPTIDX,NIFTY,NIFTY2631729350CE,CE,NIFTY17MAR2629350.00CE,,26000,,,,,,5,65,1458225000,-1,2,2935000.0,NSE,OPTIDX,1458225000,1455235200,1458225000,1455235200,0,0,0,0,0,,0,0,1457887036,,,,,,,,,,FO,,,,,,,1458172800.0,1458225000.0,,,,5.0,Cash,,1,1,1801.0,65,0.0,2005.0,5.0,1,1,1,0,0,1,0,1000000000000.0,1,0,1801
58295,XX,nse_fo,OPTIDX,NIFTY,NIFTY2631730500CE,CE,NIFTY17MAR2630500.00CE,,26000,,,,,,5,65,1458225000,-1,2,3050000.0,NSE,OPTIDX,1458225000,1455235200,1458225000,1455235200,0,0,0,0,0,,0,0,1457887036,,,,,,,,,,FO,,,,,,,1458172800.0,1458225000.0,,,,5.0,Cash,,1,1,1801.0,65,0.0,2005.0,5.0,1,1,1,0,0,1,0,1000000000000.0,1,0,1801
58316,XX,nse_fo,OPTIDX,NIFTY,NIFTY2631731000PE,PE,NIFTY17MAR2631000.00PE,,26000,,,,,,5,65,1458225000,-1,2,3100000.0,NSE,OPTIDX,1458225000,1455235200,1458225000,1455235200,0,0,0,0,0,,0,0,1457888468,,,,,,,,,,FO,,,,,,,1458172800.0,1458225000.0,,,,782530.0,Cash,,1,1,1801.0,65,0.0,837460.0,727600.0,1,1,1,0,0,1,0,1000000000000.0,1,0,1801
57763,XX,nse_fo,OPTIDX,NIFTY,NIFTY2631723650PE,PE,NIFTY17MAR2623650.00PE,,26000,,,,,,5,65,1458225000,-1,2,2365000.0,NSE,OPTIDX,1458225000,1455235200,1458225000,1455235200,0,0,0,0,0,,0,0,1457888468,,,,,,,,,,FO,,,,,,,1458172800.0,1458225000.0,,,,56085.0,Cash,,0,1,1801.0,65,455845.0,109320.0,2850.0,1,1,1,0,0,1,0,1000000000000.0,1,0,1801
58282,XX,nse_fo,OPTIDX,NIFTY,NIFTY2631730150PE,PE,NIFTY17MAR2630150.00PE,,26000,,,,,,5,65,1458225000,-1,2,3015000.0,NSE,OPTIDX,1458225000,1455235200,1458225000,1455235200,0,0,0,0,0,,0,0,1457888468,,,,,,,,,,FO,,,,,,,1458172800.0,1458225000.0,,,,697595.0,Cash,,1,1,1801.0,65,0.0,752525.0,642665.0,1,1,1,0,0,1,0,1000000000000.0,1,0,1801
57533,XX,nse_fo,OPTIDX,NIFTY,NIFTY2631720700PE,PE,NIFTY17MAR2620700.00PE,,26000,,,,,,5,65,1458225000,-1,2,2070000.0,NSE,OPTIDX,1458225000,1455235200,1458225000,1455235200,0,0,0,0,0,,0,0,1457887036,,,,,,,,,,FO,,,,,,,1458172800.0,1458225000.0,,,,5.0,Cash,,1,1,1801.0,65,0.0,2005.0,5.0,1,1,1,0,0,1,0,1000000000000.0,1,0,1801
58008,XX,nse_fo,OPTIDX,NIFTY,NIFTY2631726450PE,PE,NIFTY17MAR2626450.00PE,,26000,,,,,,5,65,1458225000,-1,2,2645000.0,NSE,OPTIDX,1458225000,1455235200,1458225000,1455235200,0,0,0,0,0,,0,0,1457888468,,,,,,,,,,FO,,,,,,,1458172800.0,1458225000.0,,,,311905.0,Cash,,0,1,1801.0,65,65.0,366835.0,256975.0,1,1,1,0,0,1,0,1000000000000.0,1,0,1801
57897,XX,nse_fo,OPTIDX,NIFTY,NIFTY2631725250CE,CE,NIFTY17MAR2625250.00CE,,26000,,,,,,5,65,1458225000,-1,2,2525000.0,NSE,OPTIDX,1458225000,1455235200,1458225000,1455235200,0,0,0,0,0,,0,0,1457888468,,,,,,,,,,FO,,,,,,,1458172800.0,1458225000.0,,,,225.0,Cash,,0,1,1801.0,65,684060.0,2225.0,5.0,1,1,1,0,0,1,0,1000000000000.0,1,0,1801
58132,XX,nse_fo,OPTIDX,NIFTY,NIFTY2631727150CE,CE,NIFTY17MAR2627150.00CE,,26000,,,,,,5,65,1458225000,-1,2,2715000.0,NSE,OPTIDX,1458225000,1455235200,1458225000,1455235200,0,0,0,0,0,,0,0,1457888468,,,,,,,,,,FO,,,,,,,1458172800.0,1458225000.0,,,,75.0,Cash,,0,1,1801.0,65,38545.0,2075.0,5.0,1,1,1,0,0,1,0,1000000000000.0,1,0,1801
57549,XX,nse_fo,OPTIDX,NIFTY,NIFTY2631721050CE,CE,NIFTY17MAR2621050.00CE,,26000,,,,,,5,65,1458225000,-1,2,2105000.0,NSE,OPTIDX,1458225000,1455235200,1458225000,1455235200,0,0,0,0,0,,0,0,1457888468,,,,,,,,,,FO,,,,,,,1458172800.0,1458225000.0,,,,210915.0,Cash,,0,1,1801.0,65,0.0,265840.0,155990.0,1,1,1,0,0,1,0,1000000000000.0,1,0,1801
58140,XX,nse_fo,OPTIDX,NIFTY,NIFTY2631727300CE,CE,NIFTY17MAR2627300.00CE,,26000,,,,,,5,65,1458225000,-1,2,2730000.0,NSE,OPTIDX,1458225000,1455235200,1458225000,1455235200,0,0,0,0,0,,0,0,1457888468,,,,,,,,,,FO,,,,,,,1458172800.0,1458225000.0,,,,75.0,Cash,,0,1,1801.0,65,116220.0,2075.0,5.0,1,1,1,0,0,1,0,1000000000000.0,1,0,1801
57687,XX,nse_fo,OPTIDX,NIFTY,NIFTY2631722850PE,PE,NIFTY17MAR2622850.00PE,,26000,,,,,,5,65,1458225000,-1,2,2285000.0,NSE,OPTIDX,1458225000,1455235200,1458225000,1455235200,0,0,0,0,0,,0,0,1457888468,,,,,,,,,,FO,,,,,,,1458172800.0,1458225000.0,,,,13270.0,Cash,,0,1,1801.0,65,917215.0,19485.0,7055.0,1,1,1,0,0,1,0,1000000000000.0,1,0,1801
57657,XX,nse_fo,OPTIDX,NIFTY,NIFTY2631722200PE,PE,NIFTY17MAR2622200.00PE,,26000,,,,,,5,65,1458225000,-1,2,2220000.0,NSE,OPTIDX,1458225000,1455235200,1458225000,1455235200,0,0,0,0,0,,0,0,1457888468,,,,,,,,,,FO,,,,,,,1458172800.0,1458225000.0,,,,3180.0,Cash,,0,1,1801.0,65,2346760.0,5180.0,1180.0,1,1,1,0,0,1,0,1000000000000.0,1,0,1801
49780,XX,nse_fo,OPTIDX,NIFTY,NIFTY2631718900CE,CE,NIFTY17MAR2618900.00CE,,26000,,,,,,5,65,1458225000,-1,2,1890000.0,NSE,OPTIDX,1458225000,1457568000,1458225000,1457568000,0,0,0,0,0,,0,0,1457888468,,,,,,,,,,FO,,,,,,,1458172800.0,1458225000.0,,,,425830.0,Cash,,1,1,1801.0,65,0.0,480760.0,370900.0,1,1,1,0,0,1,0,1000000000000.0,1,0,1801
58320,XX,nse_fo,OPTIDX,NIFTY,NIFTY2631731100PE,PE,NIFTY17MAR2631100.00PE,,26000,,,,,,5,65,1458225000,-1,2,3110000.0,NSE,OPTIDX,1458225000,1455235200,1458225000,1455235200,0,0,0,0,0,,0,0,1457888468,,,,,,,,,,FO,,,,,,,1458172800.0,1458225000.0,,,,792525.0,Cash,,1,1,1801.0,65,0.0,847455.0,737595.0,1,1,1,0,0,1,0,1000000000000.0,1,0,1801
57806,XX,nse_fo,OPTIDX,NIFTY,NIFTY2631724200CE,CE,NIFTY17MAR2624200.00CE,,26000,,,,,,5,65,1458225000,-1,2,2420000.0,NSE,OPTIDX,1458225000,1455235200,1458225000,1455235200,0,0,0,0,0,,0,0,1457888468,,,,,,,,,,FO,,,,,,,1458172800.0,1458225000.0,,,,1675.0,Cash,,0,1,1801.0,65,6177860.0,3675.0,5.0,1,1,1,0,0,1,0,1000000000000.0,1,0,1801
49790,XX,nse_fo,OPTIDX,NIFTY,NIFTY2631719150CE,CE,NIFTY17MAR2619150.00CE,,26000,,,,,,5,65,1458225000,-1,2,1915000.0,NSE,OPTIDX,1458225000,1457568000,1458225000,1457568000,0,0,0,0,0,,0,0,1457888468,,,,,,,,,,FO,,,,,,,1458172800.0,1458225000.0,,,,400840.0,Cash,,1,1,1801.0,65,0.0,455770.0,345910.0,1,1,1,0,0,1,0,1000000000000.0,1,0,1801
57816,XX,nse_fo,OPTIDX,NIFTY,NIFTY2631724250PE,PE,NIFTY17MAR2624250.00PE,,26000,,,,,,5,65,1458225000,-1,2,2425000.0,NSE,OPTIDX,1458225000,1455235200,1458225000,1455235200,0,0,0,0,0,,0,0,1457888468,,,,,,,,,,FO,,,,,,,1458172800.0,1458225000.0,,,,110895.0,Cash,,0,1,1801.0,65,343720.0,165825.0,55965.0,1,1,1,0,0,1,0,1000000000000.0,1,0,1801
58179,XX,nse_fo,OPTIDX,NIFTY,NIFTY2631727800PE,PE,NIFTY17MAR2627800.00PE,,26000,,,,,,5,65,1458225000,-1,2,2780000.0,NSE,OPTIDX,1458225000,1455235200,1458225000,1455235200,0,0,0,0,0,,0,0,1457888468,,,,,,,,,,FO,,,,,,,1458172800.0,1458225000.0,,,,463835.0,Cash,,1,1,1801.0,65,0.0,518765.0,408905.0,1,1,1,0,0,1,0,1000000000000.0,1,0,1801
57876,XX,nse_fo,OPTIDX,NIFTY,NIFTY2631724800PE,PE,NIFTY17MAR2624800.00PE,,26000,,,,,,5,65,1458225000,-1,2,2480000.0,NSE,OPTIDX,1458225000,1455235200,1458225000,1455235200,0,0,0,0,0,,0,0,1457888468,,,,,,,,,,FO,,,,,,,1458172800.0,1458225000.0,,,,165170.0,Cash,,0,1,1801.0,65,246415.0,220100.0,110240.0,1,1,1,0,0,1,0,1000000000000.0,1,0,1801
58285,XX,nse_fo,OPTIDX,NIFTY,NIFTY2631730250CE,CE,NIFTY17MAR2630250.00CE,,26000,,,,,,5,65,1458225000,-1,2,3025000.0,NSE,OPTIDX,1458225000,1455235200,1458225000,1455235200,0,0,0,0,0,,0,0,1457887036,,,,,,,,,,FO,,,,,,,1458172800.0,1458225000.0,,,,5.0,Cash,,1,1,1801.0,65,0.0,2005.0,5.0,1,1,1,0,0,1,0,1000000000000.0,1,0,1801
57710,XX,nse_fo,OPTIDX,NIFTY,NIFTY2631723200CE,CE,NIFTY17MAR2623200.00CE,,26000,,,,,,5,65,1458225000,-1,2,2320000.0,NSE,OPTIDX,1458225000,1455235200,1458225000,1455235200,0,0,0,0,0,,0,0,1457888468,,,,,,,,,,FO,,,,,,,1458172800.0,1458225000.0,,,,22200.0,Cash,,0,1,1801.0,65,2653430.0,46410.0,5.0,1,1,1,0,0,1,0,1000000000000.0,1,0,1801
58010,XX,nse_fo,OPTIDX,NIFTY,NIFTY2631726500PE,PE,NIFTY17MAR2626500.00PE,,26000,,,,,,5,65,1458225000,-1,2,2650000.0,NSE,OPTIDX,1458225000,1455235200,1458225000,1455235200,0,0,0,0,0,,0,0,1457888468,,,,,,,,,,FO,,,,,,,1458172800.0,1458225000.0,,,,332675.0,Cash,,0,1,1801.0,65,71045.0,387605.0,277745.0,1,1,1,0,0,1,0,1000000000000.0,1,0,1801
58265,XX,nse_fo,OPTIDX,NIFTY,NIFTY2631729750CE,CE,NIFTY17MAR2629750.00CE,,26000,,,,,,5,65,1458225000,-1,2,2975000.0,NSE,OPTIDX,1458225000,1455235200,1458225000,1455235200,0,0,0,0,0,,0,0,1457887036,,,,,,,,,,FO,,,,,,,1458172800.0,1458225000.0,,,,5.0,Cash,,1,1,1801.0,65,0.0,2005.0,5.0,1,1,1,0,0,1,0,1000000000000.0,1,0,1801
57595,XX,nse_fo,OPTIDX,NIFTY,NIFTY2631721550PE,PE,NIFTY17MAR2621550.00PE,,26000,,,,,,5,65,1458225000,-1,2,2155000.0,NSE,OPTIDX,1458225000,1455235200,1458225000,1455235200,0,0,0,0,0,,0,0,1457888468,,,,,,,,,,FO,,,,,,,1458172800.0,1458225000.0,,,,1070.0,Cash,,0,1,1801.0,65,405860.0,3070.0,5.0,1,1,1,0,0,1,0,1000000000000.0,1,0,1801
57931,XX,nse_fo,OPTIDX,NIFTY,NIFTY2631725850CE,CE,NIFTY17MAR2625850.00CE,,26000,,,,,,5,65,1458225000,-1,2,2585000.0,NSE,OPTIDX,1458225000,1455235200,1458225000,1455235200,0,0,0,0,0,,0,0,1457887036,,,,,,,,,,FO,,,,,,,1458172800.0,1458225000.0,,,,140.0,Cash,,0,1,1801.0,65,336310.0,2140.0,5.0,1,1,1,0,0,1,0,1000000000000.0,1,0,1801
59191,XX,nse_fo,OPTIDX,NIFTY,NIFTY2631720600PE,PE,NIFTY17MAR2620600.00PE,,26000,,,,,,5,65,1458225000,-1,2,2060000.0,NSE,OPTIDX,1458225000,1455408000,1458225000,1455408000,0,0,0,0,0,,0,0,1457887036,,,,,,,,,,FO,,,,,,,1458172800.0,1458225000.0,,,,5.0,Cash,,1,1,1801.0,65,0.0,2005.0,5.0,1,1,1,0,0,1,0,1000000000000.0,1,0,1801
57924,XX,nse_fo,OPTIDX,NIFTY,NIFTY2631725750PE,PE,NIFTY17MAR2625750.00PE,,26000,,,,,,5,65,1458225000,-1,2,2575000.0,NSE,OPTIDX,1458225000,1455235200,1458225000,1455235200,0,0,0,0,0,,0,0,1457888468,,,,,,,,,,FO,,,,,,,1458172800.0,1458225000.0,,,,258155.0,Cash,,0,1,1801.0,65,5330.0,313085.0,203225.0,1,1,1,0,0,1,0,1000000000000.0,1,0,1801
57997,XX,nse_fo,OPTIDX,NIFTY,NIFTY2631726200CE,CE,NIFTY17MAR2626200.00CE,,26000,,,,,,5,65,1458225000,-1,2,2620000.0,NSE,OPTIDX,1458225000,1455235200,1458225000,1455235200,0,0,0,0,0,,0,0,1457888468,,,,,,,,,,FO,,,,,,,1458172800.0,1458225000.0,,,,115.0,Cash,,0,1,1801.0,65,759395.0,2115.0,5.0,1,1,1,0,0,1,0,1000000000000.0,1,0,1801
57628,XX,nse_fo,OPTIDX,NIFTY,NIFTY2631721950CE,CE,NIFTY17MAR2621950.00CE,,26000,,,,,,5,65,1458225000,-1,2,2195000.0,NSE,OPTIDX,1458225000,1455235200,1458225000,1455235200,0,0,0,0,0,,0,0,1457888468,,,,,,,,,,FO,,,,,,,1458172800.0,1458225000.0,,,,120950.0,Cash,,0,1,1801.0,65,0.0,175875.0,66025.0,1,1,1,0,0,1,0,1000000000000.0,1,0,1801
58159,XX,nse_fo,OPTIDX,NIFTY,NIFTY2631727650CE,CE,NIFTY17MAR2627650.00CE,,26000,,,,,,5,65,1458225000,-1,2,2765000.0,NSE,OPTIDX,1458225000,1455235200,1458225000,1455235200,0,0,0,0,0,,0,0,1457888468,,,,,,,,,,FO,,,,,,,1458172800.0,1458225000.0,,,,65.0,Cash,,0,1,1801.0,65,203190.0,2065.0,5.0,1,1,1,0,0,1,0,1000000000000.0,1,0,1801
57632,XX,nse_fo,OPTIDX,NIFTY,NIFTY2631722000CE,CE,NIFTY17MAR2622000.00CE,,26000,,,,,,5,65,1458225000,-1,2,2200000.0,NSE,OPTIDX,1458225000,1455235200,1458225000,1455235200,0,0,0,0,0,,0,0,1457888468,,,,,,,,,,FO,,,,,,,1458172800.0,1458225000.0,,,,117670.0,Cash,,0,1,1801.0,65,50505.0,172595.0,62745.0,1,1,1,0,0,1,0,1000000000000.0,1,0,1801
58149,XX,nse_fo,OPTIDX,NIFTY,NIFTY2631727400CE,CE,NIFTY17MAR2627400.00CE,,26000,,,,,,5,65,1458225000,-1,2,2740000.0,NSE,OPTIDX,1458225000,1455235200,1458225000,1455235200,0,0,0,0,0,,0,0,1457888468,,,,,,,,,,FO,,,,,,,1458172800.0,1458225000.0,,,,65.0,Cash,,0,1,1801.0,65,210795.0,2065.0,5.0,1,1,1,0,0,1,0,1000000000000.0,1,0,1801
58222,XX,nse_fo,OPTIDX,NIFTY,NIFTY2631728650PE,PE,NIFTY17MAR2628650.00PE,,26000,,,,,,5,65,1458225000,-1,2,2865000.0,NSE,OPTIDX,1458225000,1455235200,1458225000,1455235200,0,0,0,0,0,,0,0,1457888468,,,,,,,,,,FO,,,,,,,1458172800.0,1458225000.0,,,,547710.0,Cash,,1,1,1801.0,65,0.0,602640.0,492780.0,1,1,1,0,0,1,0,1000000000000.0,1,0,1801
57677,XX,nse_fo,OPTIDX,NIFTY,NIFTY2631722650CE,CE,NIFTY17MAR2622650.00CE,,26000,,,,,,5,65,1458225000,-1,2,2265000.0,NSE,OPTIDX,1458225000,1455235200,1458225000,1455235200,0,0,0,0,0,,0,0,1457888468,,,,,,,,,,FO,,,,,,,1458172800.0,1458225000.0,,,,59280.0,Cash,,0,1,1801.0,65,19955.0,112955.0,5605.0,1,1,1,0,0,1,0,1000000000000.0,1,0,1801
58099,XX,nse_fo,OPTIDX,NIFTY,NIFTY2631726900CE,CE,NIFTY17MAR2626900.00CE,,26000,,,,,,5,65,1458225000,-1,2,2690000.0,NSE,OPTIDX,1458225000,1455235200,1458225000,1455235200,0,0,0,0,0,,0,0,1457888468,,,,,,,,,,FO,,,,,,,1458172800.0,1458225000.0,,,,75.0,Cash,,0,1,1801.0,65,193505.0,2075.0,5.0,1,1,1,0,0,1,0,1000000000000.0,1,0,1801
40500,XX,nse_fo,OPTIDX,NIFTY,NIFTY2631719800CE,CE,NIFTY17MAR2619800.00CE,,26000,,,,,,5,65,1458225000,-1,2,1980000.0,NSE,OPTIDX,1458225000,1457049600,1458225000,1457049600,0,0,0,0,0,,0,0,1457888468,,,,,,,,,,FO,,,,,,,1458172800.0,1458225000.0,,,,335865.0,Cash,,1,1,1801.0,65,0.0,390795.0,280935.0,1,1,1,0,0,1,0,1000000000000.0,1,0,1801
57664,XX,nse_fo,OPTIDX,NIFTY,NIFTY2631722350PE,PE,NIFTY17MAR2622350.00PE,,26000,,,,,,5,65,1458225000,-1,2,2235000.0,NSE,OPTIDX,1458225000,1455235200,1458225000,1455235200,0,0,0,0,0,,0,0,1457888468,,,,,,,,,,FO,,,,,,,1458172800.0,1458225000.0,,,,4385.0,Cash,,0,1,1801.0,65,664170.0,6385.0,2385.0,1,1,1,0,0,1,0,1000000000000.0,1,0,1801
57802,XX,nse_fo,OPTIDX,NIFTY,NIFTY2631724150PE,PE,NIFTY17MAR2624150.00PE,,26000,,,,,,5,65,1458225000,-1,2,2415000.0,NSE,OPTIDX,1458225000,1455235200,1458225000,1455235200,0,0,0,0,0,,0,0,1457888468,,,,,,,,,,FO,,,,,,,1458172800.0,1458225000.0,,,,101120.0,Cash,,0,1,1801.0,65,360035.0,156050.0,46190.0,1,1,1,0,0,1,0,1000000000000.0,1,0,1801
57589,XX,nse_fo,OPTIDX,NIFTY,NIFTY2631721400PE,PE,NIFTY17MAR2621400.00PE,,26000,,,,,,5,65,1458225000,-1,2,2140000.0,NSE,OPTIDX,1458225000,1455235200,1458225000,1455235200,0,0,0,0,0,,0,0,1457888468,,,,,,,,,,FO,,,,,,,1458172800.0,1458225000.0,,,,890.0,Cash,,0,1,1801.0,65,278850.0,2890.0,5.0,1,1,1,0,0,1,0,1000000000000.0,1,0,1801
57884,XX,nse_fo,OPTIDX,NIFTY,NIFTY2631725000CE,CE,NIFTY17MAR2625000.00CE,,26000,,,,,,5,65,1458225000,-1,2,2500000.0,NSE,OPTIDX,1458225000,1455235200,1458225000,1455235200,0,0,0,0,0,,0,0,1457888468,,,,,,,,,,FO,,,,,,,1458172800.0,1458225000.0,,,,355.0,Cash,,0,1,1801.0,65,12986500.0,2355.0,5.0,1,1,1,0,0,1,0,1000000000000.0,1,0,1801
49777,XX,nse_fo,OPTIDX,NIFTY,NIFTY2631718800PE,PE,NIFTY17MAR2618800.00PE,,26000,,,,,,5,65,1458225000,-1,2,1880000.0,NSE,OPTIDX,1458225000,1457568000,1458225000,1457568000,0,0,0,0,0,,0,0,1457887035,,,,,,,,,,FO,,,,,,,1458172800.0,1458225000.0,,,,5.0,Cash,,1,1,1801.0,65,0.0,2005.0,5.0,1,1,1,0,0,1,0,1000000000000.0,1,0,1801
58306,XX,nse_fo,OPTIDX,NIFTY,NIFTY2631730750PE,PE,NIFTY17MAR2630750.00PE,,26000,,,,,,5,65,1458225000,-1,2,3075000.0,NSE,OPTIDX,1458225000,1455235200,1458225000,1455235200,0,0,0,0,0,,0,0,1457888468,,,,,,,,,,FO,,,,,,,1458172800.0,1458225000.0,,,,757550.0,Cash,,1,1,1801.0,65,0.0,812480.0,702620.0,1,1,1,0,0,1,0,1000000000000.0,1,0,1801
57580,XX,nse_fo,OPTIDX,NIFTY,NIFTY2631721250CE,CE,NIFTY17MAR2621250.00CE,,26000,,,,,,5,65,1458225000,-1,2,2125000.0,NSE,OPTIDX,1458225000,1455235200,1458225000,1455235200,0,0,0,0,0,,0,0,1457888468,,,,,,,,,,FO,,,,,,,1458172800.0,1458225000.0,,,,190920.0,Cash,,0,1,1801.0,65,0.0,245845.0,135995.0,1,1,1,0,0,1,0,1000000000000.0,1,0,1801
57724,XX,nse_fo,OPTIDX,NIFTY,NIFTY2631723300PE,PE,NIFTY17MAR2623300.00PE,,26000,,,,,,5,65,1458225000,-1,2,2330000.0,NSE,OPTIDX,1458225000,1455235200,1458225000,1455235200,0,0,0,0,0,,0,0,1457888468,,,,,,,,,,FO,,,,,,,1458172800.0,1458225000.0,,,,32030.0,Cash,,0,1,1801.0,65,1524510.0,70660.0,5.0,1,1,1,0,0,1,0,1000000000000.0,1,0,1801
58188,XX,nse_fo,OPTIDX,NIFTY,NIFTY2631728000PE,PE,NIFTY17MAR2628000.00PE,,26000,,,,,,5,65,1458225000,-1,2,2800000.0,NSE,OPTIDX,1458225000,1455235200,1458225000,1455235200,0,0,0,0,0,,0,0,1457888468,,,,,,,,,,FO,,,,,,,1458172800.0,1458225000.0,,,,483825.0,Cash,,1,1,1801.0,65,0.0,538755.0,428895.0,1,1,1,0,0,1,0,1000000000000.0,1,0,1801
59192,XX,nse_fo,OPTIDX,NIFTY,NIFTY2631720650CE,CE,NIFTY17MAR2620650.00CE,,26000,,,,,,5,65,1458225000,-1,2,2065000.0,NSE,OPTIDX,1458225000,1455408000,1458225000,1455408000,0,0,0,0,0,,0,0,1457888468,,,,,,,,,,FO,,,,,,,1458172800.0,1458225000.0,,,,250900.0,Cash,,1,1,1801.0,65,0.0,305830.0,195970.0,1,1,1,0,0,1,0,1000000000000.0,1,0,1801
57583,XX,nse_fo,OPTIDX,NIFTY,NIFTY2631721300PE,PE,NIFTY17MAR2621300.00PE,,26000,,,,,,5,65,1458225000,-1,2,2130000.0,NSE,OPTIDX,1458225000,1455235200,1458225000,1455235200,0,0,0,0,0,,0,0,1457888468,,,,,,,,,,FO,,,,,,,1458172800.0,1458225000.0,,,,800.0,Cash,,0,1,1801.0,65,174655.0,2800.0,5.0,1,1,1,0,0,1,0,1000000000000.0,1,0,1801
59387,XX,nse_fo,OPTIDX,NIFTY,NIFTY2631718000CE,CE,NIFTY17MAR2618000.00CE,,26000,,,,,,5,65,1458225000,-1,2,1800000.0,NSE,OPTIDX,1458225000,1458086400,1458225000,1458086400,0,0,0,0,0,,0,0,1457888468,,,,,,,,,,FO,,,,,,,1458172800.0,1458225000.0,,,,515795.0,Cash,,1,1,1801.0,65,0.0,570725.0,460865.0,1,1,1,0,0,1,0,1000000000000.0,1,0,1801
57882,XX,nse_fo,OPTIDX,NIFTY,NIFTY2631724950CE,CE,NIFTY17MAR2624950.00CE,,26000,,,,,,5,65,1458225000,-1,2,2495000.0,NSE,OPTIDX,1458225000,1455235200,1458225000,1455235200,0,0,0,0,0,,0,0,1457888468,,,,,,,,,,FO,,,,,,,1458172800.0,1458225000.0,,,,380.0,Cash,,0,1,1801.0,65,1011340.0,2380.0,5.0,1,1,1,0,0,1,0,1000000000000.0,1,0,1801
58200,XX,nse_fo,OPTIDX,NIFTY,NIFTY2631728200PE,PE,NIFTY17MAR2628200.00PE,,26000,,,,,,5,65,1458225000,-1,2,2820000.0,NSE,OPTIDX,1458225000,1455235200,1458225000,1455235200,0,0,0,0,0,,0,0,1457888468,,,,,,,,,,FO,,,,,,,1458172800.0,1458225000.0,,,,503820.0,Cash,,1,1,1801.0,65,0.0,558750.0,448890.0,1,1,1,0,0,1,0,1000000000000.0,1,0,1801
57929,XX,nse_fo,OPTIDX,NIFTY,NIFTY2631725800CE,CE,NIFTY17MAR2625800.00CE,,26000,,,,,,5,65,1458225000,-1,2,2580000.0,NSE,OPTIDX,1458225000,1455235200,1458225000,1455235200,0,0,0,0,0,,0,0,1457888468,,,,,,,,,,FO,,,,,,,1458172800.0,1458225000.0,,,,145.0,Cash,,0,1,1801.0,65,1751490.0,2145.0,5.0,1,1,1,0,0,1,0,1000000000000.0,1,0,1801
57899,XX,nse_fo,OPTIDX,NIFTY,NIFTY2631725300CE,CE,NIFTY17MAR2625300.00CE,,26000,,,,,,5,65,1458225000,-1,2,2530000.0,NSE,OPTIDX,1458225000,1455235200,1458225000,1455235200,0,0,0,0,0,,0,0,1457888468,,,,,,,,,,FO,,,,,,,1458172800.0,1458225000.0,,,,205.0,Cash,,0,1,1801.0,65,3193780.0,2205.0,5.0,1,1,1,0,0,1,0,1000000000000.0,1,0,1801
57919,XX,nse_fo,OPTIDX,NIFTY,NIFTY2631725650PE,PE,NIFTY17MAR2625650.00PE,,26000,,,,,,5,65,1458225000,-1,2,2565000.0,NSE,OPTIDX,1458225000,1455235200,1458225000,1455235200,0,0,0,0,0,,0,0,1457888468,,,,,,,,,,FO,,,,,,,1458172800.0,1458225000.0,,,,247745.0,Cash,,0,1,1801.0,65,7345.0,302675.0,192815.0,1,1,1,0,0,1,0,1000000000000.0,1,0,1801
57546,XX,nse_fo,OPTIDX,NIFTY,NIFTY2631720950PE,PE,NIFTY17MAR2620950.00PE,,26000,,,,,,5,65,1458225000,-1,2,2095000.0,NSE,OPTIDX,1458225000,1455235200,1458225000,1455235200,0,0,0,0,0,,0,0,1457888468,,,,,,,,,,FO,,,,,,,1458172800.0,1458225000.0,,,,630.0,Cash,,0,1,1801.0,65,1383980.0,2630.0,5.0,1,1,1,0,0,1,0,1000000000000.0,1,0,1801
60553,XX,nse_fo,OPTIDX,NIFTY,NIFTY2631720300PE,PE,NIFTY17MAR2620300.00PE,,26000,,,,,,5,65,1458225000,-1,2,2030000.0,NSE,OPTIDX,1458225000,1455667200,1458225000,1455667200,0,0,0,0,0,,0,0,1457887037,,,,,,,,,,FO,,,,,,,1458172800.0,1458225000.0,,,,5.0,Cash,,1,1,1801.0,65,0.0,2005.0,5.0,1,1,1,0,0,1,0,1000000000000.0,1,0,1801
57671,XX,nse_fo,OPTIDX,NIFTY,NIFTY2631722550CE,CE,NIFTY17MAR2622550.00CE,,26000,,,,,,5,65,1458225000,-1,2,2255000.0,NSE,OPTIDX,1458225000,1455235200,1458225000,1455235200,0,0,0,0,0,,0,0,1457888468,,,,,,,,,,FO,,,,,,,1458172800.0,1458225000.0,,,,66510.0,Cash,,0,1,1801.0,65,7410.0,120980.0,12040.0,1,1,1,0,0,1,0,1000000000000.0,1,0,1801
58204,XX,nse_fo,OPTIDX,NIFTY,NIFTY2631728300PE,PE,NIFTY17MAR2628300.00PE,,26000,,,,,,5,65,1458225000,-1,2,2830000.0,NSE,OPTIDX,1458225000,1455235200,1458225000,1455235200,0,0,0,0,0,,0,0,1457888468,,,,,,,,,,FO,,,,,,,1458172800.0,1458225000.0,,,,513815.0,Cash,,1,1,1801.0,65,0.0,568745.0,458885.0,1,1,1,0,0,1,0,1000000000000.0,1,0,1801
58247,XX,nse_fo,OPTIDX,NIFTY,NIFTY2631729300CE,CE,NIFTY17MAR2629300.00CE,,26000,,,,,,5,65,1458225000,-1,2,2930000.0,NSE,OPTIDX,1458225000,1455235200,1458225000,1455235200,0,0,0,0,0,,0,0,1457887036,,,,,,,,,,FO,,,,,,,1458172800.0,1458225000.0,,,,5.0,Cash,,1,1,1801.0,65,0.0,2005.0,5.0,1,1,1,0,0,1,0,1000000000000.0,1,0,1801
59397,XX,nse_fo,OPTIDX,NIFTY,NIFTY2631718250CE,CE,NIFTY17MAR2618250.00CE,,26000,,,,,,5,65,1458225000,-1,2,1825000.0,NSE,OPTIDX,1458225000,1458086400,1458225000,1458086400,0,0,0,0,0,,0,0,1457888468,,,,,,,,,,FO,,,,,,,1458172800.0,1458225000.0,,,,490805.0,Cash,,1,1,1801.0,65,0.0,545735.0,435875.0,1,1,1,0,0,1,0,1000000000000.0,1,0,1801
49776,XX,nse_fo,OPTIDX,NIFTY,NIFTY2631718800CE,CE,NIFTY17MAR2618800.00CE,,26000,,,,,,5,65,1458225000,-1,2,1880000.0,NSE,OPTIDX,1458225000,1457568000,1458225000,1457568000,0,0,0,0,0,,0,0,1457888468,,,,,,,,,,FO,,,,,,,1458172800.0,1458225000.0,,,,435830.0,Cash,,1,1,1801.0,65,0.0,490760.0,380900.0,1,1,1,0,0,1,0,1000000000000.0,1,0,1801
57877,XX,nse_fo,OPTIDX,NIFTY,NIFTY2631724850CE,CE,NIFTY17MAR2624850.00CE,,26000,,,,,,5,65,1458225000,-1,2,2485000.0,NSE,OPTIDX,1458225000,1455235200,1458225000,1455235200,0,0,0,0,0,,0,0,1457888468,,,,,,,,,,FO,,,,,,,1458172800.0,1458225000.0,,,,470.0,Cash,,0,1,1801.0,65,1312160.0,2470.0,5.0,1,1,1,0,0,1,0,1000000000000.0,1,0,1801
57814,XX,nse_fo,OPTIDX,NIFTY,NIFTY2631724250CE,CE,NIFTY17MAR2624250.00CE,,26000,,,,,,5,65,1458225000,-1,2,2425000.0,NSE,OPTIDX,1458225000,1455235200,1458225000,1455235200,0,0,0,0,0,,0,0,1457888468,,,,,,,,,,FO,,,,,,,1458172800.0,1458225000.0,,,,1515.0,Cash,,0,1,1801.0,65,2838940.0,3515.0,5.0,1,1,1,0,0,1,0,1000000000000.0,1,0,1801
57623,XX,nse_fo,OPTIDX,NIFTY,NIFTY2631721800PE,PE,NIFTY17MAR2621800.00PE,,26000,,,,,,5,65,1458225000,-1,2,2180000.0,NSE,OPTIDX,1458225000,1455235200,1458225000,1455235200,0,0,0,0,0,,0,0,1457888468,,,,,,,,,,FO,,,,,,,1458172800.0,1458225000.0,,,,1550.0,Cash,,0,1,1801.0,65,1178640.0,3550.0,5.0,1,1,1,0,0,1,0,1000000000000.0,1,0,1801
58151,XX,nse_fo,OPTIDX,NIFTY,NIFTY2631727450CE,CE,NIFTY17MAR2627450.00CE,,26000,,,,,,5,65,1458225000,-1,2,2745000.0,NSE,OPTIDX,1458225000,1455235200,1458225000,1455235200,0,0,0,0,0,,0,0,1457888468,,,,,,,,,,FO,,,,,,,1458172800.0,1458225000.0,,,,70.0,Cash,,0,1,1801.0,65,84695.0,2070.0,5.0,1,1,1,0,0,1,0,1000000000000.0,1,0,1801
57970,XX,nse_fo,OPTIDX,NIFTY,NIFTY2631726000PE,PE,NIFTY17MAR2626000.00PE,,26000,,,,,,5,65,1458225000,-1,2,2600000.0,NSE,OPTIDX,1458225000,1455235200,1458225000,1455235200,0,0,0,0,0,,0,0,1457888468,,,,,,,,,,FO,,,,,,,1458172800.0,1458225000.0,,,,283645.0,Cash,,0,1,1801.0,65,237055.0,338575.0,228715.0,1,1,1,0,0,1,0,1000000000000.0,1,0,1801
58234,XX,nse_fo,OPTIDX,NIFTY,NIFTY2631728950PE,PE,NIFTY17MAR2628950.00PE,,26000,,,,,,5,65,1458225000,-1,2,2895000.0,NSE,OPTIDX,1458225000,1455235200,1458225000,1455235200,0,0,0,0,0,,0,0,1457888468,,,,,,,,,,FO,,,,,,,1458172800.0,1458225000.0,,,,577690.0,Cash,,1,1,1801.0,65,0.0,632620.0,522760.0,1,1,1,0,0,1,0,1000000000000.0,1,0,1801
58047,XX,nse_fo,OPTIDX,NIFTY,NIFTY2631726800CE,CE,NIFTY17MAR2626800.00CE,,26000,,,,,,5,65,1458225000,-1,2,2680000.0,NSE,OPTIDX,1458225000,1455235200,1458225000,1455235200,0,0,0,0,0,,0,0,1457888468,,,,,,,,,,FO,,,,,,,1458172800.0,1458225000.0,,,,80.0,Cash,,0,1,1801.0,65,274885.0,2080.0,5.0,1,1,1,0,0,1,0,1000000000000.0,1,0,1801
57661,XX,nse_fo,OPTIDX,NIFTY,NIFTY2631722300CE,CE,NIFTY17MAR2622300.00CE,,26000,,,,,,5,65,1458225000,-1,2,2230000.0,NSE,OPTIDX,1458225000,1455235200,1458225000,1455235200,0,0,0,0,0,,0,0,1457888468,,,,,,,,,,FO,,,,,,,1458172800.0,1458225000.0,,,,88770.0,Cash,,0,1,1801.0,65,2730.0,143680.0,33860.0,1,1,1,0,0,1,0,1000000000000.0,1,0,1801
57792,XX,nse_fo,OPTIDX,NIFTY,NIFTY2631723900PE,PE,NIFTY17MAR2623900.00PE,,26000,,,,,,5,65,1458225000,-1,2,2390000.0,NSE,OPTIDX,1458225000,1455235200,1458225000,1455235200,0,0,0,0,0,,0,0,1457888468,,,,,,,,,,FO,,,,,,,1458172800.0,1458225000.0,,,,77730.0,Cash,,0,1,1801.0,65,504010.0,132530.0,22930.0,1,1,1,0,0,1,0,1000000000000.0,1,0,1801
58305,XX,nse_fo,OPTIDX,NIFTY,NIFTY2631730750CE,CE,NIFTY17MAR2630750.00CE,,26000,,,,,,5,65,1458225000,-1,2,3075000.0,NSE,OPTIDX,1458225000,1455235200,1458225000,1455235200,0,0,0,0,0,,0,0,1457887036,,,,,,,,,,FO,,,,,,,1458172800.0,1458225000.0,,,,5.0,Cash,,1,1,1801.0,65,0.0,2005.0,5.0,1,1,1,0,0,1,0,1000000000000.0,1,0,1801
57962,XX,nse_fo,OPTIDX,NIFTY,NIFTY2631725950PE,PE,NIFTY17MAR2625950.00PE,,26000,,,,,,5,65,1458225000,-1,2,2595000.0,NSE,OPTIDX,1458225000,1455235200,1458225000,1455235200,0,0,0,0,0,,0,0,1457888468,,,,,,,,,,FO,,,,,,,1458172800.0,1458225000.0,,,,252165.0,Cash,,0,1,1801.0,65,2535.0,307095.0,197235.0,1,1,1,0,0,1,0,1000000000000.0,1,0,1801
58270,XX,nse_fo,OPTIDX,NIFTY,NIFTY2631729850PE,PE,NIFTY17MAR2629850.00PE,,26000,,,,,,5,65,1458225000,-1,2,2985000.0,NSE,OPTIDX,1458225000,1455235200,1458225000,1455235200,0,0,0,0,0,,0,0,1457888468,,,,,,,,,,FO,,,,,,,1458172800.0,1458225000.0,,,,667620.0,Cash,,1,1,1801.0,65,0.0,722550.0,612690.0,1,1,1,0,0,1,0,1000000000000.0,1,0,1801
58303,XX,nse_fo,OPTIDX,NIFTY,NIFTY2631730700CE,CE,NIFTY17MAR2630700.00CE,,26000,,,,,,5,65,1458225000,-1,2,3070000.0,NSE,OPTIDX,1458225000,1455235200,1458225000,1455235200,0,0,0,0,0,,0,0,1457887036,,,,,,,,,,FO,,,,,,,1458172800.0,1458225000.0,,,,5.0,Cash,,1,1,1801.0,65,0.0,2005.0,5.0,1,1,1,0,0,1,0,1000000000000.0,1,0,1801
57826,XX,nse_fo,OPTIDX,NIFTY,NIFTY2631724350CE,CE,NIFTY17MAR2624350.00CE,,26000,,,,,,5,65,1458225000,-1,2,2435000.0,NSE,OPTIDX,1458225000,1455235200,1458225000,1455235200,0,0,0,0,0,,0,0,1457888468,,,,,,,,,,FO,,,,,,,1458172800.0,1458225000.0,,,,1230.0,Cash,,0,1,1801.0,65,1786200.0,3230.0,5.0,1,1,1,0,0,1,0,1000000000000.0,1,0,1801
57866,XX,nse_fo,OPTIDX,NIFTY,NIFTY2631724550PE,PE,NIFTY17MAR2624550.00PE,,26000,,,,,,5,65,1458225000,-1,2,2455000.0,NSE,OPTIDX,1458225000,1455235200,1458225000,1455235200,0,0,0,0,0,,0,0,1457888468,,,,,,,,,,FO,,,,,,,1458172800.0,1458225000.0,,,,140010.0,Cash,,0,1,1801.0,65,86255.0,194940.0,85080.0,1,1,1,0,0,1,0,1000000000000.0,1,0,1801
58134,XX,nse_fo,OPTIDX,NIFTY,NIFTY2631727200CE,CE,NIFTY17MAR2627200.00CE,,26000,,,,,,5,65,1458225000,-1,2,2720000.0,NSE,OPTIDX,1458225000,1455235200,1458225000,1455235200,0,0,0,0,0,,0,0,1457888468,,,,,,,,,,FO,,,,,,,1458172800.0,1458225000.0,,,,70.0,Cash,,0,1,1801.0,65,122980.0,2070.0,5.0,1,1,1,0,0,1,0,1000000000000.0,1,0,1801
59184,XX,nse_fo,OPTIDX,NIFTY,NIFTY2631720550CE,CE,NIFTY17MAR2620550.00CE,,26000,,,,,,5,65,1458225000,-1,2,2055000.0,NSE,OPTIDX,1458225000,1455408000,1458225000,1455408000,0,0,0,0,0,,0,0,1457888468,,,,,,,,,,FO,,,,,,,1458172800.0,1458225000.0,,,,260895.0,Cash,,1,1,1801.0,65,0.0,315825.0,205965.0,1,1,1,0,0,1,0,1000000000000.0,1,0,1801
57833,XX,nse_fo,OPTIDX,NIFTY,NIFTY2631724400PE,PE,NIFTY17MAR2624400.00PE,,26000,,,,,,5,65,1458225000,-1,2,2440000.0,NSE,OPTIDX,1458225000,1455235200,1458225000,1455235200,0,0,0,0,0,,0,0,1457888468,,,,,,,,,,FO,,,,,,,1458172800.0,1458225000.0,,,,125425.0,Cash,,0,1,1801.0,65,332215.0,180355.0,70495.0,1,1,1,0,0,1,0,1000000000000.0,1,0,1801
43723,XX,nse_fo,OPTIDX,NIFTY,NIFTY2631719350CE,CE,NIFTY17MAR2619350.00CE,,26000,,,,,,5,65,1458225000,-1,2,1935000.0,NSE,OPTIDX,1458225000,1457136000,1458225000,1457136000,0,0,0,0,0,,0,0,1457888468,,,,,,,,,,FO,,,,,,,1458172800.0,1458225000.0,,,,380850.0,Cash,,1,1,1801.0,65,0.0,435780.0,325920.0,1,1,1,0,0,1,0,1000000000000.0,1,0,1801
49787,XX,nse_fo,OPTIDX,NIFTY,NIFTY2631719050PE,PE,NIFTY17MAR2619050.00PE,,26000,,,,,,5,65,1458225000,-1,2,1905000.0,NSE,OPTIDX,1458225000,1457568000,1458225000,1457568000,0,0,0,0,0,,0,0,1457887035,,,,,,,,,,FO,,,,,,,1458172800.0,1458225000.0,,,,5.0,Cash,,1,1,1801.0,65,0.0,2005.0,5.0,1,1,1,0,0,1,0,1000000000000.0,1,0,1801
58288,XX,nse_fo,OPTIDX,NIFTY,NIFTY2631730300PE,PE,NIFTY17MAR2630300.00PE,,26000,,,,,,5,65,1458225000,-1,2,3030000.0,NSE,OPTIDX,1458225000,1455235200,1458225000,1455235200,0,0,0,0,0,,0,0,1457888468,,,,,,,,,,FO,,,,,,,1458172800.0,1458225000.0,,,,712585.0,Cash,,1,1,1801.0,65,0.0,767515.0,657655.0,1,1,1,0,0,1,0,1000000000000.0,1,0,1801
40505,XX,nse_fo,OPTIDX,NIFTY,NIFTY2631719850PE,PE,NIFTY17MAR2619850.00PE,,26000,,,,,,5,65,1458225000,-1,2,1985000.0,NSE,OPTIDX,1458225000,1457049600,1458225000,1457049600,0,0,0,0,0,,0,0,1457887033,,,,,,,,,,FO,,,,,,,1458172800.0,1458225000.0,,,,5.0,Cash,,1,1,1801.0,65,0.0,2005.0,5.0,1,1,1,0,0,1,0,1000000000000.0,1,0,1801
58229,XX,nse_fo,OPTIDX,NIFTY,NIFTY2631728850CE,CE,NIFTY17MAR2628850.00CE,,26000,,,,,,5,65,1458225000,-1,2,2885000.0,NSE,OPTIDX,1458225000,1455235200,1458225000,1455235200,0,0,0,0,0,,0,0,1457887036,,,,,,,,,,FO,,,,,,,1458172800.0,1458225000.0,,,,5.0,Cash,,1,1,1801.0,65,0.0,2005.0,5.0,1,1,1,0,0,1,0,1000000000000.0,1,0,1801
57916,XX,nse_fo,OPTIDX,NIFTY,NIFTY2631725600CE,CE,NIFTY17MAR2625600.00CE,,26000,,,,,,5,65,1458225000,-1,2,2560000.0,NSE,OPTIDX,1458225000,1455235200,1458225000,1455235200,0,0,0,0,0,,0,0,1457888468,,,,,,,,,,FO,,,,,,,1458172800.0,1458225000.0,,,,165.0,Cash,,0,1,1801.0,65,1430910.0,2165.0,5.0,1,1,1,0,0,1,0,1000000000000.0,1,0,1801
57582,XX,nse_fo,OPTIDX,NIFTY,NIFTY2631721300CE,CE,NIFTY17MAR2621300.00CE,,26000,,,,,,5,65,1458225000,-1,2,2130000.0,NSE,OPTIDX,1458225000,1455235200,1458225000,1455235200,0,0,0,0,0,,0,0,1457888468,,,,,,,,,,FO,,,,,,,1458172800.0,1458225000.0,,,,185925.0,Cash,,0,1,1801.0,65,0.0,240850.0,131000.0,1,1,1,0,0,1,0,1000000000000.0,1,0,1801
58061,XX,nse_fo,OPTIDX,NIFTY,NIFTY2631726800PE,PE,NIFTY17MAR2626800.00PE,,26000,,,,,,5,65,1458225000,-1,2,2680000.0,NSE,OPTIDX,1458225000,1455235200,1458225000,1455235200,0,0,0,0,0,,0,0,1457888468,,,,,,,,,,FO,,,,,,,1458172800.0,1458225000.0,,,,363870.0,Cash,,0,1,1801.0,65,0.0,418800.0,308940.0,1,1,1,0,0,1,0,1000000000000.0,1,0,1801
58157,XX,nse_fo,OPTIDX,NIFTY,NIFTY2631727600CE,CE,NIFTY17MAR2627600.00CE,,26000,,,,,,5,65,1458225000,-1,2,2760000.0,NSE,OPTIDX,1458225000,1455235200,1458225000,1455235200,0,0,0,0,0,,0,0,1457888468,,,,,,,,,,FO,,,,,,,1458172800.0,1458225000.0,,,,65.0,Cash,,0,1,1801.0,65,256425.0,2065.0,5.0,1,1,1,0,0,1,0,1000000000000.0,1,0,1801
57902,XX,nse_fo,OPTIDX,NIFTY,NIFTY2631725300PE,PE,NIFTY17MAR2625300.00PE,,26000,,,,,,5,65,1458225000,-1,2,2530000.0,NSE,OPTIDX,1458225000,1455235200,1458225000,1455235200,0,0,0,0,0,,0,0,1457888468,,,,,,,,,,FO,,,,,,,1458172800.0,1458225000.0,,,,214760.0,Cash,,0,1,1801.0,65,148590.0,269690.0,159830.0,1,1,1,0,0,1,0,1000000000000.0,1,0,1801
57585,XX,nse_fo,OPTIDX,NIFTY,NIFTY2631721350PE,PE,NIFTY17MAR2621350.00PE,,26000,,,,,,5,65,1458225000,-1,2,2135000.0,NSE,OPTIDX,1458225000,1455235200,1458225000,1455235200,0,0,0,0,0,,0,0,1457888468,,,,,,,,,,FO,,,,,,,1458172800.0,1458225000.0,,,,835.0,Cash,,0,1,1801.0,65,80080.0,2835.0,5.0,1,1,1,0,0,1,0,1000000000000.0,1,0,1801
58147,XX,nse_fo,OPTIDX,NIFTY,NIFTY2631727350PE,PE,NIFTY17MAR2627350.00PE,,26000,,,,,,5,65,1458225000,-1,2,2735000.0,NSE,OPTIDX,1458225000,1455235200,1458225000,1455235200,0,0,0,0,0,,0,0,1457888468,,,,,,,,,,FO,,,,,,,1458172800.0,1458225000.0,,,,418850.0,Cash,,0,1,1801.0,65,0.0,473780.0,363920.0,1,1,1,0,0,1,0,1000000000000.0,1,0,1801
58292,XX,nse_fo,OPTIDX,NIFTY,NIFTY2631730400PE,PE,NIFTY17MAR2630400.00PE,,26000,,,,,,5,65,1458225000,-1,2,3040000.0,NSE,OPTIDX,1458225000,1455235200,1458225000,1455235200,0,0,0,0,0,,0,0,1457888468,,,,,,,,,,FO,,,,,,,1458172800.0,1458225000.0,,,,722575.0,Cash,,1,1,1801.0,65,0.0,777505.0,667645.0,1,1,1,0,0,1,0,1000000000000.0,1,0,1801
57678,XX,nse_fo,OPTIDX,NIFTY,NIFTY2631722650PE,PE,NIFTY17MAR2622650.00PE,,26000,,,,,,5,65,1458225000,-1,2,2265000.0,NSE,OPTIDX,1458225000,1455235200,1458225000,1455235200,0,0,0,0,0,,0,0,1457888468,,,,,,,,,,FO,,,,,,,1458172800.0,1458225000.0,,,,8540.0,Cash,,0,1,1801.0,65,834860.0,10540.0,6540.0,1,1,1,0,0,1,0,1000000000000.0,1,0,1801
40498,XX,nse_fo,OPTIDX,NIFTY,NIFTY2631719750CE,CE,NIFTY17MAR2619750.00CE,,26000,,,,,,5,65,1458225000,-1,2,1975000.0,NSE,OPTIDX,1458225000,1457049600,1458225000,1457049600,0,0,0,0,0,,0,0,1457888468,,,,,,,,,,FO,,,,,,,1458172800.0,1458225000.0,,,,340865.0,Cash,,1,1,1801.0,65,0.0,395795.0,285935.0,1,1,1,0,0,1,0,1000000000000.0,1,0,1801
57695,XX,nse_fo,OPTIDX,NIFTY,NIFTY2631723000CE,CE,NIFTY17MAR2623000.00CE,,26000,,,,,,5,65,1458225000,-1,2,2300000.0,NSE,OPTIDX,1458225000,1455235200,1458225000,1455235200,0,0,0,0,0,,0,0,1457888468,,,,,,,,,,FO,,,,,,,1458172800.0,1458225000.0,,,,33410.0,Cash,,0,1,1801.0,65,1167400.0,73730.0,5.0,1,1,1,0,0,1,0,1000000000000.0,1,0,1801
56832,XX,nse_fo,OPTIDX,NIFTY,NIFTY2631718450PE,PE,NIFTY17MAR2618450.00PE,,26000,,,,,,5,65,1458225000,-1,2,1845000.0,NSE,OPTIDX,1458225000,1457827200,1458225000,1457827200,0,0,0,0,0,,0,0,1457887036,,,,,,,,,,FO,,,,,,,1458172800.0,1458225000.0,,,,5.0,Cash,,1,1,1801.0,65,0.0,2005.0,5.0,1,1,1,0,0,1,0,1000000000000.0,1,0,1801
58253,XX,nse_fo,OPTIDX,NIFTY,NIFTY2631729450CE,CE,NIFTY17MAR2629450.00CE,,26000,,,,,,5,65,1458225000,-1,2,2945000.0,NSE,OPTIDX,1458225000,1455235200,1458225000,1455235200,0,0,0,0,0,,0,0,1457887036,,,,,,,,,,FO,,,,,,,1458172800.0,1458225000.0,,,,5.0,Cash,,1,1,1801.0,65,0.0,2005.0,5.0,1,1,1,0,0,1,0,1000000000000.0,1,0,1801
57800,XX,nse_fo,OPTIDX,NIFTY,NIFTY2631724100PE,PE,NIFTY17MAR2624100.00PE,,26000,,,,,,5,65,1458225000,-1,2,2410000.0,NSE,OPTIDX,1458225000,1455235200,1458225000,1455235200,0,0,0,0,0,,0,0,1457888468,,,,,,,,,,FO,,,,,,,1458172800.0,1458225000.0,,,,96270.0,Cash,,0,1,1801.0,65,312845.0,151195.0,41345.0,1,1,1,0,0,1,0,1000000000000.0,1,0,1801
57745,XX,nse_fo,OPTIDX,NIFTY,NIFTY2631723500CE,CE,NIFTY17MAR2623500.00CE,,26000,,,,,,5,65,1458225000,-1,2,2350000.0,NSE,OPTIDX,1458225000,1455235200,1458225000,1455235200,0,0,0,0,0,,0,0,1457888468,,,,,,,,,,FO,,,,,,,1458172800.0,1458225000.0,,,,10355.0,Cash,,0,1,1801.0,65,4852840.0,15685.0,5025.0,1,1,1,0,0,1,0,1000000000000.0,1,0,1801
59186,XX,nse_fo,OPTIDX,NIFTY,NIFTY2631720600CE,CE,NIFTY17MAR2620600.00CE,,26000,,,,,,5,65,1458225000,-1,2,2060000.0,NSE,OPTIDX,1458225000,1455408000,1458225000,1455408000,0,0,0,0,0,,0,0,1457888468,,,,,,,,,,FO,,,,,,,1458172800.0,1458225000.0,,,,255895.0,Cash,,1,1,1801.0,65,0.0,310825.0,200965.0,1,1,1,0,0,1,0,1000000000000.0,1,0,1801
58116,XX,nse_fo,OPTIDX,NIFTY,NIFTY2631727000PE,PE,NIFTY17MAR2627000.00PE,,26000,,,,,,5,65,1458225000,-1,2,2700000.0,NSE,OPTIDX,1458225000,1455235200,1458225000,1455235200,0,0,0,0,0,,0,0,1457888468,,,,,,,,,,FO,,,,,,,1458172800.0,1458225000.0,,,,384160.0,Cash,,0,1,1801.0,65,31980.0,439090.0,329230.0,1,1,1,0,0,1,0,1000000000000.0,1,0,1801
60574,XX,nse_fo,OPTIDX,NIFTY,NIFTY2631720450CE,CE,NIFTY17MAR2620450.00CE,,26000,,,,,,5,65,1458225000,-1,2,2045000.0,NSE,OPTIDX,1458225000,1455667200,1458225000,1455667200,0,0,0,0,0,,0,0,1457888468,,,,,,,,,,FO,,,,,,,1458172800.0,1458225000.0,,,,270890.0,Cash,,1,1,1801.0,65,0.0,325820.0,215960.0,1,1,1,0,0,1,0,1000000000000.0,1,0,1801
58278,XX,nse_fo,OPTIDX,NIFTY,NIFTY2631730050PE,PE,NIFTY17MAR2630050.00PE,,26000,,,,,,5,65,1458225000,-1,2,3005000.0,NSE,OPTIDX,1458225000,1455235200,1458225000,1455235200,0,0,0,0,0,,0,0,1457888468,,,,,,,,,,FO,,,,,,,1458172800.0,1458225000.0,,,,687605.0,Cash,,1,1,1801.0,65,0.0,742535.0,632675.0,1,1,1,0,0,1,0,1000000000000.0,1,0,1801
57880,XX,nse_fo,OPTIDX,NIFTY,NIFTY2631724900CE,CE,NIFTY17MAR2624900.00CE,,26000,,,,,,5,65,1458225000,-1,2,2490000.0,NSE,OPTIDX,1458225000,1455235200,1458225000,1455235200,0,0,0,0,0,,0,0,1457888468,,,,,,,,,,FO,,,,,,,1458172800.0,1458225000.0,,,,410.0,Cash,,0,1,1801.0,65,2838030.0,2410.0,5.0,1,1,1,0,0,1,0,1000000000000.0,1,0,1801
58046,XX,nse_fo,OPTIDX,NIFTY,NIFTY2631726750PE,PE,NIFTY17MAR2626750.00PE,,26000,,,,,,5,65,1458225000,-1,2,2675000.0,NSE,OPTIDX,1458225000,1455235200,1458225000,1455235200,0,0,0,0,0,,0,0,1457888468,,,,,,,,,,FO,,,,,,,1458172800.0,1458225000.0,,,,358875.0,Cash,,0,1,1801.0,65,0.0,413805.0,303945.0,1,1,1,0,0,1,0,1000000000000.0,1,0,1801
57694,XX,nse_fo,OPTIDX,NIFTY,NIFTY2631722950PE,PE,NIFTY17MAR2622950.00PE,,26000,,,,,,5,65,1458225000,-1,2,2295000.0,NSE,OPTIDX,1458225000,1455235200,1458225000,1455235200,0,0,0,0,0,,0,0,1457888468,,,,,,,,,,FO,,,,,,,1458172800.0,1458225000.0,,,,16405.0,Cash,,0,1,1801.0,65,944320.0,27735.0,5075.0,1,1,1,0,0,1,0,1000000000000.0,1,0,1801
58325,XX,nse_fo,OPTIDX,NIFTY,NIFTY2631731200PE,PE,NIFTY17MAR2631200.00PE,,26000,,,,,,5,65,1458225000,-1,2,3120000.0,NSE,OPTIDX,1458225000,1455235200,1458225000,1455235200,0,0,0,0,0,,0,0,1457888468,,,,,,,,,,FO,,,,,,,1458172800.0,1458225000.0,,,,802515.0,Cash,,1,1,1801.0,65,0.0,857445.0,747585.0,1,1,1,0,0,1,0,1000000000000.0,1,0,1801
57548,XX,nse_fo,OPTIDX,NIFTY,NIFTY2631721000PE,PE,NIFTY17MAR2621000.00PE,,26000,,,,,,5,65,1458225000,-1,2,2100000.0,NSE,OPTIDX,1458225000,1455235200,1458225000,1455235200,0,0,0,0,0,,0,0,1457888468,,,,,,,,,,FO,,,,,,,1458172800.0,1458225000.0,,,,625.0,Cash,,0,1,1801.0,65,2584860.0,2625.0,5.0,1,1,1,0,0,1,0,1000000000000.0,1,0,1801
58284,XX,nse_fo,OPTIDX,NIFTY,NIFTY2631730200PE,PE,NIFTY17MAR2630200.00PE,,26000,,,,,,5,65,1458225000,-1,2,3020000.0,NSE,OPTIDX,1458225000,1455235200,1458225000,1455235200,0,0,0,0,0,,0,0,1457888468,,,,,,,,,,FO,,,,,,,1458172800.0,1458225000.0,,,,702595.0,Cash,,1,1,1801.0,65,0.0,757525.0,647665.0,1,1,1,0,0,1,0,1000000000000.0,1,0,1801
58001,XX,nse_fo,OPTIDX,NIFTY,NIFTY2631726300CE,CE,NIFTY17MAR2626300.00CE,,26000,,,,,,5,65,1458225000,-1,2,2630000.0,NSE,OPTIDX,1458225000,1455235200,1458225000,1455235200,0,0,0,0,0,,0,0,1457888468,,,,,,,,,,FO,,,,,,,1458172800.0,1458225000.0,,,,105.0,Cash,,0,1,1801.0,65,297180.0,2105.0,5.0,1,1,1,0,0,1,0,1000000000000.0,1,0,1801
59393,XX,nse_fo,OPTIDX,NIFTY,NIFTY2631718150CE,CE,NIFTY17MAR2618150.00CE,,26000,,,,,,5,65,1458225000,-1,2,1815000.0,NSE,OPTIDX,1458225000,1458086400,1458225000,1458086400,0,0,0,0,0,,0,0,1457888468,,,,,,,,,,FO,,,,,,,1458172800.0,1458225000.0,,,,500805.0,Cash,,1,1,1801.0,65,0.0,555735.0,445875.0,1,1,1,0,0,1,0,1000000000000.0,1,0,1801
58317,XX,nse_fo,OPTIDX,NIFTY,NIFTY2631731050CE,CE,NIFTY17MAR2631050.00CE,,26000,,,,,,5,65,1458225000,-1,2,3105000.0,NSE,OPTIDX,1458225000,1455235200,1458225000,1455235200,0,0,0,0,0,,0,0,1457887036,,,,,,,,,,FO,,,,,,,1458172800.0,1458225000.0,,,,5.0,Cash,,1,1,1801.0,65,0.0,2005.0,5.0,1,1,1,0,0,1,0,1000000000000.0,1,0,1801
40489,XX,nse_fo,OPTIDX,NIFTY,NIFTY2631719600PE,PE,NIFTY17MAR2619600.00PE,,26000,,,,,,5,65,1458225000,-1,2,1960000.0,NSE,OPTIDX,1458225000,1457049600,1458225000,1457049600,0,0,0,0,0,,0,0,1457887033,,,,,,,,,,FO,,,,,,,1458172800.0,1458225000.0,,,,5.0,Cash,,1,1,1801.0,65,0.0,2005.0,5.0,1,1,1,0,0,1,0,1000000000000.0,1,0,1801
57711,XX,nse_fo,OPTIDX,NIFTY,NIFTY2631723200PE,PE,NIFTY17MAR2623200.00PE,,26000,,,,,,5,65,1458225000,-1,2,2320000.0,NSE,OPTIDX,1458225000,1455235200,1458225000,1455235200,0,0,0,0,0,,0,0,1457888468,,,,,,,,,,FO,,,,,,,1458172800.0,1458225000.0,,,,26685.0,Cash,,0,1,1801.0,65,2763150.0,57410.0,5.0,1,1,1,0,0,1,0,1000000000000.0,1,0,1801
58273,XX,nse_fo,OPTIDX,NIFTY,NIFTY2631729950CE,CE,NIFTY17MAR2629950.00CE,,26000,,,,,,5,65,1458225000,-1,2,2995000.0,NSE,OPTIDX,1458225000,1455235200,1458225000,1455235200,0,0,0,0,0,,0,0,1457887036,,,,,,,,,,FO,,,,,,,1458172800.0,1458225000.0,,,,5.0,Cash,,1,1,1801.0,65,0.0,2005.0,5.0,1,1,1,0,0,1,0,1000000000000.0,1,0,1801
57539,XX,nse_fo,OPTIDX,NIFTY,NIFTY2631720850CE,CE,NIFTY17MAR2620850.00CE,,26000,,,,,,5,65,1458225000,-1,2,2085000.0,NSE,OPTIDX,1458225000,1455235200,1458225000,1455235200,0,0,0,0,0,,0,0,1457888468,,,,,,,,,,FO,,,,,,,1458172800.0,1458225000.0,,,,230905.0,Cash,,1,1,1801.0,65,0.0,285835.0,175975.0,1,1,1,0,0,1,0,1000000000000.0,1,0,1801
60547,XX,nse_fo,OPTIDX,NIFTY,NIFTY2631720200PE,PE,NIFTY17MAR2620200.00PE,,26000,,,,,,5,65,1458225000,-1,2,2020000.0,NSE,OPTIDX,1458225000,1455667200,1458225000,1455667200,0,0,0,0,0,,0,0,1457887037,,,,,,,,,,FO,,,,,,,1458172800.0,1458225000.0,,,,5.0,Cash,,1,1,1801.0,65,0.0,2005.0,5.0,1,1,1,0,0,1,0,1000000000000.0,1,0,1801
58167,XX,nse_fo,OPTIDX,NIFTY,NIFTY2631727700PE,PE,NIFTY17MAR2627700.00PE,,26000,,,,,,5,65,1458225000,-1,2,2770000.0,NSE,OPTIDX,1458225000,1455235200,1458225000,1455235200,0,0,0,0,0,,0,0,1457888468,,,,,,,,,,FO,,,,,,,1458172800.0,1458225000.0,,,,453835.0,Cash,,0,1,1801.0,65,0.0,508765.0,398905.0,1,1,1,0,0,1,0,1000000000000.0,1,0,1801
58113,XX,nse_fo,OPTIDX,NIFTY,NIFTY2631727000CE,CE,NIFTY17MAR2627000.00CE,,26000,,,,,,5,65,1458225000,-1,2,2700000.0,NSE,OPTIDX,1458225000,1455235200,1458225000,1455235200,0,0,0,0,0,,0,0,1457888468,,,,,,,,,,FO,,,,,,,1458172800.0,1458225000.0,,,,75.0,Cash,,0,1,1801.0,65,2080000.0,2075.0,5.0,1,1,1,0,0,1,0,1000000000000.0,1,0,1801
58296,XX,nse_fo,OPTIDX,NIFTY,NIFTY2631730500PE,PE,NIFTY17MAR2630500.00PE,,26000,,,,,,5,65,1458225000,-1,2,3050000.0,NSE,OPTIDX,1458225000,1455235200,1458225000,1455235200,0,0,0,0,0,,0,0,1457888468,,,,,,,,,,FO,,,,,,,1458172800.0,1458225000.0,,,,732570.0,Cash,,1,1,1801.0,65,0.0,787500.0,677640.0,1,1,1,0,0,1,0,1000000000000.0,1,0,1801
57616,XX,nse_fo,OPTIDX,NIFTY,NIFTY2631721750CE,CE,NIFTY17MAR2621750.00CE,,26000,,,,,,5,65,1458225000,-1,2,2175000.0,NSE,OPTIDX,1458225000,1455235200,1458225000,1455235200,0,0,0,0,0,,0,0,1457888468,,,,,,,,,,FO,,,,,,,1458172800.0,1458225000.0,,,,140940.0,Cash,,0,1,1801.0,65,0.0,195865.0,86015.0,1,1,1,0,0,1,0,1000000000000.0,1,0,1801
57753,XX,nse_fo,OPTIDX,NIFTY,NIFTY2631723600CE,CE,NIFTY17MAR2623600.00CE,,26000,,,,,,5,65,1458225000,-1,2,2360000.0,NSE,OPTIDX,1458225000,1455235200,1458225000,1455235200,0,0,0,0,0,,0,0,1457888468,,,,,,,,,,FO,,,,,,,1458172800.0,1458225000.0,,,,7795.0,Cash,,0,1,1801.0,65,4780940.0,10355.0,5235.0,1,1,1,0,0,1,0,1000000000000.0,1,0,1801
58250,XX,nse_fo,OPTIDX,NIFTY,NIFTY2631729350PE,PE,NIFTY17MAR2629350.00PE,,26000,,,,,,5,65,1458225000,-1,2,2935000.0,NSE,OPTIDX,1458225000,1455235200,1458225000,1455235200,0,0,0,0,0,,0,0,1457888468,,,,,,,,,,FO,,,,,,,1458172800.0,1458225000.0,,,,617655.0,Cash,,1,1,1801.0,65,0.0,672585.0,562725.0,1,1,1,0,0,1,0,1000000000000.0,1,0,1801
57688,XX,nse_fo,OPTIDX,NIFTY,NIFTY2631722900CE,CE,NIFTY17MAR2622900.00CE,,26000,,,,,,5,65,1458225000,-1,2,2290000.0,NSE,OPTIDX,1458225000,1455235200,1458225000,1455235200,0,0,0,0,0,,0,0,1457888468,,,,,,,,,,FO,,,,,,,1458172800.0,1458225000.0,,,,39885.0,Cash,,0,1,1801.0,65,119340.0,86295.0,5.0,1,1,1,0,0,1,0,1000000000000.0,1,0,1801
59395,XX,nse_fo,OPTIDX,NIFTY,NIFTY2631718200CE,CE,NIFTY17MAR2618200.00CE,,26000,,,,,,5,65,1458225000,-1,2,1820000.0,NSE,OPTIDX,1458225000,1458086400,1458225000,1458086400,0,0,0,0,0,,0,0,1457888468,,,,,,,,,,FO,,,,,,,1458172800.0,1458225000.0,,,,495805.0,Cash,,1,1,1801.0,65,0.0,550735.0,440875.0,1,1,1,0,0,1,0,1000000000000.0,1,0,1801
58264,XX,nse_fo,OPTIDX,NIFTY,NIFTY2631729700PE,PE,NIFTY17MAR2629700.00PE,,26000,,,,,,5,65,1458225000,-1,2,2970000.0,NSE,OPTIDX,1458225000,1455235200,1458225000,1455235200,0,0,0,0,0,,0,0,1457888468,,,,,,,,,,FO,,,,,,,1458172800.0,1458225000.0,,,,652630.0,Cash,,1,1,1801.0,65,0.0,707560.0,597700.0,1,1,1,0,0,1,0,1000000000000.0,1,0,1801
57743,XX,nse_fo,OPTIDX,NIFTY,NIFTY2631723450CE,CE,NIFTY17MAR2623450.00CE,,26000,,,,,,5,65,1458225000,-1,2,2345000.0,NSE,OPTIDX,1458225000,1455235200,1458225000,1455235200,0,0,0,0,0,,0,0,1457888468,,,,,,,,,,FO,,,,,,,1458172800.0,1458225000.0,,,,11890.0,Cash,,0,1,1801.0,65,1787240.0,19250.0,4530.0,1,1,1,0,0,1,0,1000000000000.0,1,0,1801
56831,XX,nse_fo,OPTIDX,NIFTY,NIFTY2631718450CE,CE,NIFTY17MAR2618450.00CE,,26000,,,,,,5,65,1458225000,-1,2,1845000.0,NSE,OPTIDX,1458225000,1457827200,1458225000,1457827200,0,0,0,0,0,,0,0,1457888468,,,,,,,,,,FO,,,,,,,1458172800.0,1458225000.0,,,,470815.0,Cash,,1,1,1801.0,65,0.0,525745.0,415885.0,1,1,1,0,0,1,0,1000000000000.0,1,0,1801
58152,XX,nse_fo,OPTIDX,NIFTY,NIFTY2631727450PE,PE,NIFTY17MAR2627450.00PE,,26000,,,,,,5,65,1458225000,-1,2,2745000.0,NSE,OPTIDX,1458225000,1455235200,1458225000,1455235200,0,0,0,0,0,,0,0,1457888468,,,,,,,,,,FO,,,,,,,1458172800.0,1458225000.0,,,,428845.0,Cash,,0,1,1801.0,65,0.0,483775.0,373915.0,1,1,1,0,0,1,0,1000000000000.0,1,0,1801
58203,XX,nse_fo,OPTIDX,NIFTY,NIFTY2631728300CE,CE,NIFTY17MAR2628300.00CE,,26000,,,,,,5,65,1458225000,-1,2,2830000.0,NSE,OPTIDX,1458225000,1455235200,1458225000,1455235200,0,0,0,0,0,,0,0,1457887036,,,,,,,,,,FO,,,,,,,1458172800.0,1458225000.0,,,,5.0,Cash,,1,1,1801.0,65,0.0,2005.0,5.0,1,1,1,0,0,1,0,1000000000000.0,1,0,1801
49789,XX,nse_fo,OPTIDX,NIFTY,NIFTY2631719100PE,PE,NIFTY17MAR2619100.00PE,,26000,,,,,,5,65,1458225000,-1,2,1910000.0,NSE,OPTIDX,1458225000,1457568000,1458225000,1457568000,0,0,0,0,0,,0,0,1457887035,,,,,,,,,,FO,,,,,,,1458172800.0,1458225000.0,,,,5.0,Cash,,1,1,1801.0,65,0.0,2005.0,5.0,1,1,1,0,0,1,0,1000000000000.0,1,0,1801
59400,XX,nse_fo,OPTIDX,NIFTY,NIFTY2631718300PE,PE,NIFTY17MAR2618300.00PE,,26000,,,,,,5,65,1458225000,-1,2,1830000.0,NSE,OPTIDX,1458225000,1458086400,1458225000,1458086400,0,0,0,0,0,,0,0,1457888468,,,,,,,,,,FO,,,,,,,1458172800.0,1458225000.0,,,,5.0,Cash,,1,1,1801.0,65,0.0,2005.0,5.0,1,1,1,0,0,1,0,1000000000000.0,1,0,1801
57662,XX,nse_fo,OPTIDX,NIFTY,NIFTY2631722300PE,PE,NIFTY17MAR2622300.00PE,,26000,,,,,,5,65,1458225000,-1,2,2230000.0,NSE,OPTIDX,1458225000,1455235200,1458225000,1455235200,0,0,0,0,0,,0,0,1457888468,,,,,,,,,,FO,,,,,,,1458172800.0,1458225000.0,,,,3905.0,Cash,,0,1,1801.0,65,2435680.0,5905.0,1905.0,1,1,1,0,0,1,0,1000000000000.0,1,0,1801
43718,XX,nse_fo,OPTIDX,NIFTY,NIFTY2631718750PE,PE,NIFTY17MAR2618750.00PE,,26000,,,,,,5,65,1458225000,-1,2,1875000.0,NSE,OPTIDX,1458225000,1457740800,1458225000,1457740800,0,0,0,0,0,,0,0,1457887033,,,,,,,,,,FO,,,,,,,1458172800.0,1458225000.0,,,,5.0,Cash,,1,1,1801.0,65,0.0,2005.0,5.0,1,1,1,0,0,1,0,1000000000000.0,1,0,1801
49788,XX,nse_fo,OPTIDX,NIFTY,NIFTY2631719100CE,CE,NIFTY17MAR2619100.00CE,,26000,,,,,,5,65,1458225000,-1,2,1910000.0,NSE,OPTIDX,1458225000,1457568000,1458225000,1457568000,0,0,0,0,0,,0,0,1457888468,,,,,,,,,,FO,,,,,,,1458172800.0,1458225000.0,,,,405840.0,Cash,,1,1,1801.0,65,0.0,460770.0,350910.0,1,1,1,0,0,1,0,1000000000000.0,1,0,1801
58185,XX,nse_fo,OPTIDX,NIFTY,NIFTY2631727950PE,PE,NIFTY17MAR2627950.00PE,,26000,,,,,,5,65,1458225000,-1,2,2795000.0,NSE,OPTIDX,1458225000,1455235200,1458225000,1455235200,0,0,0,0,0,,0,0,1457888468,,,,,,,,,,FO,,,,,,,1458172800.0,1458225000.0,,,,478830.0,Cash,,1,1,1801.0,65,0.0,533760.0,423900.0,1,1,1,0,0,1,0,1000000000000.0,1,0,1801
49781,XX,nse_fo,OPTIDX,NIFTY,NIFTY2631718900PE,PE,NIFTY17MAR2618900.00PE,,26000,,,,,,5,65,1458225000,-1,2,1890000.0,NSE,OPTIDX,1458225000,1457568000,1458225000,1457568000,0,0,0,0,0,,0,0,1457887035,,,,,,,,,,FO,,,,,,,1458172800.0,1458225000.0,,,,5.0,Cash,,1,1,1801.0,65,0.0,2005.0,5.0,1,1,1,0,0,1,0,1000000000000.0,1,0,1801
57598,XX,nse_fo,OPTIDX,NIFTY,NIFTY2631721650CE,CE,NIFTY17MAR2621650.00CE,,26000,,,,,,5,65,1458225000,-1,2,2165000.0,NSE,OPTIDX,1458225000,1455235200,1458225000,1455235200,0,0,0,0,0,,0,0,1457888468,,,,,,,,,,FO,,,,,,,1458172800.0,1458225000.0,,,,150935.0,Cash,,0,1,1801.0,65,0.0,205860.0,96010.0,1,1,1,0,0,1,0,1000000000000.0,1,0,1801
58309,XX,nse_fo,OPTIDX,NIFTY,NIFTY2631730850CE,CE,NIFTY17MAR2630850.00CE,,26000,,,,,,5,65,1458225000,-1,2,3085000.0,NSE,OPTIDX,1458225000,1455235200,1458225000,1455235200,0,0,0,0,0,,0,0,1457887036,,,,,,,,,,FO,,,,,,,1458172800.0,1458225000.0,,,,5.0,Cash,,1,1,1801.0,65,0.0,2005.0,5.0,1,1,1,0,0,1,0,1000000000000.0,1,0,1801
57888,XX,nse_fo,OPTIDX,NIFTY,NIFTY2631725100CE,CE,NIFTY17MAR2625100.00CE,,26000,,,,,,5,65,1458225000,-1,2,2510000.0,NSE,OPTIDX,1458225000,1455235200,1458225000,1455235200,0,0,0,0,0,,0,0,1457888468,,,,,,,,,,FO,,,,,,,1458172800.0,1458225000.0,,,,295.0,Cash,,0,1,1801.0,65,2220400.0,2295.0,5.0,1,1,1,0,0,1,0,1000000000000.0,1,0,1801
58301,XX,nse_fo,OPTIDX,NIFTY,NIFTY2631730650CE,CE,NIFTY17MAR2630650.00CE,,26000,,,,,,5,65,1458225000,-1,2,3065000.0,NSE,OPTIDX,1458225000,1455235200,1458225000,1455235200,0,0,0,0,0,,0,0,1457887036,,,,,,,,,,FO,,,,,,,1458172800.0,1458225000.0,,,,5.0,Cash,,1,1,1801.0,65,0.0,2005.0,5.0,1,1,1,0,0,1,0,1000000000000.0,1,0,1801
58254,XX,nse_fo,OPTIDX,NIFTY,NIFTY2631729450PE,PE,NIFTY17MAR2629450.00PE,,26000,,,,,,5,65,1458225000,-1,2,2945000.0,NSE,OPTIDX,1458225000,1455235200,1458225000,1455235200,0,0,0,0,0,,0,0,1457888468,,,,,,,,,,FO,,,,,,,1458172800.0,1458225000.0,,,,627650.0,Cash,,1,1,1801.0,65,0.0,682580.0,572720.0,1,1,1,0,0,1,0,1000000000000.0,1,0,1801
57870,XX,nse_fo,OPTIDX,NIFTY,NIFTY2631724650PE,PE,NIFTY17MAR2624650.00PE,,26000,,,,,,5,65,1458225000,-1,2,2465000.0,NSE,OPTIDX,1458225000,1455235200,1458225000,1455235200,0,0,0,0,0,,0,0,1457888468,,,,,,,,,,FO,,,,,,,1458172800.0,1458225000.0,,,,149575.0,Cash,,0,1,1801.0,65,38545.0,204505.0,94645.0,1,1,1,0,0,1,0,1000000000000.0,1,0,1801
58240,XX,nse_fo,OPTIDX,NIFTY,NIFTY2631729100PE,PE,NIFTY17MAR2629100.00PE,,26000,,,,,,5,65,1458225000,-1,2,2910000.0,NSE,OPTIDX,1458225000,1455235200,1458225000,1455235200,0,0,0,0,0,,0,0,1457888468,,,,,,,,,,FO,,,,,,,1458172800.0,1458225000.0,,,,592675.0,Cash,,1,1,1801.0,65,0.0,647605.0,537745.0,1,1,1,0,0,1,0,1000000000000.0,1,0,1801
58298,XX,nse_fo,OPTIDX,NIFTY,NIFTY2631730550PE,PE,NIFTY17MAR2630550.00PE,,26000,,,,,,5,65,1458225000,-1,2,3055000.0,NSE,OPTIDX,1458225000,1455235200,1458225000,1455235200,0,0,0,0,0,,0,0,1457888468,,,,,,,,,,FO,,,,,,,1458172800.0,1458225000.0,,,,737565.0,Cash,,1,1,1801.0,65,0.0,792495.0,682635.0,1,1,1,0,0,1,0,1000000000000.0,1,0,1801
57631,XX,nse_fo,OPTIDX,NIFTY,NIFTY2631721950PE,PE,NIFTY17MAR2621950.00PE,,26000,,,,,,5,65,1458225000,-1,2,2195000.0,NSE,OPTIDX,1458225000,1455235200,1458225000,1455235200,0,0,0,0,0,,0,0,1457888468,,,,,,,,,,FO,,,,,,,1458172800.0,1458225000.0,,,,1990.0,Cash,,0,1,1801.0,65,327990.0,3990.0,5.0,1,1,1,0,0,1,0,1000000000000.0,1,0,1801
57975,XX,nse_fo,OPTIDX,NIFTY,NIFTY2631726050CE,CE,NIFTY17MAR2626050.00CE,,26000,,,,,,5,65,1458225000,-1,2,2605000.0,NSE,OPTIDX,1458225000,1455235200,1458225000,1455235200,0,0,0,0,0,,0,0,1457888468,,,,,,,,,,FO,,,,,,,1458172800.0,1458225000.0,,,,115.0,Cash,,0,1,1801.0,65,385385.0,2115.0,5.0,1,1,1,0,0,1,0,1000000000000.0,1,0,1801
57704,XX,nse_fo,OPTIDX,NIFTY,NIFTY2631723150CE,CE,NIFTY17MAR2623150.00CE,,26000,,,,,,5,65,1458225000,-1,2,2315000.0,NSE,OPTIDX,1458225000,1455235200,1458225000,1455235200,0,0,0,0,0,,0,0,1457888468,,,,,,,,,,FO,,,,,,,1458172800.0,1458225000.0,,,,24695.0,Cash,,0,1,1801.0,65,1008800.0,53115.0,5.0,1,1,1,0,0,1,0,1000000000000.0,1,0,1801
58297,XX,nse_fo,OPTIDX,NIFTY,NIFTY2631730550CE,CE,NIFTY17MAR2630550.00CE,,26000,,,,,,5,65,1458225000,-1,2,3055000.0,NSE,OPTIDX,1458225000,1455235200,1458225000,1455235200,0,0,0,0,0,,0,0,1457887036,,,,,,,,,,FO,,,,,,,1458172800.0,1458225000.0,,,,5.0,Cash,,1,1,1801.0,65,0.0,2005.0,5.0,1,1,1,0,0,1,0,1000000000000.0,1,0,1801
57918,XX,nse_fo,OPTIDX,NIFTY,NIFTY2631725650CE,CE,NIFTY17MAR2625650.00CE,,26000,,,,,,5,65,1458225000,-1,2,2565000.0,NSE,OPTIDX,1458225000,1455235200,1458225000,1455235200,0,0,0,0,0,,0,0,1457888468,,,,,,,,,,FO,,,,,,,1458172800.0,1458225000.0,,,,165.0,Cash,,0,1,1801.0,65,431340.0,2165.0,5.0,1,1,1,0,0,1,0,1000000000000.0,1,0,1801
58004,XX,nse_fo,OPTIDX,NIFTY,NIFTY2631726350PE,PE,NIFTY17MAR2626350.00PE,,26000,,,,,,5,65,1458225000,-1,2,2635000.0,NSE,OPTIDX,1458225000,1455235200,1458225000,1455235200,0,0,0,0,0,,0,0,1457888468,,,,,,,,,,FO,,,,,,,1458172800.0,1458225000.0,,,,318890.0,Cash,,0,1,1801.0,65,130.0,373820.0,263960.0,1,1,1,0,0,1,0,1000000000000.0,1,0,1801
57665,XX,nse_fo,OPTIDX,NIFTY,NIFTY2631722400CE,CE,NIFTY17MAR2622400.00CE,,26000,,,,,,5,65,1458225000,-1,2,2240000.0,NSE,OPTIDX,1458225000,1455235200,1458225000,1455235200,0,0,0,0,0,,0,0,1457888468,,,,,,,,,,FO,,,,,,,1458172800.0,1458225000.0,,,,79635.0,Cash,,0,1,1801.0,65,10270.0,134490.0,24780.0,1,1,1,0,0,1,0,1000000000000.0,1,0,1801
58196,XX,nse_fo,OPTIDX,NIFTY,NIFTY2631728100PE,PE,NIFTY17MAR2628100.00PE,,26000,,,,,,5,65,1458225000,-1,2,2810000.0,NSE,OPTIDX,1458225000,1455235200,1458225000,1455235200,0,0,0,0,0,,0,0,1457888468,,,,,,,,,,FO,,,,,,,1458172800.0,1458225000.0,,,,493820.0,Cash,,1,1,1801.0,65,0.0,548750.0,438890.0,1,1,1,0,0,1,0,1000000000000.0,1,0,1801
58158,XX,nse_fo,OPTIDX,NIFTY,NIFTY2631727600PE,PE,NIFTY17MAR2627600.00PE,,26000,,,,,,5,65,1458225000,-1,2,2760000.0,NSE,OPTIDX,1458225000,1455235200,1458225000,1455235200,0,0,0,0,0,,0,0,1457888468,,,,,,,,,,FO,,,,,,,1458172800.0,1458225000.0,,,,443840.0,Cash,,0,1,1801.0,65,0.0,498770.0,388910.0,1,1,1,0,0,1,0,1000000000000.0,1,0,1801
58180,XX,nse_fo,OPTIDX,NIFTY,NIFTY2631727850CE,CE,NIFTY17MAR2627850.00CE,,26000,,,,,,5,65,1458225000,-1,2,2785000.0,NSE,OPTIDX,1458225000,1455235200,1458225000,1455235200,0,0,0,0,0,,0,0,1457887036,,,,,,,,,,FO,,,,,,,1458172800.0,1458225000.0,,,,5.0,Cash,,1,1,1801.0,65,0.0,2005.0,5.0,1,1,1,0,0,1,0,1000000000000.0,1,0,1801
57681,XX,nse_fo,OPTIDX,NIFTY,NIFTY2631722750CE,CE,NIFTY17MAR2622750.00CE,,26000,,,,,,5,65,1458225000,-1,2,2275000.0,NSE,OPTIDX,1458225000,1455235200,1458225000,1455235200,0,0,0,0,0,,0,0,1457888468,,,,,,,,,,FO,,,,,,,1458172800.0,1458225000.0,,,,50790.0,Cash,,0,1,1801.0,65,21580.0,102730.0,5.0,1,1,1,0,0,1,0,1000000000000.0,1,0,1801
59385,XX,nse_fo,OPTIDX,NIFTY,NIFTY2631717950CE,CE,NIFTY17MAR2617950.00CE,,26000,,,,,,5,65,1458225000,-1,2,1795000.0,NSE,OPTIDX,1458225000,1458086400,1458225000,1458086400,0,0,0,0,0,,0,0,1457888468,,,,,,,,,,FO,,,,,,,1458172800.0,1458225000.0,,,,520795.0,Cash,,1,1,1801.0,65,0.0,575725.0,465865.0,1,1,1,0,0,1,0,1000000000000.0,1,0,1801
57716,XX,nse_fo,OPTIDX,NIFTY,NIFTY2631723250PE,PE,NIFTY17MAR2623250.00PE,,26000,,,,,,5,65,1458225000,-1,2,2325000.0,NSE,OPTIDX,1458225000,1455235200,1458225000,1455235200,0,0,0,0,0,,0,0,1457888468,,,,,,,,,,FO,,,,,,,1458172800.0,1458225000.0,,,,29220.0,Cash,,0,1,1801.0,65,820170.0,64025.0,5.0,1,1,1,0,0,1,0,1000000000000.0,1,0,1801
58128,XX,nse_fo,OPTIDX,NIFTY,NIFTY2631727050CE,CE,NIFTY17MAR2627050.00CE,,26000,,,,,,5,65,1458225000,-1,2,2705000.0,NSE,OPTIDX,1458225000,1455235200,1458225000,1455235200,0,0,0,0,0,,0,0,1457888468,,,,,,,,,,FO,,,,,,,1458172800.0,1458225000.0,,,,75.0,Cash,,0,1,1801.0,65,56355.0,2075.0,5.0,1,1,1,0,0,1,0,1000000000000.0,1,0,1801
57797,XX,nse_fo,OPTIDX,NIFTY,NIFTY2631724050CE,CE,NIFTY17MAR2624050.00CE,,26000,,,,,,5,65,1458225000,-1,2,2405000.0,NSE,OPTIDX,1458225000,1455235200,1458225000,1455235200,0,0,0,0,0,,0,0,1457888468,,,,,,,,,,FO,,,,,,,1458172800.0,1458225000.0,,,,2355.0,Cash,,0,1,1801.0,65,1994000.0,4355.0,355.0,1,1,1,0,0,1,0,1000000000000.0,1,0,1801
58261,XX,nse_fo,OPTIDX,NIFTY,NIFTY2631729650CE,CE,NIFTY17MAR2629650.00CE,,26000,,,,,,5,65,1458225000,-1,2,2965000.0,NSE,OPTIDX,1458225000,1455235200,1458225000,1455235200,0,0,0,0,0,,0,0,1457887036,,,,,,,,,,FO,,,,,,,1458172800.0,1458225000.0,,,,5.0,Cash,,1,1,1801.0,65,0.0,2005.0,5.0,1,1,1,0,0,1,0,1000000000000.0,1,0,1801
57690,XX,nse_fo,OPTIDX,NIFTY,NIFTY2631722900PE,PE,NIFTY17MAR2622900.00PE,,26000,,,,,,5,65,1458225000,-1,2,2290000.0,NSE,OPTIDX,1458225000,1455235200,1458225000,1455235200,0,0,0,0,0,,0,0,1457888468,,,,,,,,,,FO,,,,,,,1458172800.0,1458225000.0,,,,14760.0,Cash,,0,1,1801.0,65,1887080.0,23280.0,6240.0,1,1,1,0,0,1,0,1000000000000.0,1,0,1801
57663,XX,nse_fo,OPTIDX,NIFTY,NIFTY2631722350CE,CE,NIFTY17MAR2622350.00CE,,26000,,,,,,5,65,1458225000,-1,2,2235000.0,NSE,OPTIDX,1458225000,1455235200,1458225000,1455235200,0,0,0,0,0,,0,0,1457888468,,,,,,,,,,FO,,,,,,,1458172800.0,1458225000.0,,,,83500.0,Cash,,0,1,1801.0,65,975.0,138390.0,28610.0,1,1,1,0,0,1,0,1000000000000.0,1,0,1801
58198,XX,nse_fo,OPTIDX,NIFTY,NIFTY2631728150PE,PE,NIFTY17MAR2628150.00PE,,26000,,,,,,5,65,1458225000,-1,2,2815000.0,NSE,OPTIDX,1458225000,1455235200,1458225000,1455235200,0,0,0,0,0,,0,0,1457888468,,,,,,,,,,FO,,,,,,,1458172800.0,1458225000.0,,,,498820.0,Cash,,1,1,1801.0,65,0.0,553750.0,443890.0,1,1,1,0,0,1,0,1000000000000.0,1,0,1801
57538,XX,nse_fo,OPTIDX,NIFTY,NIFTY2631720800PE,PE,NIFTY17MAR2620800.00PE,,26000,,,,,,5,65,1458225000,-1,2,2080000.0,NSE,OPTIDX,1458225000,1455235200,1458225000,1455235200,0,0,0,0,0,,0,0,1457887036,,,,,,,,,,FO,,,,,,,1458172800.0,1458225000.0,,,,5.0,Cash,,1,1,1801.0,65,0.0,2005.0,5.0,1,1,1,0,0,1,0,1000000000000.0,1,0,1801
57639,XX,nse_fo,OPTIDX,NIFTY,NIFTY2631722000PE,PE,NIFTY17MAR2622000.00PE,,26000,,,,,,5,65,1458225000,-1,2,2200000.0,NSE,OPTIDX,1458225000,1455235200,1458225000,1455235200,0,0,0,0,0,,0,0,1457888468,,,,,,,,,,FO,,,,,,,1458172800.0,1458225000.0,,,,2160.0,Cash,,0,1,1801.0,65,7478580.0,4160.0,160.0,1,1,1,0,0,1,0,1000000000000.0,1,0,1801
60565,XX,nse_fo,OPTIDX,NIFTY,NIFTY2631720350PE,PE,NIFTY17MAR2620350.00PE,,26000,,,,,,5,65,1458225000,-1,2,2035000.0,NSE,OPTIDX,1458225000,1455667200,1458225000,1455667200,0,0,0,0,0,,0,0,1457887037,,,,,,,,,,FO,,,,,,,1458172800.0,1458225000.0,,,,5.0,Cash,,1,1,1801.0,65,0.0,2005.0,5.0,1,1,1,0,0,1,0,1000000000000.0,1,0,1801
57701,XX,nse_fo,OPTIDX,NIFTY,NIFTY2631723050PE,PE,NIFTY17MAR2623050.00PE,,26000,,,,,,5,65,1458225000,-1,2,2305000.0,NSE,OPTIDX,1458225000,1455235200,1458225000,1455235200,0,0,0,0,0,,0,0,1457888468,,,,,,,,,,FO,,,,,,,1458172800.0,1458225000.0,,,,20120.0,Cash,,0,1,1801.0,65,1289470.0,38430.0,1810.0,1,1,1,0,0,1,0,1000000000000.0,1,0,1801
57597,XX,nse_fo,OPTIDX,NIFTY,NIFTY2631721600PE,PE,NIFTY17MAR2621600.00PE,,26000,,,,,,5,65,1458225000,-1,2,2160000.0,NSE,OPTIDX,1458225000,1455235200,1458225000,1455235200,0,0,0,0,0,,0,0,1457888468,,,,,,,,,,FO,,,,,,,1458172800.0,1458225000.0,,,,1145.0,Cash,,0,1,1801.0,65,887055.0,3145.0,5.0,1,1,1,0,0,1,0,1000000000000.0,1,0,1801
57846,XX,nse_fo,OPTIDX,NIFTY,NIFTY2631724450PE,PE,NIFTY17MAR2624450.00PE,,26000,,,,,,5,65,1458225000,-1,2,2445000.0,NSE,OPTIDX,1458225000,1455235200,1458225000,1455235200,0,0,0,0,0,,0,0,1457888468,,,,,,,,,,FO,,,,,,,1458172800.0,1458225000.0,,,,130880.0,Cash,,0,1,1801.0,65,57460.0,185810.0,75950.0,1,1,1,0,0,1,0,1000000000000.0,1,0,1801
58105,XX,nse_fo,OPTIDX,NIFTY,NIFTY2631726950CE,CE,NIFTY17MAR2626950.00CE,,26000,,,,,,5,65,1458225000,-1,2,2695000.0,NSE,OPTIDX,1458225000,1455235200,1458225000,1455235200,0,0,0,0,0,,0,0,1457888468,,,,,,,,,,FO,,,,,,,1458172800.0,1458225000.0,,,,75.0,Cash,,0,1,1801.0,65,92430.0,2075.0,5.0,1,1,1,0,0,1,0,1000000000000.0,1,0,1801
57873,XX,nse_fo,OPTIDX,NIFTY,NIFTY2631724750CE,CE,NIFTY17MAR2624750.00CE,,26000,,,,,,5,65,1458225000,-1,2,2475000.0,NSE,OPTIDX,1458225000,1455235200,1458225000,1455235200,0,0,0,0,0,,0,0,1457888468,,,,,,,,,,FO,,,,,,,1458172800.0,1458225000.0,,,,555.0,Cash,,0,1,1801.0,65,1353300.0,2555.0,5.0,1,1,1,0,0,1,0,1000000000000.0,1,0,1801
58142,XX,nse_fo,OPTIDX,NIFTY,NIFTY2631727350CE,CE,NIFTY17MAR2627350.00CE,,26000,,,,,,5,65,1458225000,-1,2,2735000.0,NSE,OPTIDX,1458225000,1455235200,1458225000,1455235200,0,0,0,0,0,,0,0,1457888468,,,,,,,,,,FO,,,,,,,1458172800.0,1458225000.0,,,,70.0,Cash,,0,1,1801.0,65,66885.0,2070.0,5.0,1,1,1,0,0,1,0,1000000000000.0,1,0,1801
58002,XX,nse_fo,OPTIDX,NIFTY,NIFTY2631726300PE,PE,NIFTY17MAR2626300.00PE,,26000,,,,,,5,65,1458225000,-1,2,2630000.0,NSE,OPTIDX,1458225000,1455235200,1458225000,1455235200,0,0,0,0,0,,0,0,1457888468,,,,,,,,,,FO,,,,,,,1458172800.0,1458225000.0,,,,314600.0,Cash,,0,1,1801.0,65,23270.0,369530.0,259670.0,1,1,1,0,0,1,0,1000000000000.0,1,0,1801
57622,XX,nse_fo,OPTIDX,NIFTY,NIFTY2631721800CE,CE,NIFTY17MAR2621800.00CE,,26000,,,,,,5,65,1458225000,-1,2,2180000.0,NSE,OPTIDX,1458225000,1455235200,1458225000,1455235200,0,0,0,0,0,,0,0,1457888468,,,,,,,,,,FO,,,,,,,1458172800.0,1458225000.0,,,,133500.0,Cash,,0,1,1801.0,65,65.0,188425.0,78575.0,1,1,1,0,0,1,0,1000000000000.0,1,0,1801
58104,XX,nse_fo,OPTIDX,NIFTY,NIFTY2631726900PE,PE,NIFTY17MAR2626900.00PE,,26000,,,,,,5,65,1458225000,-1,2,2690000.0,NSE,OPTIDX,1458225000,1455235200,1458225000,1455235200,0,0,0,0,0,,0,0,1457888468,,,,,,,,,,FO,,,,,,,1458172800.0,1458225000.0,,,,373870.0,Cash,,0,1,1801.0,65,0.0,428800.0,318940.0,1,1,1,0,0,1,0,1000000000000.0,1,0,1801
58206,XX,nse_fo,OPTIDX,NIFTY,NIFTY2631728350PE,PE,NIFTY17MAR2628350.00PE,,26000,,,,,,5,65,1458225000,-1,2,2835000.0,NSE,OPTIDX,1458225000,1455235200,1458225000,1455235200,0,0,0,0,0,,0,0,1457888468,,,,,,,,,,FO,,,,,,,1458172800.0,1458225000.0,,,,518815.0,Cash,,1,1,1801.0,65,0.0,573745.0,463885.0,1,1,1,0,0,1,0,1000000000000.0,1,0,1801
58228,XX,nse_fo,OPTIDX,NIFTY,NIFTY2631728800PE,PE,NIFTY17MAR2628800.00PE,,26000,,,,,,5,65,1458225000,-1,2,2880000.0,NSE,OPTIDX,1458225000,1455235200,1458225000,1455235200,0,0,0,0,0,,0,0,1457888468,,,,,,,,,,FO,,,,,,,1458172800.0,1458225000.0,,,,562700.0,Cash,,1,1,1801.0,65,0.0,617630.0,507770.0,1,1,1,0,0,1,0,1000000000000.0,1,0,1801
58138,XX,nse_fo,OPTIDX,NIFTY,NIFTY2631727250CE,CE,NIFTY17MAR2627250.00CE,,26000,,,,,,5,65,1458225000,-1,2,2725000.0,NSE,OPTIDX,1458225000,1455235200,1458225000,1455235200,0,0,0,0,0,,0,0,1457888468,,,,,,,,,,FO,,,,,,,1458172800.0,1458225000.0,,,,75.0,Cash,,0,1,1801.0,65,48945.0,2075.0,5.0,1,1,1,0,0,1,0,1000000000000.0,1,0,1801
59396,XX,nse_fo,OPTIDX,NIFTY,NIFTY2631718200PE,PE,NIFTY17MAR2618200.00PE,,26000,,,,,,5,65,1458225000,-1,2,1820000.0,NSE,OPTIDX,1458225000,1458086400,1458225000,1458086400,0,0,0,0,0,,0,0,1457888468,,,,,,,,,,FO,,,,,,,1458172800.0,1458225000.0,,,,5.0,Cash,,1,1,1801.0,65,0.0,2005.0,5.0,1,1,1,0,0,1,0,1000000000000.0,1,0,1801
59384,XX,nse_fo,OPTIDX,NIFTY,NIFTY2631717900PE,PE,NIFTY17MAR2617900.00PE,,26000,,,,,,5,65,1458225000,-1,2,1790000.0,NSE,OPTIDX,1458225000,1458086400,1458225000,1458086400,0,0,0,0,0,,0,0,1457888468,,,,,,,,,,FO,,,,,,,1458172800.0,1458225000.0,,,,5.0,Cash,,1,1,1801.0,65,0.0,2005.0,5.0,1,1,1,0,0,1,0,1000000000000.0,1,0,1801
40499,XX,nse_fo,OPTIDX,NIFTY,NIFTY2631719750PE,PE,NIFTY17MAR2619750.00PE,,26000,,,,,,5,65,1458225000,-1,2,1975000.0,NSE,OPTIDX,1458225000,1457049600,1458225000,1457049600,0,0,0,0,0,,0,0,1457887033,,,,,,,,,,FO,,,,,,,1458172800.0,1458225000.0,,,,5.0,Cash,,1,1,1801.0,65,0.0,2005.0,5.0,1,1,1,0,0,1,0,1000000000000.0,1,0,1801
57798,XX,nse_fo,OPTIDX,NIFTY,NIFTY2631724050PE,PE,NIFTY17MAR2624050.00PE,,26000,,,,,,5,65,1458225000,-1,2,2405000.0,NSE,OPTIDX,1458225000,1455235200,1458225000,1455235200,0,0,0,0,0,,0,0,1457888468,,,,,,,,,,FO,,,,,,,1458172800.0,1458225000.0,,,,91375.0,Cash,,0,1,1801.0,65,239915.0,146290.0,36460.0,1,1,1,0,0,1,0,1000000000000.0,1,0,1801
58182,XX,nse_fo,OPTIDX,NIFTY,NIFTY2631727900CE,CE,NIFTY17MAR2627900.00CE,,26000,,,,,,5,65,1458225000,-1,2,2790000.0,NSE,OPTIDX,1458225000,1455235200,1458225000,1455235200,0,0,0,0,0,,0,0,1457887036,,,,,,,,,,FO,,,,,,,1458172800.0,1458225000.0,,,,5.0,Cash,,1,1,1801.0,65,0.0,2005.0,5.0,1,1,1,0,0,1,0,1000000000000.0,1,0,1801
43733,XX,nse_fo,OPTIDX,NIFTY,NIFTY2631719550CE,CE,NIFTY17MAR2619550.00CE,,26000,,,,,,5,65,1458225000,-1,2,1955000.0,NSE,OPTIDX,1458225000,1457136000,1458225000,1457136000,0,0,0,0,0,,0,0,1457888468,,,,,,,,,,FO,,,,,,,1458172800.0,1458225000.0,,,,360855.0,Cash,,1,1,1801.0,65,0.0,415785.0,305925.0,1,1,1,0,0,1,0,1000000000000.0,1,0,1801
57965,XX,nse_fo,OPTIDX,NIFTY,NIFTY2631726000CE,CE,NIFTY17MAR2626000.00CE,,26000,,,,,,5,65,1458225000,-1,2,2600000.0,NSE,OPTIDX,1458225000,1455235200,1458225000,1455235200,0,0,0,0,0,,0,0,1457888468,,,,,,,,,,FO,,,,,,,1458172800.0,1458225000.0,,,,135.0,Cash,,0,1,1801.0,65,6073660.0,2135.0,5.0,1,1,1,0,0,1,0,1000000000000.0,1,0,1801
57553,XX,nse_fo,OPTIDX,NIFTY,NIFTY2631721100PE,PE,NIFTY17MAR2621100.00PE,,26000,,,,,,5,65,1458225000,-1,2,2110000.0,NSE,OPTIDX,1458225000,1455235200,1458225000,1455235200,0,0,0,0,0,,0,0,1457888468,,,,,,,,,,FO,,,,,,,1458172800.0,1458225000.0,,,,685.0,Cash,,0,1,1801.0,65,179335.0,2685.0,5.0,1,1,1,0,0,1,0,1000000000000.0,1,0,1801
58244,XX,nse_fo,OPTIDX,NIFTY,NIFTY2631729200PE,PE,NIFTY17MAR2629200.00PE,,26000,,,,,,5,65,1458225000,-1,2,2920000.0,NSE,OPTIDX,1458225000,1455235200,1458225000,1455235200,0,0,0,0,0,,0,0,1457888468,,,,,,,,,,FO,,,,,,,1458172800.0,1458225000.0,,,,602670.0,Cash,,1,1,1801.0,65,0.0,657600.0,547740.0,1,1,1,0,0,1,0,1000000000000.0,1,0,1801
57540,XX,nse_fo,OPTIDX,NIFTY,NIFTY2631720850PE,PE,NIFTY17MAR2620850.00PE,,26000,,,,,,5,65,1458225000,-1,2,2085000.0,NSE,OPTIDX,1458225000,1455235200,1458225000,1455235200,0,0,0,0,0,,0,0,1457887036,,,,,,,,,,FO,,,,,,,1458172800.0,1458225000.0,,,,5.0,Cash,,1,1,1801.0,65,0.0,2005.0,5.0,1,1,1,0,0,1,0,1000000000000.0,1,0,1801
57667,XX,nse_fo,OPTIDX,NIFTY,NIFTY2631722450CE,CE,NIFTY17MAR2622450.00CE,,26000,,,,,,5,65,1458225000,-1,2,2245000.0,NSE,OPTIDX,1458225000,1455235200,1458225000,1455235200,0,0,0,0,0,,0,0,1457888468,,,,,,,,,,FO,,,,,,,1458172800.0,1458225000.0,,,,81930.0,Cash,,0,1,1801.0,65,1040.0,136715.0,27145.0,1,1,1,0,0,1,0,1000000000000.0,1,0,1801
49791,XX,nse_fo,OPTIDX,NIFTY,NIFTY2631719150PE,PE,NIFTY17MAR2619150.00PE,,26000,,,,,,5,65,1458225000,-1,2,1915000.0,NSE,OPTIDX,1458225000,1457568000,1458225000,1457568000,0,0,0,0,0,,0,0,1457887035,,,,,,,,,,FO,,,,,,,1458172800.0,1458225000.0,,,,5.0,Cash,,1,1,1801.0,65,0.0,2005.0,5.0,1,1,1,0,0,1,0,1000000000000.0,1,0,1801
57999,XX,nse_fo,OPTIDX,NIFTY,NIFTY2631726250CE,CE,NIFTY17MAR2626250.00CE,,26000,,,,,,5,65,1458225000,-1,2,2625000.0,NSE,OPTIDX,1458225000,1455235200,1458225000,1455235200,0,0,0,0,0,,0,0,1457888468,,,,,,,,,,FO,,,,,,,1458172800.0,1458225000.0,,,,105.0,Cash,,0,1,1801.0,65,218140.0,2105.0,5.0,1,1,1,0,0,1,0,1000000000000.0,1,0,1801
43710,XX,nse_fo,OPTIDX,NIFTY,NIFTY2631718600PE,PE,NIFTY17MAR2618600.00PE,,26000,,,,,,5,65,1458225000,-1,2,1860000.0,NSE,OPTIDX,1458225000,1457740800,1458225000,1457740800,0,0,0,0,0,,0,0,1457887033,,,,,,,,,,FO,,,,,,,1458172800.0,1458225000.0,,,,5.0,Cash,,1,1,1801.0,65,0.0,2005.0,5.0,1,1,1,0,0,1,0,1000000000000.0,1,0,1801
43725,XX,nse_fo,OPTIDX,NIFTY,NIFTY2631719400CE,CE,NIFTY17MAR2619400.00CE,,26000,,,,,,5,65,1458225000,-1,2,1940000.0,NSE,OPTIDX,1458225000,1457136000,1458225000,1457136000,0,0,0,0,0,,0,0,1457888468,,,,,,,,,,FO,,,,,,,1458172800.0,1458225000.0,,,,375850.0,Cash,,1,1,1801.0,65,0.0,430780.0,320920.0,1,1,1,0,0,1,0,1000000000000.0,1,0,1801
59392,XX,nse_fo,OPTIDX,NIFTY,NIFTY2631718100PE,PE,NIFTY17MAR2618100.00PE,,26000,,,,,,5,65,1458225000,-1,2,1810000.0,NSE,OPTIDX,1458225000,1458086400,1458225000,1458086400,0,0,0,0,0,,0,0,1457888468,,,,,,,,,,FO,,,,,,,1458172800.0,1458225000.0,,,,5.0,Cash,,1,1,1801.0,65,0.0,2005.0,5.0,1,1,1,0,0,1,0,1000000000000.0,1,0,1801
58003,XX,nse_fo,OPTIDX,NIFTY,NIFTY2631726350CE,CE,NIFTY17MAR2626350.00CE,,26000,,,,,,5,65,1458225000,-1,2,2635000.0,NSE,OPTIDX,1458225000,1455235200,1458225000,1455235200,0,0,0,0,0,,0,0,1457888468,,,,,,,,,,FO,,,,,,,1458172800.0,1458225000.0,,,,105.0,Cash,,0,1,1801.0,65,178620.0,2105.0,5.0,1,1,1,0,0,1,0,1000000000000.0,1,0,1801
57894,XX,nse_fo,OPTIDX,NIFTY,NIFTY2631725150PE,PE,NIFTY17MAR2625150.00PE,,26000,,,,,,5,65,1458225000,-1,2,2515000.0,NSE,OPTIDX,1458225000,1455235200,1458225000,1455235200,0,0,0,0,0,,0,0,1457888468,,,,,,,,,,FO,,,,,,,1458172800.0,1458225000.0,,,,200290.0,Cash,,0,1,1801.0,65,15340.0,255220.0,145360.0,1,1,1,0,0,1,0,1000000000000.0,1,0,1801
58208,XX,nse_fo,OPTIDX,NIFTY,NIFTY2631728400PE,PE,NIFTY17MAR2628400.00PE,,26000,,,,,,5,65,1458225000,-1,2,2840000.0,NSE,OPTIDX,1458225000,1455235200,1458225000,1455235200,0,0,0,0,0,,0,0,1457888468,,,,,,,,,,FO,,,,,,,1458172800.0,1458225000.0,,,,523810.0,Cash,,1,1,1801.0,65,0.0,578740.0,468880.0,1,1,1,0,0,1,0,1000000000000.0,1,0,1801
57588,XX,nse_fo,OPTIDX,NIFTY,NIFTY2631721400CE,CE,NIFTY17MAR2621400.00CE,,26000,,,,,,5,65,1458225000,-1,2,2140000.0,NSE,OPTIDX,1458225000,1455235200,1458225000,1455235200,0,0,0,0,0,,0,0,1457888468,,,,,,,,,,FO,,,,,,,1458172800.0,1458225000.0,,,,175925.0,Cash,,0,1,1801.0,65,0.0,230850.0,121000.0,1,1,1,0,0,1,0,1000000000000.0,1,0,1801
43722,XX,nse_fo,OPTIDX,NIFTY,NIFTY2631719300PE,PE,NIFTY17MAR2619300.00PE,,26000,,,,,,5,65,1458225000,-1,2,1930000.0,NSE,OPTIDX,1458225000,1457136000,1458225000,1457136000,0,0,0,0,0,,0,0,1457887033,,,,,,,,,,FO,,,,,,,1458172800.0,1458225000.0,,,,5.0,Cash,,1,1,1801.0,65,0.0,2005.0,5.0,1,1,1,0,0,1,0,1000000000000.0,1,0,1801
58187,XX,nse_fo,OPTIDX,NIFTY,NIFTY2631728000CE,CE,NIFTY17MAR2628000.00CE,,26000,,,,,,5,65,1458225000,-1,2,2800000.0,NSE,OPTIDX,1458225000,1455235200,1458225000,1455235200,0,0,0,0,0,,0,0,1457887036,,,,,,,,,,FO,,,,,,,1458172800.0,1458225000.0,,,,5.0,Cash,,1,1,1801.0,65,0.0,2005.0,5.0,1,1,1,0,0,1,0,1000000000000.0,1,0,1801
58308,XX,nse_fo,OPTIDX,NIFTY,NIFTY2631730800PE,PE,NIFTY17MAR2630800.00PE,,26000,,,,,,5,65,1458225000,-1,2,3080000.0,NSE,OPTIDX,1458225000,1455235200,1458225000,1455235200,0,0,0,0,0,,0,0,1457888468,,,,,,,,,,FO,,,,,,,1458172800.0,1458225000.0,,,,762545.0,Cash,,1,1,1801.0,65,0.0,817475.0,707615.0,1,1,1,0,0,1,0,1000000000000.0,1,0,1801
58156,XX,nse_fo,OPTIDX,NIFTY,NIFTY2631727550PE,PE,NIFTY17MAR2627550.00PE,,26000,,,,,,5,65,1458225000,-1,2,2755000.0,NSE,OPTIDX,1458225000,1455235200,1458225000,1455235200,0,0,0,0,0,,0,0,1457888468,,,,,,,,,,FO,,,,,,,1458172800.0,1458225000.0,,,,438845.0,Cash,,0,1,1801.0,65,0.0,493775.0,383915.0,1,1,1,0,0,1,0,1000000000000.0,1,0,1801
57676,XX,nse_fo,OPTIDX,NIFTY,NIFTY2631722600PE,PE,NIFTY17MAR2622600.00PE,,26000,,,,,,5,65,1458225000,-1,2,2260000.0,NSE,OPTIDX,1458225000,1455235200,1458225000,1455235200,0,0,0,0,0,,0,0,1457888468,,,,,,,,,,FO,,,,,,,1458172800.0,1458225000.0,,,,7580.0,Cash,,0,1,1801.0,65,2500680.0,9580.0,5580.0,1,1,1,0,0,1,0,1000000000000.0,1,0,1801
57552,XX,nse_fo,OPTIDX,NIFTY,NIFTY2631721100CE,CE,NIFTY17MAR2621100.00CE,,26000,,,,,,5,65,1458225000,-1,2,2110000.0,NSE,OPTIDX,1458225000,1455235200,1458225000,1455235200,0,0,0,0,0,,0,0,1457888468,,,,,,,,,,FO,,,,,,,1458172800.0,1458225000.0,,,,205915.0,Cash,,0,1,1801.0,65,0.0,260840.0,150990.0,1,1,1,0,0,1,0,1000000000000.0,1,0,1801
57702,XX,nse_fo,OPTIDX,NIFTY,NIFTY2631723100CE,CE,NIFTY17MAR2623100.00CE,,26000,,,,,,5,65,1458225000,-1,2,2310000.0,NSE,OPTIDX,1458225000,1455235200,1458225000,1455235200,0,0,0,0,0,,0,0,1457888468,,,,,,,,,,FO,,,,,,,1458172800.0,1458225000.0,,,,27325.0,Cash,,0,1,1801.0,65,695695.0,59940.0,5.0,1,1,1,0,0,1,0,1000000000000.0,1,0,1801
38378,XX,nse_fo,OPTIDX,NIFTY,NIFTY2631720100PE,PE,NIFTY17MAR2620100.00PE,,26000,,,,,,5,65,1458225000,-1,2,2010000.0,NSE,OPTIDX,1458225000,1456876800,1458225000,1456876800,0,0,0,0,0,,0,0,1457887032,,,,,,,,,,FO,,,,,,,1458172800.0,1458225000.0,,,,5.0,Cash,,1,1,1801.0,65,0.0,2005.0,5.0,1,1,1,0,0,1,0,1000000000000.0,1,0,1801
57917,XX,nse_fo,OPTIDX,NIFTY,NIFTY2631725600PE,PE,NIFTY17MAR2625600.00PE,,26000,,,,,,5,65,1458225000,-1,2,2560000.0,NSE,OPTIDX,1458225000,1455235200,1458225000,1455235200,0,0,0,0,0,,0,0,1457888468,,,,,,,,,,FO,,,,,,,1458172800.0,1458225000.0,,,,245025.0,Cash,,0,1,1801.0,65,60450.0,299955.0,190095.0,1,1,1,0,0,1,0,1000000000000.0,1,0,1801
59399,XX,nse_fo,OPTIDX,NIFTY,NIFTY2631718300CE,CE,NIFTY17MAR2618300.00CE,,26000,,,,,,5,65,1458225000,-1,2,1830000.0,NSE,OPTIDX,1458225000,1458086400,1458225000,1458086400,0,0,0,0,0,,0,0,1457888468,,,,,,,,,,FO,,,,,,,1458172800.0,1458225000.0,,,,485810.0,Cash,,1,1,1801.0,65,0.0,540740.0,430880.0,1,1,1,0,0,1,0,1000000000000.0,1,0,1801
57748,XX,nse_fo,OPTIDX,NIFTY,NIFTY2631723500PE,PE,NIFTY17MAR2623500.00PE,,26000,,,,,,5,65,1458225000,-1,2,2350000.0,NSE,OPTIDX,1458225000,1455235200,1458225000,1455235200,0,0,0,0,0,,0,0,1457888468,,,,,,,,,,FO,,,,,,,1458172800.0,1458225000.0,,,,44755.0,Cash,,0,1,1801.0,65,1798740.0,94360.0,5.0,1,1,1,0,0,1,0,1000000000000.0,1,0,1801
58166,XX,nse_fo,OPTIDX,NIFTY,NIFTY2631727700CE,CE,NIFTY17MAR2627700.00CE,,26000,,,,,,5,65,1458225000,-1,2,2770000.0,NSE,OPTIDX,1458225000,1455235200,1458225000,1455235200,0,0,0,0,0,,0,0,1457888468,,,,,,,,,,FO,,,,,,,1458172800.0,1458225000.0,,,,65.0,Cash,,0,1,1801.0,65,1774630.0,2065.0,5.0,1,1,1,0,0,1,0,1000000000000.0,1,0,1801
43721,XX,nse_fo,OPTIDX,NIFTY,NIFTY2631719300CE,CE,NIFTY17MAR2619300.00CE,,26000,,,,,,5,65,1458225000,-1,2,1930000.0,NSE,OPTIDX,1458225000,1457136000,1458225000,1457136000,0,0,0,0,0,,0,0,1457888468,,,,,,,,,,FO,,,,,,,1458172800.0,1458225000.0,,,,385845.0,Cash,,1,1,1801.0,65,0.0,440775.0,330915.0,1,1,1,0,0,1,0,1000000000000.0,1,0,1801
58153,XX,nse_fo,OPTIDX,NIFTY,NIFTY2631727500CE,CE,NIFTY17MAR2627500.00CE,,26000,,,,,,5,65,1458225000,-1,2,2750000.0,NSE,OPTIDX,1458225000,1455235200,1458225000,1455235200,0,0,0,0,0,,0,0,1457888468,,,,,,,,,,FO,,,,,,,1458172800.0,1458225000.0,,,,70.0,Cash,,0,1,1801.0,65,1210300.0,2070.0,5.0,1,1,1,0,0,1,0,1000000000000.0,1,0,1801
57795,XX,nse_fo,OPTIDX,NIFTY,NIFTY2631724000CE,CE,NIFTY17MAR2624000.00CE,,26000,,,,,,5,65,1458225000,-1,2,2400000.0,NSE,OPTIDX,1458225000,1455235200,1458225000,1455235200,0,0,0,0,0,,0,0,1457888468,,,,,,,,,,FO,,,,,,,1458172800.0,1458225000.0,,,,2705.0,Cash,,0,1,1801.0,65,8536900.0,4705.0,705.0,1,1,1,0,0,1,0,1000000000000.0,1,0,1801
58311,XX,nse_fo,OPTIDX,NIFTY,NIFTY2631730900CE,CE,NIFTY17MAR2630900.00CE,,26000,,,,,,5,65,1458225000,-1,2,3090000.0,NSE,OPTIDX,1458225000,1455235200,1458225000,1455235200,0,0,0,0,0,,0,0,1457887036,,,,,,,,,,FO,,,,,,,1458172800.0,1458225000.0,,,,5.0,Cash,,1,1,1801.0,65,0.0,2005.0,5.0,1,1,1,0,0,1,0,1000000000000.0,1,0,1801
57698,XX,nse_fo,OPTIDX,NIFTY,NIFTY2631723000PE,PE,NIFTY17MAR2623000.00PE,,26000,,,,,,5,65,1458225000,-1,2,2300000.0,NSE,OPTIDX,1458225000,1455235200,1458225000,1455235200,0,0,0,0,0,,0,0,1457888468,,,,,,,,,,FO,,,,,,,1458172800.0,1458225000.0,,,,18225.0,Cash,,0,1,1801.0,65,6428890.0,32840.0,3610.0,1,1,1,0,0,1,0,1000000000000.0,1,0,1801
58181,XX,nse_fo,OPTIDX,NIFTY,NIFTY2631727850PE,PE,NIFTY17MAR2627850.00PE,,26000,,,,,,5,65,1458225000,-1,2,2785000.0,NSE,OPTIDX,1458225000,1455235200,1458225000,1455235200,0,0,0,0,0,,0,0,1457888468,,,,,,,,,,FO,,,,,,,1458172800.0,1458225000.0,,,,468830.0,Cash,,1,1,1801.0,65,0.0,523760.0,413900.0,1,1,1,0,0,1,0,1000000000000.0,1,0,1801
38376,XX,nse_fo,OPTIDX,NIFTY,NIFTY2631720050PE,PE,NIFTY17MAR2620050.00PE,,26000,,,,,,5,65,1458225000,-1,2,2005000.0,NSE,OPTIDX,1458225000,1456876800,1458225000,1456876800,0,0,0,0,0,,0,0,1457887032,,,,,,,,,,FO,,,,,,,1458172800.0,1458225000.0,,,,5.0,Cash,,1,1,1801.0,65,0.0,2005.0,5.0,1,1,1,0,0,1,0,1000000000000.0,1,0,1801
57532,XX,nse_fo,OPTIDX,NIFTY,NIFTY2631720700CE,CE,NIFTY17MAR2620700.00CE,,26000,,,,,,5,65,1458225000,-1,2,2070000.0,NSE,OPTIDX,1458225000,1455235200,1458225000,1455235200,0,0,0,0,0,,0,0,1457888468,,,,,,,,,,FO,,,,,,,1458172800.0,1458225000.0,,,,245900.0,Cash,,1,1,1801.0,65,0.0,300830.0,190970.0,1,1,1,0,0,1,0,1000000000000.0,1,0,1801
58223,XX,nse_fo,OPTIDX,NIFTY,NIFTY2631728700CE,CE,NIFTY17MAR2628700.00CE,,26000,,,,,,5,65,1458225000,-1,2,2870000.0,NSE,OPTIDX,1458225000,1455235200,1458225000,1455235200,0,0,0,0,0,,0,0,1457887036,,,,,,,,,,FO,,,,,,,1458172800.0,1458225000.0,,,,5.0,Cash,,1,1,1801.0,65,0.0,2005.0,5.0,1,1,1,0,0,1,0,1000000000000.0,1,0,1801
59391,XX,nse_fo,OPTIDX,NIFTY,NIFTY2631718100CE,CE,NIFTY17MAR2618100.00CE,,26000,,,,,,5,65,1458225000,-1,2,1810000.0,NSE,OPTIDX,1458225000,1458086400,1458225000,1458086400,0,0,0,0,0,,0,0,1457888468,,,,,,,,,,FO,,,,,,,1458172800.0,1458225000.0,,,,505800.0,Cash,,1,1,1801.0,65,0.0,560730.0,450870.0,1,1,1,0,0,1,0,1000000000000.0,1,0,1801
43735,XX,nse_fo,OPTIDX,NIFTY,NIFTY2631719550PE,PE,NIFTY17MAR2619550.00PE,,26000,,,,,,5,65,1458225000,-1,2,1955000.0,NSE,OPTIDX,1458225000,1457136000,1458225000,1457136000,0,0,0,0,0,,0,0,1457887033,,,,,,,,,,FO,,,,,,,1458172800.0,1458225000.0,,,,5.0,Cash,,1,1,1801.0,65,0.0,2005.0,5.0,1,1,1,0,0,1,0,1000000000000.0,1,0,1801
40503,XX,nse_fo,OPTIDX,NIFTY,NIFTY2631719800PE,PE,NIFTY17MAR2619800.00PE,,26000,,,,,,5,65,1458225000,-1,2,1980000.0,NSE,OPTIDX,1458225000,1457049600,1458225000,1457049600,0,0,0,0,0,,0,0,1457887033,,,,,,,,,,FO,,,,,,,1458172800.0,1458225000.0,,,,5.0,Cash,,1,1,1801.0,65,0.0,2005.0,5.0,1,1,1,0,0,1,0,1000000000000.0,1,0,1801
38377,XX,nse_fo,OPTIDX,NIFTY,NIFTY2631720100CE,CE,NIFTY17MAR2620100.00CE,,26000,,,,,,5,65,1458225000,-1,2,2010000.0,NSE,OPTIDX,1458225000,1456876800,1458225000,1456876800,0,0,0,0,0,,0,0,1457888468,,,,,,,,,,FO,,,,,,,1458172800.0,1458225000.0,,,,305875.0,Cash,,1,1,1801.0,65,0.0,360805.0,250945.0,1,1,1,0,0,1,0,1000000000000.0,1,0,1801
58169,XX,nse_fo,OPTIDX,NIFTY,NIFTY2631727750PE,PE,NIFTY17MAR2627750.00PE,,26000,,,,,,5,65,1458225000,-1,2,2775000.0,NSE,OPTIDX,1458225000,1455235200,1458225000,1455235200,0,0,0,0,0,,0,0,1457888468,,,,,,,,,,FO,,,,,,,1458172800.0,1458225000.0,,,,458835.0,Cash,,1,1,1801.0,65,0.0,513765.0,403905.0,1,1,1,0,0,1,0,1000000000000.0,1,0,1801
57875,XX,nse_fo,OPTIDX,NIFTY,NIFTY2631724800CE,CE,NIFTY17MAR2624800.00CE,,26000,,,,,,5,65,1458225000,-1,2,2480000.0,NSE,OPTIDX,1458225000,1455235200,1458225000,1455235200,0,0,0,0,0,,0,0,1457888468,,,,,,,,,,FO,,,,,,,1458172800.0,1458225000.0,,,,505.0,Cash,,0,1,1801.0,65,4900800.0,2505.0,5.0,1,1,1,0,0,1,0,1000000000000.0,1,0,1801
57769,XX,nse_fo,OPTIDX,NIFTY,NIFTY2631723750CE,CE,NIFTY17MAR2623750.00CE,,26000,,,,,,5,65,1458225000,-1,2,2375000.0,NSE,OPTIDX,1458225000,1455235200,1458225000,1455235200,0,0,0,0,0,,0,0,1457888468,,,,,,,,,,FO,,,,,,,1458172800.0,1458225000.0,,,,5115.0,Cash,,0,1,1801.0,65,1604200.0,7115.0,3115.0,1,1,1,0,0,1,0,1000000000000.0,1,0,1801
58232,XX,nse_fo,OPTIDX,NIFTY,NIFTY2631728900PE,PE,NIFTY17MAR2628900.00PE,,26000,,,,,,5,65,1458225000,-1,2,2890000.0,NSE,OPTIDX,1458225000,1455235200,1458225000,1455235200,0,0,0,0,0,,0,0,1457888468,,,,,,,,,,FO,,,,,,,1458172800.0,1458225000.0,,,,572690.0,Cash,,1,1,1801.0,65,0.0,627620.0,517760.0,1,1,1,0,0,1,0,1000000000000.0,1,0,1801
58233,XX,nse_fo,OPTIDX,NIFTY,NIFTY2631728950CE,CE,NIFTY17MAR2628950.00CE,,26000,,,,,,5,65,1458225000,-1,2,2895000.0,NSE,OPTIDX,1458225000,1455235200,1458225000,1455235200,0,0,0,0,0,,0,0,1457887036,,,,,,,,,,FO,,,,,,,1458172800.0,1458225000.0,,,,5.0,Cash,,1,1,1801.0,65,0.0,2005.0,5.0,1,1,1,0,0,1,0,1000000000000.0,1,0,1801
58211,XX,nse_fo,OPTIDX,NIFTY,NIFTY2631728450PE,PE,NIFTY17MAR2628450.00PE,,26000,,,,,,5,65,1458225000,-1,2,2845000.0,NSE,OPTIDX,1458225000,1455235200,1458225000,1455235200,0,0,0,0,0,,0,0,1457888468,,,,,,,,,,FO,,,,,,,1458172800.0,1458225000.0,,,,527725.0,Cash,,1,1,1801.0,65,0.0,582655.0,472795.0,1,1,1,0,0,1,0,1000000000000.0,1,0,1801
58133,XX,nse_fo,OPTIDX,NIFTY,NIFTY2631727150PE,PE,NIFTY17MAR2627150.00PE,,26000,,,,,,5,65,1458225000,-1,2,2715000.0,NSE,OPTIDX,1458225000,1455235200,1458225000,1455235200,0,0,0,0,0,,0,0,1457888468,,,,,,,,,,FO,,,,,,,1458172800.0,1458225000.0,,,,398860.0,Cash,,0,1,1801.0,65,0.0,453790.0,343930.0,1,1,1,0,0,1,0,1000000000000.0,1,0,1801
58015,XX,nse_fo,OPTIDX,NIFTY,NIFTY2631726550CE,CE,NIFTY17MAR2626550.00CE,,26000,,,,,,5,65,1458225000,-1,2,2655000.0,NSE,OPTIDX,1458225000,1455235200,1458225000,1455235200,0,0,0,0,0,,0,0,1457888468,,,,,,,,,,FO,,,,,,,1458172800.0,1458225000.0,,,,90.0,Cash,,0,1,1801.0,65,122135.0,2090.0,5.0,1,1,1,0,0,1,0,1000000000000.0,1,0,1801
58323,XX,nse_fo,OPTIDX,NIFTY,NIFTY2631731200CE,CE,NIFTY17MAR2631200.00CE,,26000,,,,,,5,65,1458225000,-1,2,3120000.0,NSE,OPTIDX,1458225000,1455235200,1458225000,1455235200,0,0,0,0,0,,0,0,1457887036,,,,,,,,,,FO,,,,,,,1458172800.0,1458225000.0,,,,5.0,Cash,,1,1,1801.0,65,0.0,2005.0,5.0,1,1,1,0,0,1,0,1000000000000.0,1,0,1801
58215,XX,nse_fo,OPTIDX,NIFTY,NIFTY2631728550PE,PE,NIFTY17MAR2628550.00PE,,26000,,,,,,5,65,1458225000,-1,2,2855000.0,NSE,OPTIDX,1458225000,1455235200,1458225000,1455235200,0,0,0,0,0,,0,0,1457888468,,,,,,,,,,FO,,,,,,,1458172800.0,1458225000.0,,,,537720.0,Cash,,1,1,1801.0,65,0.0,592650.0,482790.0,1,1,1,0,0,1,0,1000000000000.0,1,0,1801
57709,XX,nse_fo,OPTIDX,NIFTY,NIFTY2631723150PE,PE,NIFTY17MAR2623150.00PE,,26000,,,,,,5,65,1458225000,-1,2,2315000.0,NSE,OPTIDX,1458225000,1455235200,1458225000,1455235200,0,0,0,0,0,,0,0,1457888468,,,,,,,,,,FO,,,,,,,1458172800.0,1458225000.0,,,,24355.0,Cash,,0,1,1801.0,65,1631500.0,50865.0,5.0,1,1,1,0,0,1,0,1000000000000.0,1,0,1801
58315,XX,nse_fo,OPTIDX,NIFTY,NIFTY2631731000CE,CE,NIFTY17MAR2631000.00CE,,26000,,,,,,5,65,1458225000,-1,2,3100000.0,NSE,OPTIDX,1458225000,1455235200,1458225000,1455235200,0,0,0,0,0,,0,0,1457887036,,,,,,,,,,FO,,,,,,,1458172800.0,1458225000.0,,,,5.0,Cash,,1,1,1801.0,65,0.0,2005.0,5.0,1,1,1,0,0,1,0,1000000000000.0,1,0,1801
57658,XX,nse_fo,OPTIDX,NIFTY,NIFTY2631722250CE,CE,NIFTY17MAR2622250.00CE,,26000,,,,,,5,65,1458225000,-1,2,2225000.0,NSE,OPTIDX,1458225000,1455235200,1458225000,1455235200,0,0,0,0,0,,0,0,1457888468,,,,,,,,,,FO,,,,,,,1458172800.0,1458225000.0,,,,95500.0,Cash,,0,1,1801.0,65,715.0,150420.0,40580.0,1,1,1,0,0,1,0,1000000000000.0,1,0,1801
58221,XX,nse_fo,OPTIDX,NIFTY,NIFTY2631728650CE,CE,NIFTY17MAR2628650.00CE,,26000,,,,,,5,65,1458225000,-1,2,2865000.0,NSE,OPTIDX,1458225000,1455235200,1458225000,1455235200,0,0,0,0,0,,0,0,1457887036,,,,,,,,,,FO,,,,,,,1458172800.0,1458225000.0,,,,5.0,Cash,,1,1,1801.0,65,0.0,2005.0,5.0,1,1,1,0,0,1,0,1000000000000.0,1,0,1801
58310,XX,nse_fo,OPTIDX,NIFTY,NIFTY2631730850PE,PE,NIFTY17MAR2630850.00PE,,26000,,,,,,5,65,1458225000,-1,2,3085000.0,NSE,OPTIDX,1458225000,1455235200,1458225000,1455235200,0,0,0,0,0,,0,0,1457888468,,,,,,,,,,FO,,,,,,,1458172800.0,1458225000.0,,,,767545.0,Cash,,1,1,1801.0,65,0.0,822475.0,712615.0,1,1,1,0,0,1,0,1000000000000.0,1,0,1801
57640,XX,nse_fo,OPTIDX,NIFTY,NIFTY2631722050CE,CE,NIFTY17MAR2622050.00CE,,26000,,,,,,5,65,1458225000,-1,2,2205000.0,NSE,OPTIDX,1458225000,1455235200,1458225000,1455235200,0,0,0,0,0,,0,0,1457888468,,,,,,,,,,FO,,,,,,,1458172800.0,1458225000.0,,,,110950.0,Cash,,0,1,1801.0,65,0.0,165875.0,56025.0,1,1,1,0,0,1,0,1000000000000.0,1,0,1801
59390,XX,nse_fo,OPTIDX,NIFTY,NIFTY2631718050PE,PE,NIFTY17MAR2618050.00PE,,26000,,,,,,5,65,1458225000,-1,2,1805000.0,NSE,OPTIDX,1458225000,1458086400,1458225000,1458086400,0,0,0,0,0,,0,0,1457888468,,,,,,,,,,FO,,,,,,,1458172800.0,1458225000.0,,,,5.0,Cash,,1,1,1801.0,65,0.0,2005.0,5.0,1,1,1,0,0,1,0,1000000000000.0,1,0,1801
40506,XX,nse_fo,OPTIDX,NIFTY,NIFTY2631719900CE,CE,NIFTY17MAR2619900.00CE,,26000,,,,,,5,65,1458225000,-1,2,1990000.0,NSE,OPTIDX,1458225000,1457049600,1458225000,1457049600,0,0,0,0,0,,0,0,1457888468,,,,,,,,,,FO,,,,,,,1458172800.0,1458225000.0,,,,325870.0,Cash,,1,1,1801.0,65,0.0,380800.0,270940.0,1,1,1,0,0,1,0,1000000000000.0,1,0,1801
60576,XX,nse_fo,OPTIDX,NIFTY,NIFTY2631720500CE,CE,NIFTY17MAR2620500.00CE,,26000,,,,,,5,65,1458225000,-1,2,2050000.0,NSE,OPTIDX,1458225000,1455667200,1458225000,1455667200,0,0,0,0,0,,0,0,1457888468,,,,,,,,,,FO,,,,,,,1458172800.0,1458225000.0,,,,265895.0,Cash,,1,1,1801.0,65,0.0,320825.0,210965.0,1,1,1,0,0,1,0,1000000000000.0,1,0,1801
58044,XX,nse_fo,OPTIDX,NIFTY,NIFTY2631726700PE,PE,NIFTY17MAR2626700.00PE,,26000,,,,,,5,65,1458225000,-1,2,2670000.0,NSE,OPTIDX,1458225000,1455235200,1458225000,1455235200,0,0,0,0,0,,0,0,1457888468,,,,,,,,,,FO,,,,,,,1458172800.0,1458225000.0,,,,351000.0,Cash,,0,1,1801.0,65,325.0,405930.0,296070.0,1,1,1,0,0,1,0,1000000000000.0,1,0,1801
60566,XX,nse_fo,OPTIDX,NIFTY,NIFTY2631720400CE,CE,NIFTY17MAR2620400.00CE,,26000,,,,,,5,65,1458225000,-1,2,2040000.0,NSE,OPTIDX,1458225000,1455667200,1458225000,1455667200,0,0,0,0,0,,0,0,1457888468,,,,,,,,,,FO,,,,,,,1458172800.0,1458225000.0,,,,275890.0,Cash,,1,1,1801.0,65,0.0,330820.0,220960.0,1,1,1,0,0,1,0,1000000000000.0,1,0,1801
57578,XX,nse_fo,OPTIDX,NIFTY,NIFTY2631721200CE,CE,NIFTY17MAR2621200.00CE,,26000,,,,,,5,65,1458225000,-1,2,2120000.0,NSE,OPTIDX,1458225000,1455235200,1458225000,1455235200,0,0,0,0,0,,0,0,1457888468,,,,,,,,,,FO,,,,,,,1458172800.0,1458225000.0,,,,195920.0,Cash,,0,1,1801.0,65,0.0,250845.0,140995.0,1,1,1,0,0,1,0,1000000000000.0,1,0,1801
58237,XX,nse_fo,OPTIDX,NIFTY,NIFTY2631729050CE,CE,NIFTY17MAR2629050.00CE,,26000,,,,,,5,65,1458225000,-1,2,2905000.0,NSE,OPTIDX,1458225000,1455235200,1458225000,1455235200,0,0,0,0,0,,0,0,1457887036,,,,,,,,,,FO,,,,,,,1458172800.0,1458225000.0,,,,5.0,Cash,,1,1,1801.0,65,0.0,2005.0,5.0,1,1,1,0,0,1,0,1000000000000.0,1,0,1801
58319,XX,nse_fo,OPTIDX,NIFTY,NIFTY2631731100CE,CE,NIFTY17MAR2631100.00CE,,26000,,,,,,5,65,1458225000,-1,2,3110000.0,NSE,OPTIDX,1458225000,1455235200,1458225000,1455235200,0,0,0,0,0,,0,0,1457887036,,,,,,,,,,FO,,,,,,,1458172800.0,1458225000.0,,,,5.0,Cash,,1,1,1801.0,65,0.0,2005.0,5.0,1,1,1,0,0,1,0,1000000000000.0,1,0,1801
59195,XX,nse_fo,OPTIDX,NIFTY,NIFTY2631720650PE,PE,NIFTY17MAR2620650.00PE,,26000,,,,,,5,65,1458225000,-1,2,2065000.0,NSE,OPTIDX,1458225000,1455408000,1458225000,1455408000,0,0,0,0,0,,0,0,1457887036,,,,,,,,,,FO,,,,,,,1458172800.0,1458225000.0,,,,5.0,Cash,,1,1,1801.0,65,0.0,2005.0,5.0,1,1,1,0,0,1,0,1000000000000.0,1,0,1801
58005,XX,nse_fo,OPTIDX,NIFTY,NIFTY2631726400CE,CE,NIFTY17MAR2626400.00CE,,26000,,,,,,5,65,1458225000,-1,2,2640000.0,NSE,OPTIDX,1458225000,1455235200,1458225000,1455235200,0,0,0,0,0,,0,0,1457888468,,,,,,,,,,FO,,,,,,,1458172800.0,1458225000.0,,,,90.0,Cash,,0,1,1801.0,65,361140.0,2090.0,5.0,1,1,1,0,0,1,0,1000000000000.0,1,0,1801
59401,XX,nse_fo,OPTIDX,NIFTY,NIFTY2631718350CE,CE,NIFTY17MAR2618350.00CE,,26000,,,,,,5,65,1458225000,-1,2,1835000.0,NSE,OPTIDX,1458225000,1458086400,1458225000,1458086400,0,0,0,0,0,,0,0,1457888468,,,,,,,,,,FO,,,,,,,1458172800.0,1458225000.0,,,,480810.0,Cash,,1,1,1801.0,65,0.0,535740.0,425880.0,1,1,1,0,0,1,0,1000000000000.0,1,0,1801
58262,XX,nse_fo,OPTIDX,NIFTY,NIFTY2631729650PE,PE,NIFTY17MAR2629650.00PE,,26000,,,,,,5,65,1458225000,-1,2,2965000.0,NSE,OPTIDX,1458225000,1455235200,1458225000,1455235200,0,0,0,0,0,,0,0,1457888468,,,,,,,,,,FO,,,,,,,1458172800.0,1458225000.0,,,,647635.0,Cash,,1,1,1801.0,65,0.0,702565.0,592705.0,1,1,1,0,0,1,0,1000000000000.0,1,0,1801
58287,XX,nse_fo,OPTIDX,NIFTY,NIFTY2631730300CE,CE,NIFTY17MAR2630300.00CE,,26000,,,,,,5,65,1458225000,-1,2,3030000.0,NSE,OPTIDX,1458225000,1455235200,1458225000,1455235200,0,0,0,0,0,,0,0,1457887036,,,,,,,,,,FO,,,,,,,1458172800.0,1458225000.0,,,,5.0,Cash,,1,1,1801.0,65,0.0,2005.0,5.0,1,1,1,0,0,1,0,1000000000000.0,1,0,1801
57744,XX,nse_fo,OPTIDX,NIFTY,NIFTY2631723450PE,PE,NIFTY17MAR2623450.00PE,,26000,,,,,,5,65,1458225000,-1,2,2345000.0,NSE,OPTIDX,1458225000,1455235200,1458225000,1455235200,0,0,0,0,0,,0,0,1457888468,,,,,,,,,,FO,,,,,,,1458172800.0,1458225000.0,,,,41390.0,Cash,,0,1,1801.0,65,687050.0,88960.0,5.0,1,1,1,0,0,1,0,1000000000000.0,1,0,1801
58268,XX,nse_fo,OPTIDX,NIFTY,NIFTY2631729800PE,PE,NIFTY17MAR2629800.00PE,,26000,,,,,,5,65,1458225000,-1,2,2980000.0,NSE,OPTIDX,1458225000,1455235200,1458225000,1455235200,0,0,0,0,0,,0,0,1457888468,,,,,,,,,,FO,,,,,,,1458172800.0,1458225000.0,,,,662625.0,Cash,,1,1,1801.0,65,0.0,717555.0,607695.0,1,1,1,0,0,1,0,1000000000000.0,1,0,1801
58281,XX,nse_fo,OPTIDX,NIFTY,NIFTY2631730150CE,CE,NIFTY17MAR2630150.00CE,,26000,,,,,,5,65,1458225000,-1,2,3015000.0,NSE,OPTIDX,1458225000,1455235200,1458225000,1455235200,0,0,0,0,0,,0,0,1457887036,,,,,,,,,,FO,,,,,,,1458172800.0,1458225000.0,,,,5.0,Cash,,1,1,1801.0,65,0.0,2005.0,5.0,1,1,1,0,0,1,0,1000000000000.0,1,0,1801
49786,XX,nse_fo,OPTIDX,NIFTY,NIFTY2631719050CE,CE,NIFTY17MAR2619050.00CE,,26000,,,,,,5,65,1458225000,-1,2,1905000.0,NSE,OPTIDX,1458225000,1457568000,1458225000,1457568000,0,0,0,0,0,,0,0,1457888468,,,,,,,,,,FO,,,,,,,1458172800.0,1458225000.0,,,,410835.0,Cash,,1,1,1801.0,65,0.0,465765.0,355905.0,1,1,1,0,0,1,0,1000000000000.0,1,0,1801
57649,XX,nse_fo,OPTIDX,NIFTY,NIFTY2631722150PE,PE,NIFTY17MAR2622150.00PE,,26000,,,,,,5,65,1458225000,-1,2,2215000.0,NSE,OPTIDX,1458225000,1455235200,1458225000,1455235200,0,0,0,0,0,,0,0,1457888468,,,,,,,,,,FO,,,,,,,1458172800.0,1458225000.0,,,,2900.0,Cash,,0,1,1801.0,65,509795.0,4900.0,900.0,1,1,1,0,0,1,0,1000000000000.0,1,0,1801
57886,XX,nse_fo,OPTIDX,NIFTY,NIFTY2631725050CE,CE,NIFTY17MAR2625050.00CE,,26000,,,,,,5,65,1458225000,-1,2,2505000.0,NSE,OPTIDX,1458225000,1455235200,1458225000,1455235200,0,0,0,0,0,,0,0,1457888468,,,,,,,,,,FO,,,,,,,1458172800.0,1458225000.0,,,,330.0,Cash,,0,1,1801.0,65,688090.0,2330.0,5.0,1,1,1,0,0,1,0,1000000000000.0,1,0,1801
57669,XX,nse_fo,OPTIDX,NIFTY,NIFTY2631722500CE,CE,NIFTY17MAR2622500.00CE,,26000,,,,,,5,65,1458225000,-1,2,2250000.0,NSE,OPTIDX,1458225000,1455235200,1458225000,1455235200,0,0,0,0,0,,0,0,1457888468,,,,,,,,,,FO,,,,,,,1458172800.0,1458225000.0,,,,71455.0,Cash,,0,1,1801.0,65,116350.0,126125.0,16785.0,1,1,1,0,0,1,0,1000000000000.0,1,0,1801
57680,XX,nse_fo,OPTIDX,NIFTY,NIFTY2631722700PE,PE,NIFTY17MAR2622700.00PE,,26000,,,,,,5,65,1458225000,-1,2,2270000.0,NSE,OPTIDX,1458225000,1455235200,1458225000,1455235200,0,0,0,0,0,,0,0,1457888468,,,,,,,,,,FO,,,,,,,1458172800.0,1458225000.0,,,,9515.0,Cash,,0,1,1801.0,65,2320960.0,11515.0,7515.0,1,1,1,0,0,1,0,1000000000000.0,1,0,1801
57923,XX,nse_fo,OPTIDX,NIFTY,NIFTY2631725750CE,CE,NIFTY17MAR2625750.00CE,,26000,,,,,,5,65,1458225000,-1,2,2575000.0,NSE,OPTIDX,1458225000,1455235200,1458225000,1455235200,0,0,0,0,0,,0,0,1457887036,,,,,,,,,,FO,,,,,,,1458172800.0,1458225000.0,,,,155.0,Cash,,0,1,1801.0,65,274300.0,2155.0,5.0,1,1,1,0,0,1,0,1000000000000.0,1,0,1801
59398,XX,nse_fo,OPTIDX,NIFTY,NIFTY2631718250PE,PE,NIFTY17MAR2618250.00PE,,26000,,,,,,5,65,1458225000,-1,2,1825000.0,NSE,OPTIDX,1458225000,1458086400,1458225000,1458086400,0,0,0,0,0,,0,0,1457888468,,,,,,,,,,FO,,,,,,,1458172800.0,1458225000.0,,,,5.0,Cash,,1,1,1801.0,65,0.0,2005.0,5.0,1,1,1,0,0,1,0,1000000000000.0,1,0,1801
60554,XX,nse_fo,OPTIDX,NIFTY,NIFTY2631720350CE,CE,NIFTY17MAR2620350.00CE,,26000,,,,,,5,65,1458225000,-1,2,2035000.0,NSE,OPTIDX,1458225000,1455667200,1458225000,1455667200,0,0,0,0,0,,0,0,1457888468,,,,,,,,,,FO,,,,,,,1458172800.0,1458225000.0,,,,280885.0,Cash,,1,1,1801.0,65,0.0,335815.0,225955.0,1,1,1,0,0,1,0,1000000000000.0,1,0,1801
58242,XX,nse_fo,OPTIDX,NIFTY,NIFTY2631729150PE,PE,NIFTY17MAR2629150.00PE,,26000,,,,,,5,65,1458225000,-1,2,2915000.0,NSE,OPTIDX,1458225000,1455235200,1458225000,1455235200,0,0,0,0,0,,0,0,1457888468,,,,,,,,,,FO,,,,,,,1458172800.0,1458225000.0,,,,597675.0,Cash,,1,1,1801.0,65,0.0,652605.0,542745.0,1,1,1,0,0,1,0,1000000000000.0,1,0,1801
58130,XX,nse_fo,OPTIDX,NIFTY,NIFTY2631727100CE,CE,NIFTY17MAR2627100.00CE,,26000,,,,,,5,65,1458225000,-1,2,2710000.0,NSE,OPTIDX,1458225000,1455235200,1458225000,1455235200,0,0,0,0,0,,0,0,1457888468,,,,,,,,,,FO,,,,,,,1458172800.0,1458225000.0,,,,75.0,Cash,,0,1,1801.0,65,81640.0,2075.0,5.0,1,1,1,0,0,1,0,1000000000000.0,1,0,1801
57537,XX,nse_fo,OPTIDX,NIFTY,NIFTY2631720800CE,CE,NIFTY17MAR2620800.00CE,,26000,,,,,,5,65,1458225000,-1,2,2080000.0,NSE,OPTIDX,1458225000,1455235200,1458225000,1455235200,0,0,0,0,0,,0,0,1457888468,,,,,,,,,,FO,,,,,,,1458172800.0,1458225000.0,,,,235905.0,Cash,,1,1,1801.0,65,0.0,290835.0,180975.0,1,1,1,0,0,1,0,1000000000000.0,1,0,1801
49782,XX,nse_fo,OPTIDX,NIFTY,NIFTY2631718950CE,CE,NIFTY17MAR2618950.00CE,,26000,,,,,,5,65,1458225000,-1,2,1895000.0,NSE,OPTIDX,1458225000,1457568000,1458225000,1457568000,0,0,0,0,0,,0,0,1457888468,,,,,,,,,,FO,,,,,,,1458172800.0,1458225000.0,,,,420835.0,Cash,,1,1,1801.0,65,0.0,475765.0,365905.0,1,1,1,0,0,1,0,1000000000000.0,1,0,1801
57624,XX,nse_fo,OPTIDX,NIFTY,NIFTY2631721850CE,CE,NIFTY17MAR2621850.00CE,,26000,,,,,,5,65,1458225000,-1,2,2185000.0,NSE,OPTIDX,1458225000,1455235200,1458225000,1455235200,0,0,0,0,0,,0,0,1457888468,,,,,,,,,,FO,,,,,,,1458172800.0,1458225000.0,,,,130945.0,Cash,,0,1,1801.0,65,0.0,185870.0,76020.0,1,1,1,0,0,1,0,1000000000000.0,1,0,1801
58009,XX,nse_fo,OPTIDX,NIFTY,NIFTY2631726500CE,CE,NIFTY17MAR2626500.00CE,,26000,,,,,,5,65,1458225000,-1,2,2650000.0,NSE,OPTIDX,1458225000,1455235200,1458225000,1455235200,0,0,0,0,0,,0,0,1457888468,,,,,,,,,,FO,,,,,,,1458172800.0,1458225000.0,,,,90.0,Cash,,0,1,1801.0,65,1249240.0,2090.0,5.0,1,1,1,0,0,1,0,1000000000000.0,1,0,1801
57790,XX,nse_fo,OPTIDX,NIFTY,NIFTY2631723850PE,PE,NIFTY17MAR2623850.00PE,,26000,,,,,,5,65,1458225000,-1,2,2385000.0,NSE,OPTIDX,1458225000,1455235200,1458225000,1455235200,0,0,0,0,0,,0,0,1457888468,,,,,,,,,,FO,,,,,,,1458172800.0,1458225000.0,,,,73295.0,Cash,,0,1,1801.0,65,290550.0,127990.0,18600.0,1,1,1,0,0,1,0,1000000000000.0,1,0,1801
58277,XX,nse_fo,OPTIDX,NIFTY,NIFTY2631730050CE,CE,NIFTY17MAR2630050.00CE,,26000,,,,,,5,65,1458225000,-1,2,3005000.0,NSE,OPTIDX,1458225000,1455235200,1458225000,1455235200,0,0,0,0,0,,0,0,1457887036,,,,,,,,,,FO,,,,,,,1458172800.0,1458225000.0,,,,5.0,Cash,,1,1,1801.0,65,0.0,2005.0,5.0,1,1,1,0,0,1,0,1000000000000.0,1,0,1801
57534,XX,nse_fo,OPTIDX,NIFTY,NIFTY2631720750CE,CE,NIFTY17MAR2620750.00CE,,26000,,,,,,5,65,1458225000,-1,2,2075000.0,NSE,OPTIDX,1458225000,1455235200,1458225000,1455235200,0,0,0,0,0,,0,0,1457888468,,,,,,,,,,FO,,,,,,,1458172800.0,1458225000.0,,,,240900.0,Cash,,1,1,1801.0,65,0.0,295830.0,185970.0,1,1,1,0,0,1,0,1000000000000.0,1,0,1801
58260,XX,nse_fo,OPTIDX,NIFTY,NIFTY2631729600PE,PE,NIFTY17MAR2629600.00PE,,26000,,,,,,5,65,1458225000,-1,2,2960000.0,NSE,OPTIDX,1458225000,1455235200,1458225000,1455235200,0,0,0,0,0,,0,0,1457888468,,,,,,,,,,FO,,,,,,,1458172800.0,1458225000.0,,,,642640.0,Cash,,1,1,1801.0,65,0.0,697570.0,587710.0,1,1,1,0,0,1,0,1000000000000.0,1,0,1801
58321,XX,nse_fo,OPTIDX,NIFTY,NIFTY2631731150CE,CE,NIFTY17MAR2631150.00CE,,26000,,,,,,5,65,1458225000,-1,2,3115000.0,NSE,OPTIDX,1458225000,1455235200,1458225000,1455235200,0,0,0,0,0,,0,0,1457887036,,,,,,,,,,FO,,,,,,,1458172800.0,1458225000.0,,,,5.0,Cash,,1,1,1801.0,65,0.0,2005.0,5.0,1,1,1,0,0,1,0,1000000000000.0,1,0,1801
58239,XX,nse_fo,OPTIDX,NIFTY,NIFTY2631729100CE,CE,NIFTY17MAR2629100.00CE,,26000,,,,,,5,65,1458225000,-1,2,2910000.0,NSE,OPTIDX,1458225000,1455235200,1458225000,1455235200,0,0,0,0,0,,0,0,1457887036,,,,,,,,,,FO,,,,,,,1458172800.0,1458225000.0,,,,5.0,Cash,,1,1,1801.0,65,0.0,2005.0,5.0,1,1,1,0,0,1,0,1000000000000.0,1,0,1801
58266,XX,nse_fo,OPTIDX,NIFTY,NIFTY2631729750PE,PE,NIFTY17MAR2629750.00PE,,26000,,,,,,5,65,1458225000,-1,2,2975000.0,NSE,OPTIDX,1458225000,1455235200,1458225000,1455235200,0,0,0,0,0,,0,0,1457888468,,,,,,,,,,FO,,,,,,,1458172800.0,1458225000.0,,,,657625.0,Cash,,1,1,1801.0,65,0.0,712555.0,602695.0,1,1,1,0,0,1,0,1000000000000.0,1,0,1801
43720,XX,nse_fo,OPTIDX,NIFTY,NIFTY2631719250PE,PE,NIFTY17MAR2619250.00PE,,26000,,,,,,5,65,1458225000,-1,2,1925000.0,NSE,OPTIDX,1458225000,1457136000,1458225000,1457136000,0,0,0,0,0,,0,0,1457887033,,,,,,,,,,FO,,,,,,,1458172800.0,1458225000.0,,,,5.0,Cash,,1,1,1801.0,65,0.0,2005.0,5.0,1,1,1,0,0,1,0,1000000000000.0,1,0,1801
58214,XX,nse_fo,OPTIDX,NIFTY,NIFTY2631728550CE,CE,NIFTY17MAR2628550.00CE,,26000,,,,,,5,65,1458225000,-1,2,2855000.0,NSE,OPTIDX,1458225000,1455235200,1458225000,1455235200,0,0,0,0,0,,0,0,1457887036,,,,,,,,,,FO,,,,,,,1458172800.0,1458225000.0,,,,5.0,Cash,,1,1,1801.0,65,0.0,2005.0,5.0,1,1,1,0,0,1,0,1000000000000.0,1,0,1801
57980,XX,nse_fo,OPTIDX,NIFTY,NIFTY2631726050PE,PE,NIFTY17MAR2626050.00PE,,26000,,,,,,5,65,1458225000,-1,2,2605000.0,NSE,OPTIDX,1458225000,1455235200,1458225000,1455235200,0,0,0,0,0,,0,0,1457888468,,,,,,,,,,FO,,,,,,,1458172800.0,1458225000.0,,,,264000.0,Cash,,0,1,1801.0,65,1235.0,318930.0,209070.0,1,1,1,0,0,1,0,1000000000000.0,1,0,1801
57827,XX,nse_fo,OPTIDX,NIFTY,NIFTY2631724350PE,PE,NIFTY17MAR2624350.00PE,,26000,,,,,,5,65,1458225000,-1,2,2435000.0,NSE,OPTIDX,1458225000,1455235200,1458225000,1455235200,0,0,0,0,0,,0,0,1457888468,,,,,,,,,,FO,,,,,,,1458172800.0,1458225000.0,,,,120185.0,Cash,,0,1,1801.0,65,111085.0,175115.0,65255.0,1,1,1,0,0,1,0,1000000000000.0,1,0,1801
71602,XX,nse_fo,OPTIDX,NIFTY,NIFTY2631720150CE,CE,NIFTY17MAR2620150.00CE,,26000,,,,,,5,65,1458225000,-1,2,2015000.0,NSE,OPTIDX,1458225000,1456444800,1458225000,1456444800,0,0,0,0,0,,0,0,1457888468,,,,,,,,,,FO,,,,,,,1458172800.0,1458225000.0,,,,300880.0,Cash,,1,1,1801.0,65,0.0,355810.0,245950.0,1,1,1,0,0,1,0,1000000000000.0,1,0,1801
58286,XX,nse_fo,OPTIDX,NIFTY,NIFTY2631730250PE,PE,NIFTY17MAR2630250.00PE,,26000,,,,,,5,65,1458225000,-1,2,3025000.0,NSE,OPTIDX,1458225000,1455235200,1458225000,1455235200,0,0,0,0,0,,0,0,1457888468,,,,,,,,,,FO,,,,,,,1458172800.0,1458225000.0,,,,707590.0,Cash,,1,1,1801.0,65,0.0,762520.0,652660.0,1,1,1,0,0,1,0,1000000000000.0,1,0,1801
58112,XX,nse_fo,OPTIDX,NIFTY,NIFTY2631726950PE,PE,NIFTY17MAR2626950.00PE,,26000,,,,,,5,65,1458225000,-1,2,2695000.0,NSE,OPTIDX,1458225000,1455235200,1458225000,1455235200,0,0,0,0,0,,0,0,1457888468,,,,,,,,,,FO,,,,,,,1458172800.0,1458225000.0,,,,378865.0,Cash,,0,1,1801.0,65,0.0,433795.0,323935.0,1,1,1,0,0,1,0,1000000000000.0,1,0,1801
58098,XX,nse_fo,OPTIDX,NIFTY,NIFTY2631726850PE,PE,NIFTY17MAR2626850.00PE,,26000,,,,,,5,65,1458225000,-1,2,2685000.0,NSE,OPTIDX,1458225000,1455235200,1458225000,1455235200,0,0,0,0,0,,0,0,1457888468,,,,,,,,,,FO,,,,,,,1458172800.0,1458225000.0,,,,368870.0,Cash,,0,1,1801.0,65,0.0,423800.0,313940.0,1,1,1,0,0,1,0,1000000000000.0,1,0,1801
58293,XX,nse_fo,OPTIDX,NIFTY,NIFTY2631730450CE,CE,NIFTY17MAR2630450.00CE,,26000,,,,,,5,65,1458225000,-1,2,3045000.0,NSE,OPTIDX,1458225000,1455235200,1458225000,1455235200,0,0,0,0,0,,0,0,1457887036,,,,,,,,,,FO,,,,,,,1458172800.0,1458225000.0,,,,5.0,Cash,,1,1,1801.0,65,0.0,2005.0,5.0,1,1,1,0,0,1,0,1000000000000.0,1,0,1801
57878,XX,nse_fo,OPTIDX,NIFTY,NIFTY2631724850PE,PE,NIFTY17MAR2624850.00PE,,26000,,,,,,5,65,1458225000,-1,2,2485000.0,NSE,OPTIDX,1458225000,1455235200,1458225000,1455235200,0,0,0,0,0,,0,0,1457888468,,,,,,,,,,FO,,,,,,,1458172800.0,1458225000.0,,,,169635.0,Cash,,0,1,1801.0,65,45695.0,224565.0,114705.0,1,1,1,0,0,1,0,1000000000000.0,1,0,1801
57991,XX,nse_fo,OPTIDX,NIFTY,NIFTY2631726150CE,CE,NIFTY17MAR2626150.00CE,,26000,,,,,,5,65,1458225000,-1,2,2615000.0,NSE,OPTIDX,1458225000,1455235200,1458225000,1455235200,0,0,0,0,0,,0,0,1457887036,,,,,,,,,,FO,,,,,,,1458172800.0,1458225000.0,,,,110.0,Cash,,0,1,1801.0,65,257985.0,2110.0,5.0,1,1,1,0,0,1,0,1000000000000.0,1,0,1801
57893,XX,nse_fo,OPTIDX,NIFTY,NIFTY2631725150CE,CE,NIFTY17MAR2625150.00CE,,26000,,,,,,5,65,1458225000,-1,2,2515000.0,NSE,OPTIDX,1458225000,1455235200,1458225000,1455235200,0,0,0,0,0,,0,0,1457888468,,,,,,,,,,FO,,,,,,,1458172800.0,1458225000.0,,,,285.0,Cash,,0,1,1801.0,65,590135.0,2285.0,5.0,1,1,1,0,0,1,0,1000000000000.0,1,0,1801
58257,XX,nse_fo,OPTIDX,NIFTY,NIFTY2631729550CE,CE,NIFTY17MAR2629550.00CE,,26000,,,,,,5,65,1458225000,-1,2,2955000.0,NSE,OPTIDX,1458225000,1455235200,1458225000,1455235200,0,0,0,0,0,,0,0,1457887036,,,,,,,,,,FO,,,,,,,1458172800.0,1458225000.0,,,,5.0,Cash,,1,1,1801.0,65,0.0,2005.0,5.0,1,1,1,0,0,1,0,1000000000000.0,1,0,1801
49779,XX,nse_fo,OPTIDX,NIFTY,NIFTY2631718850PE,PE,NIFTY17MAR2618850.00PE,,26000,,,,,,5,65,1458225000,-1,2,1885000.0,NSE,OPTIDX,1458225000,1457568000,1458225000,1457568000,0,0,0,0,0,,0,0,1457887035,,,,,,,,,,FO,,,,,,,1458172800.0,1458225000.0,,,,5.0,Cash,,1,1,1801.0,65,0.0,2005.0,5.0,1,1,1,0,0,1,0,1000000000000.0,1,0,1801
57857,XX,nse_fo,OPTIDX,NIFTY,NIFTY2631724550CE,CE,NIFTY17MAR2624550.00CE,,26000,,,,,,5,65,1458225000,-1,2,2455000.0,NSE,OPTIDX,1458225000,1455235200,1458225000,1455235200,0,0,0,0,0,,0,0,1457888468,,,,,,,,,,FO,,,,,,,1458172800.0,1458225000.0,,,,805.0,Cash,,0,1,1801.0,65,1178520.0,2805.0,5.0,1,1,1,0,0,1,0,1000000000000.0,1,0,1801
58313,XX,nse_fo,OPTIDX,NIFTY,NIFTY2631730950CE,CE,NIFTY17MAR2630950.00CE,,26000,,,,,,5,65,1458225000,-1,2,3095000.0,NSE,OPTIDX,1458225000,1455235200,1458225000,1455235200,0,0,0,0,0,,0,0,1457887036,,,,,,,,,,FO,,,,,,,1458172800.0,1458225000.0,,,,5.0,Cash,,1,1,1801.0,65,0.0,2005.0,5.0,1,1,1,0,0,1,0,1000000000000.0,1,0,1801
58161,XX,nse_fo,OPTIDX,NIFTY,NIFTY2631727650PE,PE,NIFTY17MAR2627650.00PE,,26000,,,,,,5,65,1458225000,-1,2,2765000.0,NSE,OPTIDX,1458225000,1455235200,1458225000,1455235200,0,0,0,0,0,,0,0,1457888468,,,,,,,,,,FO,,,,,,,1458172800.0,1458225000.0,,,,448840.0,Cash,,0,1,1801.0,65,65.0,503770.0,393910.0,1,1,1,0,0,1,0,1000000000000.0,1,0,1801
58135,XX,nse_fo,OPTIDX,NIFTY,NIFTY2631727200PE,PE,NIFTY17MAR2627200.00PE,,26000,,,,,,5,65,1458225000,-1,2,2720000.0,NSE,OPTIDX,1458225000,1455235200,1458225000,1455235200,0,0,0,0,0,,0,0,1457888468,,,,,,,,,,FO,,,,,,,1458172800.0,1458225000.0,,,,403855.0,Cash,,0,1,1801.0,65,0.0,458785.0,348925.0,1,1,1,0,0,1,0,1000000000000.0,1,0,1801
38372,XX,nse_fo,OPTIDX,NIFTY,NIFTY2631720000PE,PE,NIFTY17MAR2620000.00PE,,26000,,,,,,5,65,1458225000,-1,2,2000000.0,NSE,OPTIDX,1458225000,1456876800,1458225000,1456876800,0,0,0,0,0,,0,0,1457887032,,,,,,,,,,FO,,,,,,,1458172800.0,1458225000.0,,,,5.0,Cash,,1,1,1801.0,65,0.0,2005.0,5.0,1,1,1,0,0,1,0,1000000000000.0,1,0,1801
58267,XX,nse_fo,OPTIDX,NIFTY,NIFTY2631729800CE,CE,NIFTY17MAR2629800.00CE,,26000,,,,,,5,65,1458225000,-1,2,2980000.0,NSE,OPTIDX,1458225000,1455235200,1458225000,1455235200,0,0,0,0,0,,0,0,1457887036,,,,,,,,,,FO,,,,,,,1458172800.0,1458225000.0,,,,5.0,Cash,,1,1,1801.0,65,0.0,2005.0,5.0,1,1,1,0,0,1,0,1000000000000.0,1,0,1801
57881,XX,nse_fo,OPTIDX,NIFTY,NIFTY2631724900PE,PE,NIFTY17MAR2624900.00PE,,26000,,,,,,5,65,1458225000,-1,2,2490000.0,NSE,OPTIDX,1458225000,1455235200,1458225000,1455235200,0,0,0,0,0,,0,0,1457888468,,,,,,,,,,FO,,,,,,,1458172800.0,1458225000.0,,,,174215.0,Cash,,0,1,1801.0,65,223015.0,229145.0,119285.0,1,1,1,0,0,1,0,1000000000000.0,1,0,1801
58318,XX,nse_fo,OPTIDX,NIFTY,NIFTY2631731050PE,PE,NIFTY17MAR2631050.00PE,,26000,,,,,,5,65,1458225000,-1,2,3105000.0,NSE,OPTIDX,1458225000,1455235200,1458225000,1455235200,0,0,0,0,0,,0,0,1457888468,,,,,,,,,,FO,,,,,,,1458172800.0,1458225000.0,,,,787530.0,Cash,,1,1,1801.0,65,0.0,842460.0,732600.0,1,1,1,0,0,1,0,1000000000000.0,1,0,1801
58243,XX,nse_fo,OPTIDX,NIFTY,NIFTY2631729200CE,CE,NIFTY17MAR2629200.00CE,,26000,,,,,,5,65,1458225000,-1,2,2920000.0,NSE,OPTIDX,1458225000,1455235200,1458225000,1455235200,0,0,0,0,0,,0,0,1457887036,,,,,,,,,,FO,,,,,,,1458172800.0,1458225000.0,,,,5.0,Cash,,1,1,1801.0,65,0.0,2005.0,5.0,1,1,1,0,0,1,0,1000000000000.0,1,0,1801
56846,XX,nse_fo,OPTIDX,NIFTY,NIFTY2631718550PE,PE,NIFTY17MAR2618550.00PE,,26000,,,,,,5,65,1458225000,-1,2,1855000.0,NSE,OPTIDX,1458225000,1457827200,1458225000,1457827200,0,0,0,0,0,,0,0,1457887036,,,,,,,,,,FO,,,,,,,1458172800.0,1458225000.0,,,,5.0,Cash,,1,1,1801.0,65,0.0,2005.0,5.0,1,1,1,0,0,1,0,1000000000000.0,1,0,1801
57895,XX,nse_fo,OPTIDX,NIFTY,NIFTY2631725200CE,CE,NIFTY17MAR2625200.00CE,,26000,,,,,,5,65,1458225000,-1,2,2520000.0,NSE,OPTIDX,1458225000,1455235200,1458225000,1455235200,0,0,0,0,0,,0,0,1457888468,,,,,,,,,,FO,,,,,,,1458172800.0,1458225000.0,,,,245.0,Cash,,0,1,1801.0,65,4953580.0,2245.0,5.0,1,1,1,0,0,1,0,1000000000000.0,1,0,1801
49778,XX,nse_fo,OPTIDX,NIFTY,NIFTY2631718850CE,CE,NIFTY17MAR2618850.00CE,,26000,,,,,,5,65,1458225000,-1,2,1885000.0,NSE,OPTIDX,1458225000,1457568000,1458225000,1457568000,0,0,0,0,0,,0,0,1457888468,,,,,,,,,,FO,,,,,,,1458172800.0,1458225000.0,,,,430830.0,Cash,,1,1,1801.0,65,0.0,485760.0,375900.0,1,1,1,0,0,1,0,1000000000000.0,1,0,1801
58271,XX,nse_fo,OPTIDX,NIFTY,NIFTY2631729900CE,CE,NIFTY17MAR2629900.00CE,,26000,,,,,,5,65,1458225000,-1,2,2990000.0,NSE,OPTIDX,1458225000,1455235200,1458225000,1455235200,0,0,0,0,0,,0,0,1457887036,,,,,,,,,,FO,,,,,,,1458172800.0,1458225000.0,,,,5.0,Cash,,1,1,1801.0,65,0.0,2005.0,5.0,1,1,1,0,0,1,0,1000000000000.0,1,0,1801
57867,XX,nse_fo,OPTIDX,NIFTY,NIFTY2631724600CE,CE,NIFTY17MAR2624600.00CE,,26000,,,,,,5,65,1458225000,-1,2,2460000.0,NSE,OPTIDX,1458225000,1455235200,1458225000,1455235200,0,0,0,0,0,,0,0,1457888468,,,,,,,,,,FO,,,,,,,1458172800.0,1458225000.0,,,,750.0,Cash,,0,1,1801.0,65,4011800.0,2750.0,5.0,1,1,1,0,0,1,0,1000000000000.0,1,0,1801
56845,XX,nse_fo,OPTIDX,NIFTY,NIFTY2631718550CE,CE,NIFTY17MAR2618550.00CE,,26000,,,,,,5,65,1458225000,-1,2,1855000.0,NSE,OPTIDX,1458225000,1457827200,1458225000,1457827200,0,0,0,0,0,,0,0,1457888468,,,,,,,,,,FO,,,,,,,1458172800.0,1458225000.0,,,,460820.0,Cash,,1,1,1801.0,65,0.0,515750.0,405890.0,1,1,1,0,0,1,0,1000000000000.0,1,0,1801
58224,XX,nse_fo,OPTIDX,NIFTY,NIFTY2631728700PE,PE,NIFTY17MAR2628700.00PE,,26000,,,,,,5,65,1458225000,-1,2,2870000.0,NSE,OPTIDX,1458225000,1455235200,1458225000,1455235200,0,0,0,0,0,,0,0,1457888468,,,,,,,,,,FO,,,,,,,1458172800.0,1458225000.0,,,,552705.0,Cash,,1,1,1801.0,65,0.0,607635.0,497775.0,1,1,1,0,0,1,0,1000000000000.0,1,0,1801
56829,XX,nse_fo,OPTIDX,NIFTY,NIFTY2631718400CE,CE,NIFTY17MAR2618400.00CE,,26000,,,,,,5,65,1458225000,-1,2,1840000.0,NSE,OPTIDX,1458225000,1457827200,1458225000,1457827200,0,0,0,0,0,,0,0,1457888468,,,,,,,,,,FO,,,,,,,1458172800.0,1458225000.0,,,,475815.0,Cash,,1,1,1801.0,65,0.0,530745.0,420885.0,1,1,1,0,0,1,0,1000000000000.0,1,0,1801
58016,XX,nse_fo,OPTIDX,NIFTY,NIFTY2631726550PE,PE,NIFTY17MAR2626550.00PE,,26000,,,,,,5,65,1458225000,-1,2,2655000.0,NSE,OPTIDX,1458225000,1455235200,1458225000,1455235200,0,0,0,0,0,,0,0,1457888468,,,,,,,,,,FO,,,,,,,1458172800.0,1458225000.0,,,,321870.0,Cash,,0,1,1801.0,65,65.0,376800.0,266940.0,1,1,1,0,0,1,0,1000000000000.0,1,0,1801
58314,XX,nse_fo,OPTIDX,NIFTY,NIFTY2631730950PE,PE,NIFTY17MAR2630950.00PE,,26000,,,,,,5,65,1458225000,-1,2,3095000.0,NSE,OPTIDX,1458225000,1455235200,1458225000,1455235200,0,0,0,0,0,,0,0,1457888468,,,,,,,,,,FO,,,,,,,1458172800.0,1458225000.0,,,,777535.0,Cash,,1,1,1801.0,65,0.0,832465.0,722605.0,1,1,1,0,0,1,0,1000000000000.0,1,0,1801
57679,XX,nse_fo,OPTIDX,NIFTY,NIFTY2631722700CE,CE,NIFTY17MAR2622700.00CE,,26000,,,,,,5,65,1458225000,-1,2,2270000.0,NSE,OPTIDX,1458225000,1455235200,1458225000,1455235200,0,0,0,0,0,,0,0,1457888468,,,,,,,,,,FO,,,,,,,1458172800.0,1458225000.0,,,,55135.0,Cash,,0,1,1801.0,65,56940.0,108090.0,2180.0,1,1,1,0,0,1,0,1000000000000.0,1,0,1801
58154,XX,nse_fo,OPTIDX,NIFTY,NIFTY2631727500PE,PE,NIFTY17MAR2627500.00PE,,26000,,,,,,5,65,1458225000,-1,2,2750000.0,NSE,OPTIDX,1458225000,1455235200,1458225000,1455235200,0,0,0,0,0,,0,0,1457888468,,,,,,,,,,FO,,,,,,,1458172800.0,1458225000.0,,,,433845.0,Cash,,0,1,1801.0,65,3965.0,488775.0,378915.0,1,1,1,0,0,1,0,1000000000000.0,1,0,1801
57789,XX,nse_fo,OPTIDX,NIFTY,NIFTY2631723850CE,CE,NIFTY17MAR2623850.00CE,,26000,,,,,,5,65,1458225000,-1,2,2385000.0,NSE,OPTIDX,1458225000,1455235200,1458225000,1455235200,0,0,0,0,0,,0,0,1457888468,,,,,,,,,,FO,,,,,,,1458172800.0,1458225000.0,,,,3900.0,Cash,,0,1,1801.0,65,1246380.0,5900.0,1900.0,1,1,1,0,0,1,0,1000000000000.0,1,0,1801
59394,XX,nse_fo,OPTIDX,NIFTY,NIFTY2631718150PE,PE,NIFTY17MAR2618150.00PE,,26000,,,,,,5,65,1458225000,-1,2,1815000.0,NSE,OPTIDX,1458225000,1458086400,1458225000,1458086400,0,0,0,0,0,,0,0,1457888468,,,,,,,,,,FO,,,,,,,1458172800.0,1458225000.0,,,,5.0,Cash,,1,1,1801.0,65,0.0,2005.0,5.0,1,1,1,0,0,1,0,1000000000000.0,1,0,1801
57794,XX,nse_fo,OPTIDX,NIFTY,NIFTY2631723950PE,PE,NIFTY17MAR2623950.00PE,,26000,,,,,,5,65,1458225000,-1,2,2395000.0,NSE,OPTIDX,1458225000,1455235200,1458225000,1455235200,0,0,0,0,0,,0,0,1457888468,,,,,,,,,,FO,,,,,,,1458172800.0,1458225000.0,,,,82460.0,Cash,,0,1,1801.0,65,293475.0,137320.0,27600.0,1,1,1,0,0,1,0,1000000000000.0,1,0,1801
43708,XX,nse_fo,OPTIDX,NIFTY,NIFTY2631718600CE,CE,NIFTY17MAR2618600.00CE,,26000,,,,,,5,65,1458225000,-1,2,1860000.0,NSE,OPTIDX,1458225000,1457740800,1458225000,1457740800,0,0,0,0,0,,0,0,1457888468,,,,,,,,,,FO,,,,,,,1458172800.0,1458225000.0,,,,455820.0,Cash,,1,1,1801.0,65,0.0,510750.0,400890.0,1,1,1,0,0,1,0,1000000000000.0,1,0,1801
43731,XX,nse_fo,OPTIDX,NIFTY,NIFTY2631719500CE,CE,NIFTY17MAR2619500.00CE,,26000,,,,,,5,65,1458225000,-1,2,1950000.0,NSE,OPTIDX,1458225000,1457136000,1458225000,1457136000,0,0,0,0,0,,0,0,1457888468,,,,,,,,,,FO,,,,,,,1458172800.0,1458225000.0,,,,365855.0,Cash,,1,1,1801.0,65,0.0,420785.0,310925.0,1,1,1,0,0,1,0,1000000000000.0,1,0,1801
58255,XX,nse_fo,OPTIDX,NIFTY,NIFTY2631729500CE,CE,NIFTY17MAR2629500.00CE,,26000,,,,,,5,65,1458225000,-1,2,2950000.0,NSE,OPTIDX,1458225000,1455235200,1458225000,1455235200,0,0,0,0,0,,0,0,1457887036,,,,,,,,,,FO,,,,,,,1458172800.0,1458225000.0,,,,5.0,Cash,,1,1,1801.0,65,0.0,2005.0,5.0,1,1,1,0,0,1,0,1000000000000.0,1,0,1801
57871,XX,nse_fo,OPTIDX,NIFTY,NIFTY2631724700CE,CE,NIFTY17MAR2624700.00CE,,26000,,,,,,5,65,1458225000,-1,2,2470000.0,NSE,OPTIDX,1458225000,1455235200,1458225000,1455235200,0,0,0,0,0,,0,0,1457888468,,,,,,,,,,FO,,,,,,,1458172800.0,1458225000.0,,,,610.0,Cash,,0,1,1801.0,65,4758000.0,2610.0,5.0,1,1,1,0,0,1,0,1000000000000.0,1,0,1801
58235,XX,nse_fo,OPTIDX,NIFTY,NIFTY2631729000CE,CE,NIFTY17MAR2629000.00CE,,26000,,,,,,5,65,1458225000,-1,2,2900000.0,NSE,OPTIDX,1458225000,1455235200,1458225000,1455235200,0,0,0,0,0,,0,0,1457887036,,,,,,,,,,FO,,,,,,,1458172800.0,1458225000.0,,,,5.0,Cash,,1,1,1801.0,65,0.0,2005.0,5.0,1,1,1,0,0,1,0,1000000000000.0,1,0,1801
48526,XX,nse_fo,OPTIDX,NIFTY,NIFTY2631719200CE,CE,NIFTY17MAR2619200.00CE,,26000,,,,,,5,65,1458225000,-1,2,1920000.0,NSE,OPTIDX,1458225000,1457481600,1458225000,1457481600,0,0,0,0,0,,0,0,1457888468,,,,,,,,,,FO,,,,,,,1458172800.0,1458225000.0,,,,395845.0,Cash,,1,1,1801.0,65,0.0,450775.0,340915.0,1,1,1,0,0,1,0,1000000000000.0,1,0,1801
57673,XX,nse_fo,OPTIDX,NIFTY,NIFTY2631722600CE,CE,NIFTY17MAR2622600.00CE,,26000,,,,,,5,65,1458225000,-1,2,2260000.0,NSE,OPTIDX,1458225000,1455235200,1458225000,1455235200,0,0,0,0,0,,0,0,1457888468,,,,,,,,,,FO,,,,,,,1458172800.0,1458225000.0,,,,63150.0,Cash,,0,1,1801.0,65,24960.0,117305.0,8995.0,1,1,1,0,0,1,0,1000000000000.0,1,0,1801
57801,XX,nse_fo,OPTIDX,NIFTY,NIFTY2631724150CE,CE,NIFTY17MAR2624150.00CE,,26000,,,,,,5,65,1458225000,-1,2,2415000.0,NSE,OPTIDX,1458225000,1455235200,1458225000,1455235200,0,0,0,0,0,,0,0,1457888468,,,,,,,,,,FO,,,,,,,1458172800.0,1458225000.0,,,,1850.0,Cash,,0,1,1801.0,65,2080580.0,3850.0,5.0,1,1,1,0,0,1,0,1000000000000.0,1,0,1801
58236,XX,nse_fo,OPTIDX,NIFTY,NIFTY2631729000PE,PE,NIFTY17MAR2629000.00PE,,26000,,,,,,5,65,1458225000,-1,2,2900000.0,NSE,OPTIDX,1458225000,1455235200,1458225000,1455235200,0,0,0,0,0,,0,0,1457888468,,,,,,,,,,FO,,,,,,,1458172800.0,1458225000.0,,,,582685.0,Cash,,1,1,1801.0,65,0.0,637615.0,527755.0,1,1,1,0,0,1,0,1000000000000.0,1,0,1801
57691,XX,nse_fo,OPTIDX,NIFTY,NIFTY2631722950CE,CE,NIFTY17MAR2622950.00CE,,26000,,,,,,5,65,1458225000,-1,2,2295000.0,NSE,OPTIDX,1458225000,1455235200,1458225000,1455235200,0,0,0,0,0,,0,0,1457888468,,,,,,,,,,FO,,,,,,,1458172800.0,1458225000.0,,,,36615.0,Cash,,0,1,1801.0,65,78195.0,80220.0,5.0,1,1,1,0,0,1,0,1000000000000.0,1,0,1801
58283,XX,nse_fo,OPTIDX,NIFTY,NIFTY2631730200CE,CE,NIFTY17MAR2630200.00CE,,26000,,,,,,5,65,1458225000,-1,2,3020000.0,NSE,OPTIDX,1458225000,1455235200,1458225000,1455235200,0,0,0,0,0,,0,0,1457887036,,,,,,,,,,FO,,,,,,,1458172800.0,1458225000.0,,,,5.0,Cash,,1,1,1801.0,65,0.0,2005.0,5.0,1,1,1,0,0,1,0,1000000000000.0,1,0,1801
59388,XX,nse_fo,OPTIDX,NIFTY,NIFTY2631718000PE,PE,NIFTY17MAR2618000.00PE,,26000,,,,,,5,65,1458225000,-1,2,1800000.0,NSE,OPTIDX,1458225000,1458086400,1458225000,1458086400,0,0,0,0,0,,0,0,1457888468,,,,,,,,,,FO,,,,,,,1458172800.0,1458225000.0,,,,5.0,Cash,,1,1,1801.0,65,0.0,2005.0,5.0,1,1,1,0,0,1,0,1000000000000.0,1,0,1801
58207,XX,nse_fo,OPTIDX,NIFTY,NIFTY2631728400CE,CE,NIFTY17MAR2628400.00CE,,26000,,,,,,5,65,1458225000,-1,2,2840000.0,NSE,OPTIDX,1458225000,1455235200,1458225000,1455235200,0,0,0,0,0,,0,0,1457887036,,,,,,,,,,FO,,,,,,,1458172800.0,1458225000.0,,,,5.0,Cash,,1,1,1801.0,65,0.0,2005.0,5.0,1,1,1,0,0,1,0,1000000000000.0,1,0,1801
57773,XX,nse_fo,OPTIDX,NIFTY,NIFTY2631723750PE,PE,NIFTY17MAR2623750.00PE,,26000,,,,,,5,65,1458225000,-1,2,2375000.0,NSE,OPTIDX,1458225000,1455235200,1458225000,1455235200,0,0,0,0,0,,0,0,1457888468,,,,,,,,,,FO,,,,,,,1458172800.0,1458225000.0,,,,64895.0,Cash,,0,1,1801.0,65,481325.0,119150.0,10640.0,1,1,1,0,0,1,0,1000000000000.0,1,0,1801
57832,XX,nse_fo,OPTIDX,NIFTY,NIFTY2631724400CE,CE,NIFTY17MAR2624400.00CE,,26000,,,,,,5,65,1458225000,-1,2,2440000.0,NSE,OPTIDX,1458225000,1455235200,1458225000,1455235200,0,0,0,0,0,,0,0,1457888468,,,,,,,,,,FO,,,,,,,1458172800.0,1458225000.0,,,,1115.0,Cash,,0,1,1801.0,65,4394260.0,3115.0,5.0,1,1,1,0,0,1,0,1000000000000.0,1,0,1801
58291,XX,nse_fo,OPTIDX,NIFTY,NIFTY2631730400CE,CE,NIFTY17MAR2630400.00CE,,26000,,,,,,5,65,1458225000,-1,2,3040000.0,NSE,OPTIDX,1458225000,1455235200,1458225000,1455235200,0,0,0,0,0,,0,0,1457887036,,,,,,,,,,FO,,,,,,,1458172800.0,1458225000.0,,,,5.0,Cash,,1,1,1801.0,65,0.0,2005.0,5.0,1,1,1,0,0,1,0,1000000000000.0,1,0,1801
58246,XX,nse_fo,OPTIDX,NIFTY,NIFTY2631729250PE,PE,NIFTY17MAR2629250.00PE,,26000,,,,,,5,65,1458225000,-1,2,2925000.0,NSE,OPTIDX,1458225000,1455235200,1458225000,1455235200,0,0,0,0,0,,0,0,1457888468,,,,,,,,,,FO,,,,,,,1458172800.0,1458225000.0,,,,607665.0,Cash,,1,1,1801.0,65,0.0,662595.0,552735.0,1,1,1,0,0,1,0,1000000000000.0,1,0,1801
58168,XX,nse_fo,OPTIDX,NIFTY,NIFTY2631727750CE,CE,NIFTY17MAR2627750.00CE,,26000,,,,,,5,65,1458225000,-1,2,2775000.0,NSE,OPTIDX,1458225000,1455235200,1458225000,1455235200,0,0,0,0,0,,0,0,1457887036,,,,,,,,,,FO,,,,,,,1458172800.0,1458225000.0,,,,5.0,Cash,,1,1,1801.0,65,0.0,2005.0,5.0,1,1,1,0,0,1,0,1000000000000.0,1,0,1801
58258,XX,nse_fo,OPTIDX,NIFTY,NIFTY2631729550PE,PE,NIFTY17MAR2629550.00PE,,26000,,,,,,5,65,1458225000,-1,2,2955000.0,NSE,OPTIDX,1458225000,1455235200,1458225000,1455235200,0,0,0,0,0,,0,0,1457888468,,,,,,,,,,FO,,,,,,,1458172800.0,1458225000.0,,,,637640.0,Cash,,1,1,1801.0,65,0.0,692570.0,582710.0,1,1,1,0,0,1,0,1000000000000.0,1,0,1801
59386,XX,nse_fo,OPTIDX,NIFTY,NIFTY2631717950PE,PE,NIFTY17MAR2617950.00PE,,26000,,,,,,5,65,1458225000,-1,2,1795000.0,NSE,OPTIDX,1458225000,1458086400,1458225000,1458086400,0,0,0,0,0,,0,0,1457888468,,,,,,,,,,FO,,,,,,,1458172800.0,1458225000.0,,,,5.0,Cash,,1,1,1801.0,65,0.0,2005.0,5.0,1,1,1,0,0,1,0,1000000000000.0,1,0,1801
58199,XX,nse_fo,OPTIDX,NIFTY,NIFTY2631728200CE,CE,NIFTY17MAR2628200.00CE,,26000,,,,,,5,65,1458225000,-1,2,2820000.0,NSE,OPTIDX,1458225000,1455235200,1458225000,1455235200,0,0,0,0,0,,0,0,1457887036,,,,,,,,,,FO,,,,,,,1458172800.0,1458225000.0,,,,5.0,Cash,,1,1,1801.0,65,0.0,2005.0,5.0,1,1,1,0,0,1,0,1000000000000.0,1,0,1801
58033,XX,nse_fo,OPTIDX,NIFTY,NIFTY2631726600CE,CE,NIFTY17MAR2626600.00CE,,26000,,,,,,5,65,1458225000,-1,2,2660000.0,NSE,OPTIDX,1458225000,1455235200,1458225000,1455235200,0,0,0,0,0,,0,0,1457888468,,,,,,,,,,FO,,,,,,,1458172800.0,1458225000.0,,,,85.0,Cash,,0,1,1801.0,65,281645.0,2085.0,5.0,1,1,1,0,0,1,0,1000000000000.0,1,0,1801
57960,XX,nse_fo,OPTIDX,NIFTY,NIFTY2631725900PE,PE,NIFTY17MAR2625900.00PE,,26000,,,,,,5,65,1458225000,-1,2,2590000.0,NSE,OPTIDX,1458225000,1455235200,1458225000,1455235200,0,0,0,0,0,,0,0,1457888468,,,,,,,,,,FO,,,,,,,1458172800.0,1458225000.0,,,,275430.0,Cash,,0,1,1801.0,65,34320.0,330360.0,220500.0,1,1,1,0,0,1,0,1000000000000.0,1,0,1801
57535,XX,nse_fo,OPTIDX,NIFTY,NIFTY2631720750PE,PE,NIFTY17MAR2620750.00PE,,26000,,,,,,5,65,1458225000,-1,2,2075000.0,NSE,OPTIDX,1458225000,1455235200,1458225000,1455235200,0,0,0,0,0,,0,0,1457887036,,,,,,,,,,FO,,,,,,,1458172800.0,1458225000.0,,,,5.0,Cash,,1,1,1801.0,65,0.0,2005.0,5.0,1,1,1,0,0,1,0,1000000000000.0,1,0,1801
58006,XX,nse_fo,OPTIDX,NIFTY,NIFTY2631726400PE,PE,NIFTY17MAR2626400.00PE,,26000,,,,,,5,65,1458225000,-1,2,2640000.0,NSE,OPTIDX,1458225000,1455235200,1458225000,1455235200,0,0,0,0,0,,0,0,1457888468,,,,,,,,,,FO,,,,,,,1458172800.0,1458225000.0,,,,322000.0,Cash,,0,1,1801.0,65,11375.0,376930.0,267070.0,1,1,1,0,0,1,0,1000000000000.0,1,0,1801
58272,XX,nse_fo,OPTIDX,NIFTY,NIFTY2631729900PE,PE,NIFTY17MAR2629900.00PE,,26000,,,,,,5,65,1458225000,-1,2,2990000.0,NSE,OPTIDX,1458225000,1455235200,1458225000,1455235200,0,0,0,0,0,,0,0,1457888468,,,,,,,,,,FO,,,,,,,1458172800.0,1458225000.0,,,,672615.0,Cash,,1,1,1801.0,65,0.0,727545.0,617685.0,1,1,1,0,0,1,0,1000000000000.0,1,0,1801
57958,XX,nse_fo,OPTIDX,NIFTY,NIFTY2631725850PE,PE,NIFTY17MAR2625850.00PE,,26000,,,,,,5,65,1458225000,-1,2,2585000.0,NSE,OPTIDX,1458225000,1455235200,1458225000,1455235200,0,0,0,0,0,,0,0,1457888468,,,,,,,,,,FO,,,,,,,1458172800.0,1458225000.0,,,,249730.0,Cash,,0,1,1801.0,65,6110.0,304660.0,194800.0,1,1,1,0,0,1,0,1000000000000.0,1,0,1801
57764,XX,nse_fo,OPTIDX,NIFTY,NIFTY2631723700CE,CE,NIFTY17MAR2623700.00CE,,26000,,,,,,5,65,1458225000,-1,2,2370000.0,NSE,OPTIDX,1458225000,1455235200,1458225000,1455235200,0,0,0,0,0,,0,0,1457888468,,,,,,,,,,FO,,,,,,,1458172800.0,1458225000.0,,,,5815.0,Cash,,0,1,1801.0,65,4680320.0,7815.0,3815.0,1,1,1,0,0,1,0,1000000000000.0,1,0,1801
57915,XX,nse_fo,OPTIDX,NIFTY,NIFTY2631725550PE,PE,NIFTY17MAR2625550.00PE,,26000,,,,,,5,65,1458225000,-1,2,2555000.0,NSE,OPTIDX,1458225000,1455235200,1458225000,1455235200,0,0,0,0,0,,0,0,1457888468,,,,,,,,,,FO,,,,,,,1458172800.0,1458225000.0,,,,239955.0,Cash,,0,1,1801.0,65,31590.0,294885.0,185025.0,1,1,1,0,0,1,0,1000000000000.0,1,0,1801
60551,XX,nse_fo,OPTIDX,NIFTY,NIFTY2631720250PE,PE,NIFTY17MAR2620250.00PE,,26000,,,,,,5,65,1458225000,-1,2,2025000.0,NSE,OPTIDX,1458225000,1455667200,1458225000,1455667200,0,0,0,0,0,,0,0,1457887037,,,,,,,,,,FO,,,,,,,1458172800.0,1458225000.0,,,,5.0,Cash,,1,1,1801.0,65,0.0,2005.0,5.0,1,1,1,0,0,1,0,1000000000000.0,1,0,1801
58043,XX,nse_fo,OPTIDX,NIFTY,NIFTY2631726700CE,CE,NIFTY17MAR2626700.00CE,,26000,,,,,,5,65,1458225000,-1,2,2670000.0,NSE,OPTIDX,1458225000,1455235200,1458225000,1455235200,0,0,0,0,0,,0,0,1457888468,,,,,,,,,,FO,,,,,,,1458172800.0,1458225000.0,,,,85.0,Cash,,0,1,1801.0,65,280410.0,2085.0,5.0,1,1,1,0,0,1,0,1000000000000.0,1,0,1801
60518,XX,nse_fo,OPTIDX,NIFTY,NIFTY2631720200CE,CE,NIFTY17MAR2620200.00CE,,26000,,,,,,5,65,1458225000,-1,2,2020000.0,NSE,OPTIDX,1458225000,1455667200,1458225000,1455667200,0,0,0,0,0,,0,0,1457888468,,,,,,,,,,FO,,,,,,,1458172800.0,1458225000.0,,,,295880.0,Cash,,1,1,1801.0,65,0.0,350810.0,240950.0,1,1,1,0,0,1,0,1000000000000.0,1,0,1801
57914,XX,nse_fo,OPTIDX,NIFTY,NIFTY2631725550CE,CE,NIFTY17MAR2625550.00CE,,26000,,,,,,5,65,1458225000,-1,2,2555000.0,NSE,OPTIDX,1458225000,1455235200,1458225000,1455235200,0,0,0,0,0,,0,0,1457888468,,,,,,,,,,FO,,,,,,,1458172800.0,1458225000.0,,,,170.0,Cash,,0,1,1801.0,65,556205.0,2170.0,5.0,1,1,1,0,0,1,0,1000000000000.0,1,0,1801
58279,XX,nse_fo,OPTIDX,NIFTY,NIFTY2631730100CE,CE,NIFTY17MAR2630100.00CE,,26000,,,,,,5,65,1458225000,-1,2,3010000.0,NSE,OPTIDX,1458225000,1455235200,1458225000,1455235200,0,0,0,0,0,,0,0,1457887036,,,,,,,,,,FO,,,,,,,1458172800.0,1458225000.0,,,,5.0,Cash,,1,1,1801.0,65,0.0,2005.0,5.0,1,1,1,0,0,1,0,1000000000000.0,1,0,1801
58322,XX,nse_fo,OPTIDX,NIFTY,NIFTY2631731150PE,PE,NIFTY17MAR2631150.00PE,,26000,,,,,,5,65,1458225000,-1,2,3115000.0,NSE,OPTIDX,1458225000,1455235200,1458225000,1455235200,0,0,0,0,0,,0,0,1457888468,,,,,,,,,,FO,,,,,,,1458172800.0,1458225000.0,,,,797520.0,Cash,,1,1,1801.0,65,0.0,852450.0,742590.0,1,1,1,0,0,1,0,1000000000000.0,1,0,1801
57545,XX,nse_fo,OPTIDX,NIFTY,NIFTY2631720950CE,CE,NIFTY17MAR2620950.00CE,,26000,,,,,,5,65,1458225000,-1,2,2095000.0,NSE,OPTIDX,1458225000,1455235200,1458225000,1455235200,0,0,0,0,0,,0,0,1457888468,,,,,,,,,,FO,,,,,,,1458172800.0,1458225000.0,,,,220910.0,Cash,,0,1,1801.0,65,0.0,275840.0,165980.0,1,1,1,0,0,1,0,1000000000000.0,1,0,1801
57906,XX,nse_fo,OPTIDX,NIFTY,NIFTY2631725350PE,PE,NIFTY17MAR2625350.00PE,,26000,,,,,,5,65,1458225000,-1,2,2535000.0,NSE,OPTIDX,1458225000,1455235200,1458225000,1455235200,0,0,0,0,0,,0,0,1457888468,,,,,,,,,,FO,,,,,,,1458172800.0,1458225000.0,,,,213500.0,Cash,,0,1,1801.0,65,12025.0,268430.0,158570.0,1,1,1,0,0,1,0,1000000000000.0,1,0,1801
57907,XX,nse_fo,OPTIDX,NIFTY,NIFTY2631725400CE,CE,NIFTY17MAR2625400.00CE,,26000,,,,,,5,65,1458225000,-1,2,2540000.0,NSE,OPTIDX,1458225000,1455235200,1458225000,1455235200,0,0,0,0,0,,0,0,1457888468,,,,,,,,,,FO,,,,,,,1458172800.0,1458225000.0,,,,195.0,Cash,,0,1,1801.0,65,1899170.0,2195.0,5.0,1,1,1,0,0,1,0,1000000000000.0,1,0,1801
43729,XX,nse_fo,OPTIDX,NIFTY,NIFTY2631719450CE,CE,NIFTY17MAR2619450.00CE,,26000,,,,,,5,65,1458225000,-1,2,1945000.0,NSE,OPTIDX,1458225000,1457136000,1458225000,1457136000,0,0,0,0,0,,0,0,1457888468,,,,,,,,,,FO,,,,,,,1458172800.0,1458225000.0,,,,370855.0,Cash,,1,1,1801.0,65,0.0,425785.0,315925.0,1,1,1,0,0,1,0,1000000000000.0,1,0,1801
48527,XX,nse_fo,OPTIDX,NIFTY,NIFTY2631719200PE,PE,NIFTY17MAR2619200.00PE,,26000,,,,,,5,65,1458225000,-1,2,1920000.0,NSE,OPTIDX,1458225000,1457481600,1458225000,1457481600,0,0,0,0,0,,0,0,1457887034,,,,,,,,,,FO,,,,,,,1458172800.0,1458225000.0,,,,5.0,Cash,,1,1,1801.0,65,0.0,2005.0,5.0,1,1,1,0,0,1,0,1000000000000.0,1,0,1801
58041,XX,nse_fo,OPTIDX,NIFTY,NIFTY2631726650CE,CE,NIFTY17MAR2626650.00CE,,26000,,,,,,5,65,1458225000,-1,2,2665000.0,NSE,OPTIDX,1458225000,1455235200,1458225000,1455235200,0,0,0,0,0,,0,0,1457888468,,,,,,,,,,FO,,,,,,,1458172800.0,1458225000.0,,,,95.0,Cash,,0,1,1801.0,65,129935.0,2095.0,5.0,1,1,1,0,0,1,0,1000000000000.0,1,0,1801
57774,XX,nse_fo,OPTIDX,NIFTY,NIFTY2631723800CE,CE,NIFTY17MAR2623800.00CE,,26000,,,,,,5,65,1458225000,-1,2,2380000.0,NSE,OPTIDX,1458225000,1455235200,1458225000,1455235200,0,0,0,0,0,,0,0,1457888468,,,,,,,,,,FO,,,,,,,1458172800.0,1458225000.0,,,,4430.0,Cash,,0,1,1801.0,65,4286420.0,6430.0,2430.0,1,1,1,0,0,1,0,1000000000000.0,1,0,1801
59389,XX,nse_fo,OPTIDX,NIFTY,NIFTY2631718050CE,CE,NIFTY17MAR2618050.00CE,,26000,,,,,,5,65,1458225000,-1,2,1805000.0,NSE,OPTIDX,1458225000,1458086400,1458225000,1458086400,0,0,0,0,0,,0,0,1457888468,,,,,,,,,,FO,,,,,,,1458172800.0,1458225000.0,,,,510800.0,Cash,,1,1,1801.0,65,0.0,565730.0,455870.0,1,1,1,0,0,1,0,1000000000000.0,1,0,1801
57992,XX,nse_fo,OPTIDX,NIFTY,NIFTY2631726150PE,PE,NIFTY17MAR2626150.00PE,,26000,,,,,,5,65,1458225000,-1,2,2615000.0,NSE,OPTIDX,1458225000,1455235200,1458225000,1455235200,0,0,0,0,0,,0,0,1457888468,,,,,,,,,,FO,,,,,,,1458172800.0,1458225000.0,,,,298895.0,Cash,,0,1,1801.0,65,455.0,353825.0,243965.0,1,1,1,0,0,1,0,1000000000000.0,1,0,1801
57796,XX,nse_fo,OPTIDX,NIFTY,NIFTY2631724000PE,PE,NIFTY17MAR2624000.00PE,,26000,,,,,,5,65,1458225000,-1,2,2400000.0,NSE,OPTIDX,1458225000,1455235200,1458225000,1455235200,0,0,0,0,0,,0,0,1457888468,,,,,,,,,,FO,,,,,,,1458172800.0,1458225000.0,,,,87005.0,Cash,,0,1,1801.0,65,1169870.0,141900.0,32110.0,1,1,1,0,0,1,0,1000000000000.0,1,0,1801
57847,XX,nse_fo,OPTIDX,NIFTY,NIFTY2631724500CE,CE,NIFTY17MAR2624500.00CE,,26000,,,,,,5,65,1458225000,-1,2,2450000.0,NSE,OPTIDX,1458225000,1455235200,1458225000,1455235200,0,0,0,0,0,,0,0,1457888468,,,,,,,,,,FO,,,,,,,1458172800.0,1458225000.0,,,,905.0,Cash,,0,1,1801.0,65,7486240.0,2905.0,5.0,1,1,1,0,0,1,0,1000000000000.0,1,0,1801
58290,XX,nse_fo,OPTIDX,NIFTY,NIFTY2631730350PE,PE,NIFTY17MAR2630350.00PE,,26000,,,,,,5,65,1458225000,-1,2,3035000.0,NSE,OPTIDX,1458225000,1455235200,1458225000,1455235200,0,0,0,0,0,,0,0,1457888468,,,,,,,,,,FO,,,,,,,1458172800.0,1458225000.0,,,,717580.0,Cash,,1,1,1801.0,65,0.0,772510.0,662650.0,1,1,1,0,0,1,0,1000000000000.0,1,0,1801
57584,XX,nse_fo,OPTIDX,NIFTY,NIFTY2631721350CE,CE,NIFTY17MAR2621350.00CE,,26000,,,,,,5,65,1458225000,-1,2,2135000.0,NSE,OPTIDX,1458225000,1455235200,1458225000,1455235200,0,0,0,0,0,,0,0,1457888468,,,,,,,,,,FO,,,,,,,1458172800.0,1458225000.0,,,,180925.0,Cash,,0,1,1801.0,65,0.0,235850.0,126000.0,1,1,1,0,0,1,0,1000000000000.0,1,0,1801
58183,XX,nse_fo,OPTIDX,NIFTY,NIFTY2631727900PE,PE,NIFTY17MAR2627900.00PE,,26000,,,,,,5,65,1458225000,-1,2,2790000.0,NSE,OPTIDX,1458225000,1455235200,1458225000,1455235200,0,0,0,0,0,,0,0,1457888468,,,,,,,,,,FO,,,,,,,1458172800.0,1458225000.0,,,,473830.0,Cash,,1,1,1801.0,65,0.0,528760.0,418900.0,1,1,1,0,0,1,0,1000000000000.0,1,0,1801
57818,XX,nse_fo,OPTIDX,NIFTY,NIFTY2631724300PE,PE,NIFTY17MAR2624300.00PE,,26000,,,,,,5,65,1458225000,-1,2,2430000.0,NSE,OPTIDX,1458225000,1455235200,1458225000,1455235200,0,0,0,0,0,,0,0,1457888468,,,,,,,,,,FO,,,,,,,1458172800.0,1458225000.0,,,,115360.0,Cash,,0,1,1801.0,65,1049160.0,170290.0,60430.0,1,1,1,0,0,1,0,1000000000000.0,1,0,1801
58195,XX,nse_fo,OPTIDX,NIFTY,NIFTY2631728100CE,CE,NIFTY17MAR2628100.00CE,,26000,,,,,,5,65,1458225000,-1,2,2810000.0,NSE,OPTIDX,1458225000,1455235200,1458225000,1455235200,0,0,0,0,0,,0,0,1457887036,,,,,,,,,,FO,,,,,,,1458172800.0,1458225000.0,,,,5.0,Cash,,1,1,1801.0,65,0.0,2005.0,5.0,1,1,1,0,0,1,0,1000000000000.0,1,0,1801
43719,XX,nse_fo,OPTIDX,NIFTY,NIFTY2631719250CE,CE,NIFTY17MAR2619250.00CE,,26000,,,,,,5,65,1458225000,-1,2,1925000.0,NSE,OPTIDX,1458225000,1457136000,1458225000,1457136000,0,0,0,0,0,,0,0,1457888468,,,,,,,,,,FO,,,,,,,1458172800.0,1458225000.0,,,,390845.0,Cash,,1,1,1801.0,65,0.0,445775.0,335915.0,1,1,1,0,0,1,0,1000000000000.0,1,0,1801
58274,XX,nse_fo,OPTIDX,NIFTY,NIFTY2631729950PE,PE,NIFTY17MAR2629950.00PE,,26000,,,,,,5,65,1458225000,-1,2,2995000.0,NSE,OPTIDX,1458225000,1455235200,1458225000,1455235200,0,0,0,0,0,,0,0,1457888468,,,,,,,,,,FO,,,,,,,1458172800.0,1458225000.0,,,,677610.0,Cash,,1,1,1801.0,65,0.0,732540.0,622680.0,1,1,1,0,0,1,0,1000000000000.0,1,0,1801
57749,XX,nse_fo,OPTIDX,NIFTY,NIFTY2631723550CE,CE,NIFTY17MAR2623550.00CE,,26000,,,,,,5,65,1458225000,-1,2,2355000.0,NSE,OPTIDX,1458225000,1455235200,1458225000,1455235200,0,0,0,0,0,,0,0,1457888468,,,,,,,,,,FO,,,,,,,1458172800.0,1458225000.0,,,,8990.0,Cash,,0,1,1801.0,65,1298570.0,12745.0,5235.0,1,1,1,0,0,1,0,1000000000000.0,1,0,1801
57813,XX,nse_fo,OPTIDX,NIFTY,NIFTY2631724200PE,PE,NIFTY17MAR2624200.00PE,,26000,,,,,,5,65,1458225000,-1,2,2420000.0,NSE,OPTIDX,1458225000,1455235200,1458225000,1455235200,0,0,0,0,0,,0,0,1457888468,,,,,,,,,,FO,,,,,,,1458172800.0,1458225000.0,,,,106285.0,Cash,,0,1,1801.0,65,799305.0,161215.0,51355.0,1,1,1,0,0,1,0,1000000000000.0,1,0,1801
57641,XX,nse_fo,OPTIDX,NIFTY,NIFTY2631722050PE,PE,NIFTY17MAR2622050.00PE,,26000,,,,,,5,65,1458225000,-1,2,2205000.0,NSE,OPTIDX,1458225000,1455235200,1458225000,1455235200,0,0,0,0,0,,0,0,1457888468,,,,,,,,,,FO,,,,,,,1458172800.0,1458225000.0,,,,2380.0,Cash,,0,1,1801.0,65,464685.0,4380.0,380.0,1,1,1,0,0,1,0,1000000000000.0,1,0,1801
43716,XX,nse_fo,OPTIDX,NIFTY,NIFTY2631718700PE,PE,NIFTY17MAR2618700.00PE,,26000,,,,,,5,65,1458225000,-1,2,1870000.0,NSE,OPTIDX,1458225000,1457740800,1458225000,1457740800,0,0,0,0,0,,0,0,1457887033,,,,,,,,,,FO,,,,,,,1458172800.0,1458225000.0,,,,5.0,Cash,,1,1,1801.0,65,0.0,2005.0,5.0,1,1,1,0,0,1,0,1000000000000.0,1,0,1801
58190,XX,nse_fo,OPTIDX,NIFTY,NIFTY2631728050PE,PE,NIFTY17MAR2628050.00PE,,26000,,,,,,5,65,1458225000,-1,2,2805000.0,NSE,OPTIDX,1458225000,1455235200,1458225000,1455235200,0,0,0,0,0,,0,0,1457888468,,,,,,,,,,FO,,,,,,,1458172800.0,1458225000.0,,,,488825.0,Cash,,1,1,1801.0,65,0.0,543755.0,433895.0,1,1,1,0,0,1,0,1000000000000.0,1,0,1801
57625,XX,nse_fo,OPTIDX,NIFTY,NIFTY2631721850PE,PE,NIFTY17MAR2621850.00PE,,26000,,,,,,5,65,1458225000,-1,2,2185000.0,NSE,OPTIDX,1458225000,1455235200,1458225000,1455235200,0,0,0,0,0,,0,0,1457888468,,,,,,,,,,FO,,,,,,,1458172800.0,1458225000.0,,,,1670.0,Cash,,0,1,1801.0,65,264095.0,3670.0,5.0,1,1,1,0,0,1,0,1000000000000.0,1,0,1801
57668,XX,nse_fo,OPTIDX,NIFTY,NIFTY2631722450PE,PE,NIFTY17MAR2622450.00PE,,26000,,,,,,5,65,1458225000,-1,2,2245000.0,NSE,OPTIDX,1458225000,1455235200,1458225000,1455235200,0,0,0,0,0,,0,0,1457888468,,,,,,,,,,FO,,,,,,,1458172800.0,1458225000.0,,,,5455.0,Cash,,0,1,1801.0,65,508430.0,7455.0,3455.0,1,1,1,0,0,1,0,1000000000000.0,1,0,1801
57699,XX,nse_fo,OPTIDX,NIFTY,NIFTY2631723050CE,CE,NIFTY17MAR2623050.00CE,,26000,,,,,,5,65,1458225000,-1,2,2305000.0,NSE,OPTIDX,1458225000,1455235200,1458225000,1455235200,0,0,0,0,0,,0,0,1457888468,,,,,,,,,,FO,,,,,,,1458172800.0,1458225000.0,,,,30230.0,Cash,,0,1,1801.0,65,211510.0,66855.0,5.0,1,1,1,0,0,1,0,1000000000000.0,1,0,1801
40509,XX,nse_fo,OPTIDX,NIFTY,NIFTY2631719900PE,PE,NIFTY17MAR2619900.00PE,,26000,,,,,,5,65,1458225000,-1,2,1990000.0,NSE,OPTIDX,1458225000,1457049600,1458225000,1457049600,0,0,0,0,0,,0,0,1457887033,,,,,,,,,,FO,,,,,,,1458172800.0,1458225000.0,,,,5.0,Cash,,1,1,1801.0,65,0.0,2005.0,5.0,1,1,1,0,0,1,0,1000000000000.0,1,0,1801
57768,XX,nse_fo,OPTIDX,NIFTY,NIFTY2631723700PE,PE,NIFTY17MAR2623700.00PE,,26000,,,,,,5,65,1458225000,-1,2,2370000.0,NSE,OPTIDX,1458225000,1455235200,1458225000,1455235200,0,0,0,0,0,,0,0,1457888468,,,,,,,,,,FO,,,,,,,1458172800.0,1458225000.0,,,,60330.0,Cash,,0,1,1801.0,65,1255150.0,114175.0,6485.0,1,1,1,0,0,1,0,1000000000000.0,1,0,1801
57981,XX,nse_fo,OPTIDX,NIFTY,NIFTY2631726100CE,CE,NIFTY17MAR2626100.00CE,,26000,,,,,,5,65,1458225000,-1,2,2610000.0,NSE,OPTIDX,1458225000,1455235200,1458225000,1455235200,0,0,0,0,0,,0,0,1457888468,,,,,,,,,,FO,,,,,,,1458172800.0,1458225000.0,,,,110.0,Cash,,0,1,1801.0,65,1318720.0,2110.0,5.0,1,1,1,0,0,1,0,1000000000000.0,1,0,1801
57547,XX,nse_fo,OPTIDX,NIFTY,NIFTY2631721000CE,CE,NIFTY17MAR2621000.00CE,,26000,,,,,,5,65,1458225000,-1,2,2100000.0,NSE,OPTIDX,1458225000,1455235200,1458225000,1455235200,0,0,0,0,0,,0,0,1457888468,,,,,,,,,,FO,,,,,,,1458172800.0,1458225000.0,,,,215910.0,Cash,,0,1,1801.0,65,0.0,270840.0,160980.0,1,1,1,0,0,1,0,1000000000000.0,1,0,1801
57581,XX,nse_fo,OPTIDX,NIFTY,NIFTY2631721250PE,PE,NIFTY17MAR2621250.00PE,,26000,,,,,,5,65,1458225000,-1,2,2125000.0,NSE,OPTIDX,1458225000,1455235200,1458225000,1455235200,0,0,0,0,0,,0,0,1457888468,,,,,,,,,,FO,,,,,,,1458172800.0,1458225000.0,,,,770.0,Cash,,0,1,1801.0,65,36660.0,2770.0,5.0,1,1,1,0,0,1,0,1000000000000.0,1,0,1801
57683,XX,nse_fo,OPTIDX,NIFTY,NIFTY2631722800CE,CE,NIFTY17MAR2622800.00CE,,26000,,,,,,5,65,1458225000,-1,2,2280000.0,NSE,OPTIDX,1458225000,1455235200,1458225000,1455235200,0,0,0,0,0,,0,0,1457888468,,,,,,,,,,FO,,,,,,,1458172800.0,1458225000.0,,,,47225.0,Cash,,0,1,1801.0,65,146965.0,97775.0,5.0,1,1,1,0,0,1,0,1000000000000.0,1,0,1801
56830,XX,nse_fo,OPTIDX,NIFTY,NIFTY2631718400PE,PE,NIFTY17MAR2618400.00PE,,26000,,,,,,5,65,1458225000,-1,2,1840000.0,NSE,OPTIDX,1458225000,1457827200,1458225000,1457827200,0,0,0,0,0,,0,0,1457887036,,,,,,,,,,FO,,,,,,,1458172800.0,1458225000.0,,,,5.0,Cash,,1,1,1801.0,65,0.0,2005.0,5.0,1,1,1,0,0,1,0,1000000000000.0,1,0,1801
57554,XX,nse_fo,OPTIDX,NIFTY,NIFTY2631721150CE,CE,NIFTY17MAR2621150.00CE,,26000,,,,,,5,65,1458225000,-1,2,2115000.0,NSE,OPTIDX,1458225000,1455235200,1458225000,1455235200,0,0,0,0,0,,0,0,1457888468,,,,,,,,,,FO,,,,,,,1458172800.0,1458225000.0,,,,200915.0,Cash,,0,1,1801.0,65,0.0,255840.0,145990.0,1,1,1,0,0,1,0,1000000000000.0,1,0,1801
58238,XX,nse_fo,OPTIDX,NIFTY,NIFTY2631729050PE,PE,NIFTY17MAR2629050.00PE,,26000,,,,,,5,65,1458225000,-1,2,2905000.0,NSE,OPTIDX,1458225000,1455235200,1458225000,1455235200,0,0,0,0,0,,0,0,1457888468,,,,,,,,,,FO,,,,,,,1458172800.0,1458225000.0,,,,587680.0,Cash,,1,1,1801.0,65,0.0,642610.0,532750.0,1,1,1,0,0,1,0,1000000000000.0,1,0,1801
57837,XX,nse_fo,OPTIDX,NIFTY,NIFTY2631724450CE,CE,NIFTY17MAR2624450.00CE,,26000,,,,,,5,65,1458225000,-1,2,2445000.0,NSE,OPTIDX,1458225000,1455235200,1458225000,1455235200,0,0,0,0,0,,0,0,1457888468,,,,,,,,,,FO,,,,,,,1458172800.0,1458225000.0,,,,1010.0,Cash,,0,1,1801.0,65,1609600.0,3010.0,5.0,1,1,1,0,0,1,0,1000000000000.0,1,0,1801
57650,XX,nse_fo,OPTIDX,NIFTY,NIFTY2631722200CE,CE,NIFTY17MAR2622200.00CE,,26000,,,,,,5,65,1458225000,-1,2,2220000.0,NSE,OPTIDX,1458225000,1455235200,1458225000,1455235200,0,0,0,0,0,,0,0,1457888468,,,,,,,,,,FO,,,,,,,1458172800.0,1458225000.0,,,,97725.0,Cash,,0,1,1801.0,65,1885.0,152650.0,42800.0,1,1,1,0,0,1,0,1000000000000.0,1,0,1801
58226,XX,nse_fo,OPTIDX,NIFTY,NIFTY2631728750PE,PE,NIFTY17MAR2628750.00PE,,26000,,,,,,5,65,1458225000,-1,2,2875000.0,NSE,OPTIDX,1458225000,1455235200,1458225000,1455235200,0,0,0,0,0,,0,0,1457888468,,,,,,,,,,FO,,,,,,,1458172800.0,1458225000.0,,,,557705.0,Cash,,1,1,1801.0,65,0.0,612635.0,502775.0,1,1,1,0,0,1,0,1000000000000.0,1,0,1801
57712,XX,nse_fo,OPTIDX,NIFTY,NIFTY2631723250CE,CE,NIFTY17MAR2623250.00CE,,26000,,,,,,5,65,1458225000,-1,2,2325000.0,NSE,OPTIDX,1458225000,1455235200,1458225000,1455235200,0,0,0,0,0,,0,0,1457888468,,,,,,,,,,FO,,,,,,,1458172800.0,1458225000.0,,,,19730.0,Cash,,0,1,1801.0,65,776100.0,39860.0,5.0,1,1,1,0,0,1,0,1000000000000.0,1,0,1801
57579,XX,nse_fo,OPTIDX,NIFTY,NIFTY2631721200PE,PE,NIFTY17MAR2621200.00PE,,26000,,,,,,5,65,1458225000,-1,2,2120000.0,NSE,OPTIDX,1458225000,1455235200,1458225000,1455235200,0,0,0,0,0,,0,0,1457888468,,,,,,,,,,FO,,,,,,,1458172800.0,1458225000.0,,,,730.0,Cash,,0,1,1801.0,65,350090.0,2730.0,5.0,1,1,1,0,0,1,0,1000000000000.0,1,0,1801
60552,XX,nse_fo,OPTIDX,NIFTY,NIFTY2631720300CE,CE,NIFTY17MAR2620300.00CE,,26000,,,,,,5,65,1458225000,-1,2,2030000.0,NSE,OPTIDX,1458225000,1455667200,1458225000,1455667200,0,0,0,0,0,,0,0,1457888468,,,,,,,,,,FO,,,,,,,1458172800.0,1458225000.0,,,,285885.0,Cash,,1,1,1801.0,65,0.0,340815.0,230955.0,1,1,1,0,0,1,0,1000000000000.0,1,0,1801
40484,XX,nse_fo,OPTIDX,NIFTY,NIFTY2631719600CE,CE,NIFTY17MAR2619600.00CE,,26000,,,,,,5,65,1458225000,-1,2,1960000.0,NSE,OPTIDX,1458225000,1457049600,1458225000,1457049600,0,0,0,0,0,,0,0,1457888468,,,,,,,,,,FO,,,,,,,1458172800.0,1458225000.0,,,,355860.0,Cash,,1,1,1801.0,65,0.0,410790.0,300930.0,1,1,1,0,0,1,0,1000000000000.0,1,0,1801
58307,XX,nse_fo,OPTIDX,NIFTY,NIFTY2631730800CE,CE,NIFTY17MAR2630800.00CE,,26000,,,,,,5,65,1458225000,-1,2,3080000.0,NSE,OPTIDX,1458225000,1455235200,1458225000,1455235200,0,0,0,0,0,,0,0,1457887036,,,,,,,,,,FO,,,,,,,1458172800.0,1458225000.0,,,,5.0,Cash,,1,1,1801.0,65,0.0,2005.0,5.0,1,1,1,0,0,1,0,1000000000000.0,1,0,1801
58155,XX,nse_fo,OPTIDX,NIFTY,NIFTY2631727550CE,CE,NIFTY17MAR2627550.00CE,,26000,,,,,,5,65,1458225000,-1,2,2755000.0,NSE,OPTIDX,1458225000,1455235200,1458225000,1455235200,0,0,0,0,0,,0,0,1457888468,,,,,,,,,,FO,,,,,,,1458172800.0,1458225000.0,,,,65.0,Cash,,0,1,1801.0,65,149825.0,2065.0,5.0,1,1,1,0,0,1,0,1000000000000.0,1,0,1801
58000,XX,nse_fo,OPTIDX,NIFTY,NIFTY2631726250PE,PE,NIFTY17MAR2626250.00PE,,26000,,,,,,5,65,1458225000,-1,2,2625000.0,NSE,OPTIDX,1458225000,1455235200,1458225000,1455235200,0,0,0,0,0,,0,0,1457888468,,,,,,,,,,FO,,,,,,,1458172800.0,1458225000.0,,,,308890.0,Cash,,0,1,1801.0,65,2730.0,363820.0,253960.0,1,1,1,0,0,1,0,1000000000000.0,1,0,1801
58197,XX,nse_fo,OPTIDX,NIFTY,NIFTY2631728150CE,CE,NIFTY17MAR2628150.00CE,,26000,,,,,,5,65,1458225000,-1,2,2815000.0,NSE,OPTIDX,1458225000,1455235200,1458225000,1455235200,0,0,0,0,0,,0,0,1457887036,,,,,,,,,,FO,,,,,,,1458172800.0,1458225000.0,,,,5.0,Cash,,1,1,1801.0,65,0.0,2005.0,5.0,1,1,1,0,0,1,0,1000000000000.0,1,0,1801
57874,XX,nse_fo,OPTIDX,NIFTY,NIFTY2631724750PE,PE,NIFTY17MAR2624750.00PE,,26000,,,,,,5,65,1458225000,-1,2,2475000.0,NSE,OPTIDX,1458225000,1455235200,1458225000,1455235200,0,0,0,0,0,,0,0,1457888468,,,,,,,,,,FO,,,,,,,1458172800.0,1458225000.0,,,,158495.0,Cash,,0,1,1801.0,65,58825.0,213425.0,103565.0,1,1,1,0,0,1,0,1000000000000.0,1,0,1801
58230,XX,nse_fo,OPTIDX,NIFTY,NIFTY2631728850PE,PE,NIFTY17MAR2628850.00PE,,26000,,,,,,5,65,1458225000,-1,2,2885000.0,NSE,OPTIDX,1458225000,1455235200,1458225000,1455235200,0,0,0,0,0,,0,0,1457888468,,,,,,,,,,FO,,,,,,,1458172800.0,1458225000.0,,,,567695.0,Cash,,1,1,1801.0,65,0.0,622625.0,512765.0,1,1,1,0,0,1,0,1000000000000.0,1,0,1801
57541,XX,nse_fo,OPTIDX,NIFTY,NIFTY2631720900CE,CE,NIFTY17MAR2620900.00CE,,26000,,,,,,5,65,1458225000,-1,2,2090000.0,NSE,OPTIDX,1458225000,1455235200,1458225000,1455235200,0,0,0,0,0,,0,0,1457888468,,,,,,,,,,FO,,,,,,,1458172800.0,1458225000.0,,,,225910.0,Cash,,1,1,1801.0,65,0.0,280840.0,170980.0,1,1,1,0,0,1,0,1000000000000.0,1,0,1801
57920,XX,nse_fo,OPTIDX,NIFTY,NIFTY2631725700CE,CE,NIFTY17MAR2625700.00CE,,26000,,,,,,5,65,1458225000,-1,2,2570000.0,NSE,OPTIDX,1458225000,1455235200,1458225000,1455235200,0,0,0,0,0,,0,0,1457887036,,,,,,,,,,FO,,,,,,,1458172800.0,1458225000.0,,,,155.0,Cash,,0,1,1801.0,65,1443320.0,2155.0,5.0,1,1,1,0,0,1,0,1000000000000.0,1,0,1801
56833,XX,nse_fo,OPTIDX,NIFTY,NIFTY2631718500CE,CE,NIFTY17MAR2618500.00CE,,26000,,,,,,5,65,1458225000,-1,2,1850000.0,NSE,OPTIDX,1458225000,1457827200,1458225000,1457827200,0,0,0,0,0,,0,0,1457888468,,,,,,,,,,FO,,,,,,,1458172800.0,1458225000.0,,,,465815.0,Cash,,1,1,1801.0,65,0.0,520745.0,410885.0,1,1,1,0,0,1,0,1000000000000.0,1,0,1801
57889,XX,nse_fo,OPTIDX,NIFTY,NIFTY2631725100PE,PE,NIFTY17MAR2625100.00PE,,26000,,,,,,5,65,1458225000,-1,2,2510000.0,NSE,OPTIDX,1458225000,1455235200,1458225000,1455235200,0,0,0,0,0,,0,0,1457888468,,,,,,,,,,FO,,,,,,,1458172800.0,1458225000.0,,,,194945.0,Cash,,0,1,1801.0,65,83655.0,249875.0,140015.0,1,1,1,0,0,1,0,1000000000000.0,1,0,1801
58216,XX,nse_fo,OPTIDX,NIFTY,NIFTY2631728600CE,CE,NIFTY17MAR2628600.00CE,,26000,,,,,,5,65,1458225000,-1,2,2860000.0,NSE,OPTIDX,1458225000,1455235200,1458225000,1455235200,0,0,0,0,0,,0,0,1457887036,,,,,,,,,,FO,,,,,,,1458172800.0,1458225000.0,,,,5.0,Cash,,1,1,1801.0,65,0.0,2005.0,5.0,1,1,1,0,0,1,0,1000000000000.0,1,0,1801
58040,XX,nse_fo,OPTIDX,NIFTY,NIFTY2631726600PE,PE,NIFTY17MAR2626600.00PE,,26000,,,,,,5,65,1458225000,-1,2,2660000.0,NSE,OPTIDX,1458225000,1455235200,1458225000,1455235200,0,0,0,0,0,,0,0,1457888468,,,,,,,,,,FO,,,,,,,1458172800.0,1458225000.0,,,,344000.0,Cash,,0,1,1801.0,65,4940.0,398930.0,289070.0,1,1,1,0,0,1,0,1000000000000.0,1,0,1801
40490,XX,nse_fo,OPTIDX,NIFTY,NIFTY2631719650CE,CE,NIFTY17MAR2619650.00CE,,26000,,,,,,5,65,1458225000,-1,2,1965000.0,NSE,OPTIDX,1458225000,1457049600,1458225000,1457049600,0,0,0,0,0,,0,0,1457888468,,,,,,,,,,FO,,,,,,,1458172800.0,1458225000.0,,,,350860.0,Cash,,1,1,1801.0,65,0.0,405790.0,295930.0,1,1,1,0,0,1,0,1000000000000.0,1,0,1801
40491,XX,nse_fo,OPTIDX,NIFTY,NIFTY2631719650PE,PE,NIFTY17MAR2619650.00PE,,26000,,,,,,5,65,1458225000,-1,2,1965000.0,NSE,OPTIDX,1458225000,1457049600,1458225000,1457049600,0,0,0,0,0,,0,0,1457887033,,,,,,,,,,FO,,,,,,,1458172800.0,1458225000.0,,,,5.0,Cash,,1,1,1801.0,65,0.0,2005.0,5.0,1,1,1,0,0,1,0,1000000000000.0,1,0,1801
57735,XX,nse_fo,OPTIDX,NIFTY,NIFTY2631723400CE,CE,NIFTY17MAR2623400.00CE,,26000,,,,,,5,65,1458225000,-1,2,2340000.0,NSE,OPTIDX,1458225000,1455235200,1458225000,1455235200,0,0,0,0,0,,0,0,1457888468,,,,,,,,,,FO,,,,,,,1458172800.0,1458225000.0,,,,13525.0,Cash,,0,1,1801.0,65,2513550.0,23390.0,3660.0,1,1,1,0,0,1,0,1000000000000.0,1,0,1801
57913,XX,nse_fo,OPTIDX,NIFTY,NIFTY2631725500PE,PE,NIFTY17MAR2625500.00PE,,26000,,,,,,5,65,1458225000,-1,2,2550000.0,NSE,OPTIDX,1458225000,1455235200,1458225000,1455235200,0,0,0,0,0,,0,0,1457888468,,,,,,,,,,FO,,,,,,,1458172800.0,1458225000.0,,,,235140.0,Cash,,0,1,1801.0,65,662285.0,290070.0,180210.0,1,1,1,0,0,1,0,1000000000000.0,1,0,1801
57734,XX,nse_fo,OPTIDX,NIFTY,NIFTY2631723350PE,PE,NIFTY17MAR2623350.00PE,,26000,,,,,,5,65,1458225000,-1,2,2335000.0,NSE,OPTIDX,1458225000,1455235200,1458225000,1455235200,0,0,0,0,0,,0,0,1457888468,,,,,,,,,,FO,,,,,,,1458172800.0,1458225000.0,,,,34930.0,Cash,,0,1,1801.0,65,699660.0,77005.0,5.0,1,1,1,0,0,1,0,1000000000000.0,1,0,1801
58302,XX,nse_fo,OPTIDX,NIFTY,NIFTY2631730650PE,PE,NIFTY17MAR2630650.00PE,,26000,,,,,,5,65,1458225000,-1,2,3065000.0,NSE,OPTIDX,1458225000,1455235200,1458225000,1455235200,0,0,0,0,0,,0,0,1457888468,,,,,,,,,,FO,,,,,,,1458172800.0,1458225000.0,,,,747560.0,Cash,,1,1,1801.0,65,0.0,802490.0,692630.0,1,1,1,0,0,1,0,1000000000000.0,1,0,1801
71651,XX,nse_fo,OPTIDX,NIFTY,NIFTY2631720150PE,PE,NIFTY17MAR2620150.00PE,,26000,,,,,,5,65,1458225000,-1,2,2015000.0,NSE,OPTIDX,1458225000,1456444800,1458225000,1456444800,0,0,0,0,0,,0,0,1457887038,,,,,,,,,,FO,,,,,,,1458172800.0,1458225000.0,,,,5.0,Cash,,1,1,1801.0,65,0.0,2005.0,5.0,1,1,1,0,0,1,0,1000000000000.0,1,0,1801
57756,XX,nse_fo,OPTIDX,NIFTY,NIFTY2631723600PE,PE,NIFTY17MAR2623600.00PE,,26000,,,,,,5,65,1458225000,-1,2,2360000.0,NSE,OPTIDX,1458225000,1455235200,1458225000,1455235200,0,0,0,0,0,,0,0,1457888468,,,,,,,,,,FO,,,,,,,1458172800.0,1458225000.0,,,,52245.0,Cash,,0,1,1801.0,65,1211020.0,104615.0,5.0,1,1,1,0,0,1,0,1000000000000.0,1,0,1801
58213,XX,nse_fo,OPTIDX,NIFTY,NIFTY2631728500PE,PE,NIFTY17MAR2628500.00PE,,26000,,,,,,5,65,1458225000,-1,2,2850000.0,NSE,OPTIDX,1458225000,1455235200,1458225000,1455235200,0,0,0,0,0,,0,0,1457888468,,,,,,,,,,FO,,,,,,,1458172800.0,1458225000.0,,,,532720.0,Cash,,1,1,1801.0,65,0.0,587650.0,477790.0,1,1,1,0,0,1,0,1000000000000.0,1,0,1801
